girl1_cobra059_flipped.jpg,169.0,61.0,0.7445816,176.0,52.0,0.64270866,159.0,51.0,0.65289533,182.0,56.0,0.39205256,137.0,53.0,0.7182569,181.0,100.0,0.8464972,110.0,99.0,0.54524267,177.0,144.0,0.48459634,84.0,143.0,0.64105076,214.0,120.0,0.5486574,25.0,139.0,0.68219006,143.0,192.0,0.48362982,106.0,183.0,0.4112072,124.0,161.0,0.25711152,84.0,159.0,0.34212717,92.0,171.0,0.20000361,80.0,165.0,0.30836076
girl1_cobra073.jpg,51.0,61.0,0.737762,62.0,50.0,0.8774977,46.0,52.0,0.7583023,89.0,53.0,0.8706002,48.0,55.0,0.2713817,125.0,97.0,0.5976591,58.0,99.0,0.6762712,160.0,140.0,0.7593317,72.0,132.0,0.442448,217.0,138.0,0.7094878,45.0,116.0,0.55285096,143.0,176.0,0.5436616,117.0,175.0,0.3830213,180.0,160.0,0.3633606,166.0,157.0,0.14931835,195.0,155.0,0.19888525,182.0,157.0,0.22234255
girl1_cobra078.jpg,40.0,62.0,0.6736063,51.0,51.0,0.5485487,35.0,54.0,0.6635869,79.0,53.0,0.63331705,37.0,57.0,0.140651,118.0,99.0,0.7522303,48.0,103.0,0.5178542,154.0,139.0,0.81658524,69.0,134.0,0.29328597,209.0,139.0,0.47498217,46.0,115.0,0.27371407,143.0,176.0,0.40886644,121.0,171.0,0.32756847,178.0,159.0,0.35346445,176.0,156.0,0.15979595,194.0,156.0,0.16700369,185.0,155.0,0.2093129
girl1_cobra087_flipped.jpg,231.0,66.0,0.6951044,235.0,57.0,0.67755044,222.0,55.0,0.5570908,230.0,57.0,0.13544181,192.0,54.0,0.58001196,207.0,103.0,0.54403734,149.0,97.0,0.65685487,173.0,150.0,0.12876147,111.0,139.0,0.7916291,111.0,138.0,0.21794946,56.0,141.0,0.6310986,149.0,170.0,0.52787125,119.0,166.0,0.4447994,95.0,159.0,0.3146553,73.0,159.0,0.5685139,53.0,150.0,0.476613,55.0,146.0,0.53906137
girl1_cobra119_flipped.jpg,235.0,75.0,0.7439139,235.0,65.0,0.6924186,224.0,67.0,0.7704227,223.0,69.0,0.13371353,195.0,73.0,0.7340108,218.0,115.0,0.80792034,156.0,113.0,0.6195885,198.0,146.0,0.56314695,109.0,154.0,0.8473343,172.0,157.0,0.10770278,65.0,161.0,0.6633357,148.0,184.0,0.42132044,120.0,173.0,0.4192633,95.0,188.0,0.61570877,78.0,187.0,0.4262775,61.0,171.0,0.27834645,60.0,171.0,0.3120785
girl1_cobra122_flipped.jpg,231.0,74.0,0.79939425,231.0,65.0,0.69160116,221.0,66.0,0.84446216,219.0,69.0,0.2197877,192.0,72.0,0.8552438,217.0,113.0,0.6821002,152.0,112.0,0.79642075,196.0,144.0,0.73956406,106.0,153.0,0.9232739,200.0,147.0,0.14135633,63.0,161.0,0.66853344,144.0,184.0,0.4546491,115.0,174.0,0.4970955,92.0,189.0,0.79310536,73.0,186.0,0.52219754,58.0,171.0,0.39630827,59.0,170.0,0.33925572
girl1_cobra129_flipped.jpg,235.0,104.0,0.6690483,236.0,95.0,0.5204239,226.0,94.0,0.80575985,226.0,94.0,0.28824753,198.0,93.0,0.86967254,203.0,125.0,0.3924561,155.0,120.0,0.4758014,178.0,148.0,0.29307365,102.0,143.0,0.812891,152.0,159.0,0.13009608,70.0,148.0,0.28742173,133.0,164.0,0.5541738,108.0,159.0,0.5961814,79.0,166.0,0.4041202,56.0,171.0,0.73899835,52.0,158.0,0.31409997,21.0,161.0,0.74357706
girl1_cobra136.jpg,16.0,156.0,0.6066566,20.0,147.0,0.5864186,13.0,149.0,0.56680095,44.0,136.0,0.61041087,27.0,139.0,0.20364699,82.0,144.0,0.37409514,50.0,137.0,0.35249597,141.0,130.0,0.4420416,85.0,122.0,0.26016065,163.0,144.0,0.10287394,44.0,112.0,0.16025004,137.0,161.0,0.72232926,119.0,157.0,0.5808303,189.0,159.0,0.4479577,166.0,156.0,0.19025208,233.0,151.0,0.5432669,211.0,150.0,0.18544656
girl1_cobra137.jpg,17.0,155.0,0.682729,21.0,146.0,0.82158685,14.0,147.0,0.6376598,45.0,135.0,0.4982648,28.0,139.0,0.19528474,85.0,144.0,0.27442706,50.0,137.0,0.3720033,141.0,128.0,0.47627503,86.0,121.0,0.26564133,163.0,141.0,0.23967545,46.0,113.0,0.15921527,138.0,160.0,0.74383795,118.0,157.0,0.6255151,188.0,157.0,0.48394993,169.0,154.0,0.110287696,236.0,150.0,0.71128774,206.0,147.0,0.12300815
girl1_cobra137_flipped.jpg,238.0,156.0,0.64958584,241.0,147.0,0.5685502,234.0,146.0,0.86950165,227.0,140.0,0.5952334,209.0,136.0,0.7350982,204.0,135.0,0.6015093,173.0,143.0,0.50892454,193.0,122.0,0.21766628,113.0,127.0,0.6427519,215.0,105.0,0.40586954,90.0,144.0,0.13859807,130.0,155.0,0.48599195,108.0,159.0,0.6934246,101.0,149.0,0.29342455,63.0,160.0,0.77135843,82.0,141.0,0.19457603,22.0,149.0,0.7854058
girl1_cobra140_flipped.jpg,234.0,154.0,0.7493832,237.0,147.0,0.63414466,231.0,145.0,0.6097429,223.0,138.0,0.42898604,208.0,134.0,0.74499714,200.0,132.0,0.49589646,171.0,140.0,0.51394045,183.0,117.0,0.17436837,114.0,123.0,0.4516568,210.0,106.0,0.31579465,91.0,139.0,0.16088407,129.0,147.0,0.47515142,109.0,150.0,0.58840597,93.0,145.0,0.1786227,62.0,154.0,0.5866872,57.0,137.0,0.35846877,30.0,143.0,0.4308601
girl2_cobra029.jpg,34.0,152.0,0.43514782,35.0,148.0,0.33463958,33.0,148.0,0.38159353,44.0,148.0,0.46559662,40.0,148.0,0.23275022,54.0,161.0,0.3675099,60.0,158.0,0.41701847,78.0,162.0,0.3353566,78.0,159.0,0.49764684,102.0,165.0,0.29834265,103.0,163.0,0.5552915,95.0,184.0,0.57682806,98.0,180.0,0.48555043,148.0,192.0,0.416001,150.0,190.0,0.4577043,208.0,195.0,0.5534389,208.0,194.0,0.46798807
girl2_cobra030.jpg,37.0,150.0,0.3147702,38.0,147.0,0.4603035,37.0,147.0,0.38891166,45.0,147.0,0.48486653,42.0,147.0,0.26473954,57.0,162.0,0.28307608,60.0,158.0,0.32828182,83.0,162.0,0.28625226,93.0,162.0,0.24004972,104.0,164.0,0.26786762,104.0,162.0,0.4708215,95.0,183.0,0.5389944,98.0,181.0,0.47368538,148.0,192.0,0.5542796,149.0,190.0,0.38540894,207.0,196.0,0.5257293,207.0,194.0,0.5210456
girl2_cobra033.jpg,44.0,142.0,0.23745406,45.0,139.0,0.2947379,44.0,139.0,0.30787322,49.0,143.0,0.38207096,46.0,142.0,0.25046885,60.0,162.0,0.25236002,69.0,157.0,0.26305297,85.0,170.0,0.19964999,99.0,165.0,0.34261337,112.0,158.0,0.25635678,111.0,157.0,0.34536302,96.0,186.0,0.55299985,99.0,184.0,0.48974028,148.0,195.0,0.62404156,150.0,190.0,0.41391736,205.0,199.0,0.45720848,202.0,195.0,0.3857207
girl2_cobra033_flipped.jpg,221.0,144.0,0.31633773,218.0,140.0,0.3091113,220.0,141.0,0.4464971,204.0,140.0,0.20578878,211.0,145.0,0.3501547,188.0,151.0,0.41849935,199.0,163.0,0.41873378,159.0,164.0,0.3788934,213.0,169.0,0.19205904,150.0,162.0,0.19340608,215.0,168.0,0.41897297,154.0,178.0,0.37123626,162.0,184.0,0.45728934,106.0,190.0,0.64680946,109.0,195.0,0.56428087,48.0,196.0,0.4384759,51.0,198.0,0.48490265
girl2_cobra035.jpg,42.0,142.0,0.29235473,42.0,139.0,0.35367092,44.0,138.0,0.22612399,48.0,141.0,0.43513778,56.0,139.0,0.26108608,60.0,161.0,0.40924996,77.0,153.0,0.5013885,73.0,172.0,0.35766327,102.0,165.0,0.353071,40.0,168.0,0.3467345,117.0,156.0,0.3589541,96.0,189.0,0.48961085,101.0,185.0,0.5040846,147.0,195.0,0.5274025,149.0,191.0,0.36289704,202.0,199.0,0.5070906,201.0,197.0,0.49034995
girl2_cobra035_flipped.jpg,217.0,140.0,0.34590715,214.0,137.0,0.2950267,215.0,138.0,0.53287023,204.0,137.0,0.22532834,208.0,141.0,0.39213985,186.0,148.0,0.46345773,197.0,158.0,0.4152918,158.0,164.0,0.28576687,187.0,175.0,0.23692547,140.0,153.0,0.52443075,215.0,171.0,0.62105227,154.0,175.0,0.5193126,163.0,182.0,0.5589162,108.0,189.0,0.52531785,111.0,195.0,0.600642,51.0,196.0,0.33006117,54.0,198.0,0.43323076
girl2_cobra040.jpg,48.0,136.0,0.23922536,47.0,135.0,0.31350288,52.0,133.0,0.17872907,51.0,138.0,0.3920052,67.0,135.0,0.44595796,61.0,159.0,0.41171232,83.0,151.0,0.600773,68.0,174.0,0.59142274,106.0,168.0,0.44270092,41.0,172.0,0.64642006,124.0,157.0,0.4725607,96.0,189.0,0.4753754,106.0,184.0,0.5326147,144.0,196.0,0.43736368,146.0,192.0,0.4675139,195.0,203.0,0.42820877,197.0,198.0,0.4492004
girl2_cobra040_flipped.jpg,205.0,137.0,0.27458504,201.0,133.0,0.21052864,206.0,135.0,0.3344521,191.0,134.0,0.4297933,204.0,138.0,0.4718182,176.0,149.0,0.66166496,193.0,155.0,0.43193346,150.0,166.0,0.45380196,186.0,176.0,0.38242704,132.0,155.0,0.6446451,213.0,174.0,0.6946484,150.0,176.0,0.52796406,162.0,185.0,0.4910302,114.0,192.0,0.5820422,117.0,197.0,0.56943095,60.0,198.0,0.32486945,63.0,200.0,0.4922214
girl2_cobra041.jpg,50.0,136.0,0.22413523,49.0,133.0,0.28794047,54.0,133.0,0.187113,52.0,139.0,0.49174672,68.0,135.0,0.4117919,60.0,157.0,0.3403403,84.0,150.0,0.6007757,67.0,174.0,0.59884715,106.0,168.0,0.3985649,42.0,172.0,0.6367806,124.0,158.0,0.5463937,95.0,189.0,0.4633932,107.0,183.0,0.53255653,142.0,196.0,0.47709423,146.0,192.0,0.47840652,194.0,203.0,0.36444253,195.0,200.0,0.41477874
girl2_cobra041_flipped.jpg,205.0,135.0,0.28312522,200.0,131.0,0.13194232,205.0,133.0,0.46653453,190.0,133.0,0.44347686,203.0,137.0,0.4008005,174.0,148.0,0.62953174,194.0,154.0,0.4797857,150.0,167.0,0.40173796,187.0,176.0,0.41246384,131.0,156.0,0.6532097,213.0,174.0,0.6621058,149.0,177.0,0.52586734,162.0,185.0,0.5305198,115.0,193.0,0.5316844,119.0,197.0,0.53473043,62.0,198.0,0.2847361,66.0,200.0,0.37991133
girl2_cobra042.jpg,52.0,136.0,0.20036963,49.0,133.0,0.3181082,56.0,132.0,0.21899855,52.0,138.0,0.5064415,68.0,134.0,0.40405264,61.0,155.0,0.33589324,85.0,150.0,0.45954263,67.0,174.0,0.6159272,108.0,168.0,0.43030414,41.0,173.0,0.6094655,126.0,158.0,0.53169596,95.0,188.0,0.45591706,107.0,183.0,0.49166596,141.0,197.0,0.53758776,146.0,192.0,0.47868788,191.0,205.0,0.4270415,193.0,200.0,0.38664994
girl2_cobra042_flipped.jpg,200.0,134.0,0.2249759,197.0,130.0,0.15709391,203.0,132.0,0.35709354,187.0,132.0,0.37305608,204.0,136.0,0.39652565,173.0,148.0,0.6243943,194.0,152.0,0.492358,149.0,167.0,0.3638876,186.0,175.0,0.37851533,130.0,157.0,0.61387676,212.0,174.0,0.6417668,150.0,179.0,0.4219636,162.0,185.0,0.533831,113.0,192.0,0.4997789,118.0,196.0,0.4869069,62.0,199.0,0.24243397,67.0,200.0,0.37965614
girl2_cobra044.jpg,59.0,135.0,0.1462708,53.0,132.0,0.2938765,64.0,131.0,0.19409357,54.0,137.0,0.5421598,71.0,134.0,0.51330745,61.0,154.0,0.51458496,85.0,150.0,0.68233985,67.0,175.0,0.56269896,109.0,168.0,0.4572441,42.0,173.0,0.5511019,129.0,159.0,0.52271545,94.0,187.0,0.42608458,109.0,183.0,0.45142877,144.0,196.0,0.24846293,148.0,193.0,0.47644722,193.0,209.0,0.33657238,193.0,203.0,0.3149671
girl2_cobra044_flipped.jpg,202.0,136.0,0.19187625,197.0,131.0,0.1484334,204.0,133.0,0.37223652,185.0,132.0,0.4403787,202.0,136.0,0.45911315,169.0,148.0,0.45021072,193.0,150.0,0.43071675,149.0,167.0,0.35364628,188.0,174.0,0.4781617,128.0,158.0,0.5824945,213.0,174.0,0.55895495,147.0,179.0,0.46061572,159.0,184.0,0.46435228,116.0,194.0,0.41476893,118.0,196.0,0.49971095,66.0,198.0,0.2293467,68.0,202.0,0.31448895
girl2_cobra045.jpg,59.0,135.0,0.16845034,54.0,132.0,0.28606698,64.0,131.0,0.20013362,55.0,136.0,0.42116085,72.0,134.0,0.47271103,61.0,155.0,0.49184126,85.0,150.0,0.7047566,67.0,175.0,0.57692516,109.0,168.0,0.43880668,43.0,174.0,0.5896404,131.0,159.0,0.5046129,92.0,188.0,0.5208913,108.0,182.0,0.5482354,145.0,196.0,0.23171501,149.0,192.0,0.40192604,195.0,209.0,0.22097234,191.0,204.0,0.2190631
girl2_cobra045_flipped.jpg,196.0,121.0,0.26061898,192.0,117.0,0.23962845,197.0,118.0,0.36108994,179.0,119.0,0.39108908,194.0,121.0,0.48463425,166.0,137.0,0.6975758,188.0,140.0,0.53958917,142.0,160.0,0.33354247,182.0,166.0,0.5047535,119.0,146.0,0.50436693,210.0,165.0,0.6800387,148.0,169.0,0.46861842,159.0,177.0,0.47106245,114.0,184.0,0.3226177,112.0,189.0,0.40662384,63.0,192.0,0.19862968,59.0,197.0,0.4146095
girl2_cobra046.jpg,56.0,134.0,0.26282915,54.0,131.0,0.33743984,61.0,130.0,0.14050503,57.0,136.0,0.5285877,73.0,133.0,0.5610182,63.0,154.0,0.6104044,87.0,149.0,0.62192535,66.0,175.0,0.6264668,110.0,168.0,0.45496926,43.0,174.0,0.62326443,133.0,159.0,0.46602228,93.0,189.0,0.5232403,109.0,183.0,0.4474311,146.0,196.0,0.24854547,154.0,192.0,0.3456527,189.0,209.0,0.31105256,191.0,206.0,0.27698794
girl2_cobra046_flipped.jpg,196.0,121.0,0.29416904,190.0,116.0,0.19638377,197.0,117.0,0.4729122,176.0,118.0,0.5956446,195.0,120.0,0.44507837,164.0,136.0,0.6370199,186.0,139.0,0.5138934,141.0,159.0,0.3278352,182.0,166.0,0.48982933,116.0,145.0,0.51672256,210.0,165.0,0.6520814,146.0,171.0,0.4508294,158.0,177.0,0.50169754,113.0,186.0,0.3827047,114.0,189.0,0.6191335,63.0,194.0,0.19994813,56.0,200.0,0.44255137
girl2_cobra050.jpg,61.0,135.0,0.21461616,58.0,132.0,0.37327048,65.0,131.0,0.19475481,61.0,136.0,0.5462861,77.0,134.0,0.56366706,64.0,153.0,0.50795734,90.0,149.0,0.652264,69.0,175.0,0.62831616,112.0,170.0,0.51635385,43.0,175.0,0.6391653,134.0,160.0,0.49402273,93.0,186.0,0.50552535,108.0,182.0,0.5451012,142.0,195.0,0.1712673,146.0,193.0,0.1554764,184.0,213.0,0.24168372,183.0,208.0,0.28782088
girl2_cobra050_flipped.jpg,200.0,124.0,0.18066637,195.0,120.0,0.19447917,202.0,120.0,0.2719267,185.0,122.0,0.6056793,203.0,124.0,0.39225748,172.0,141.0,0.6981722,196.0,145.0,0.67517775,149.0,163.0,0.42275992,192.0,169.0,0.35289648,126.0,149.0,0.6655626,221.0,168.0,0.5501938,153.0,175.0,0.4151218,166.0,180.0,0.49369174,126.0,187.0,0.3283198,129.0,191.0,0.34936753,77.0,198.0,0.23532318,76.0,204.0,0.39289352
girl2_cobra051.jpg,64.0,135.0,0.15947407,60.0,132.0,0.38685542,69.0,131.0,0.17918865,62.0,136.0,0.4149409,79.0,135.0,0.545525,65.0,153.0,0.53752434,91.0,150.0,0.5456877,69.0,175.0,0.5911217,113.0,170.0,0.46358386,43.0,175.0,0.59014356,135.0,160.0,0.46316826,92.0,186.0,0.5080557,105.0,183.0,0.42076522,136.0,196.0,0.20455584,146.0,193.0,0.21206178,178.0,212.0,0.26465157,180.0,206.0,0.29316607
girl2_cobra051_flipped.jpg,195.0,135.0,0.20413831,189.0,131.0,0.15343398,195.0,133.0,0.38085583,176.0,134.0,0.49452254,192.0,136.0,0.32266724,164.0,150.0,0.69754136,186.0,152.0,0.62252915,142.0,170.0,0.5066589,185.0,175.0,0.3415023,120.0,159.0,0.6233014,212.0,176.0,0.4305876,151.0,180.0,0.5569306,163.0,185.0,0.5224981,126.0,193.0,0.378257,129.0,198.0,0.38482517,82.0,202.0,0.29277495,79.0,205.0,0.33452347
girl2_cobra052.jpg,58.0,121.0,0.24824846,56.0,118.0,0.22534241,64.0,117.0,0.18418221,58.0,122.0,0.6160081,77.0,121.0,0.43185624,61.0,143.0,0.6983992,88.0,140.0,0.7243631,65.0,166.0,0.69694227,110.0,160.0,0.410396,37.0,166.0,0.7952539,134.0,148.0,0.5771818,89.0,180.0,0.5476248,107.0,176.0,0.44692507,135.0,190.0,0.16460636,163.0,184.0,0.43950504,174.0,207.0,0.3997728,184.0,202.0,0.25741196
girl2_cobra052_flipped.jpg,190.0,134.0,0.14966929,186.0,130.0,0.16383335,192.0,132.0,0.34380332,176.0,133.0,0.5251937,192.0,136.0,0.34261277,163.0,150.0,0.6327437,186.0,153.0,0.6502354,141.0,170.0,0.45891905,184.0,176.0,0.38299146,120.0,159.0,0.5622202,212.0,176.0,0.4690073,152.0,182.0,0.40934014,162.0,186.0,0.5056131,126.0,193.0,0.40759107,126.0,197.0,0.36030805,82.0,202.0,0.25170165,80.0,205.0,0.35827872
girl2_cobra053.jpg,60.0,120.0,0.121885724,54.0,115.0,0.32087263,65.0,115.0,0.20408195,56.0,119.0,0.49573532,76.0,118.0,0.4812276,60.0,140.0,0.5186303,88.0,138.0,0.71189666,62.0,163.0,0.47708163,109.0,158.0,0.5040842,35.0,164.0,0.73872435,135.0,147.0,0.4167615,87.0,175.0,0.3728612,103.0,174.0,0.46609956,130.0,187.0,0.18112399,142.0,183.0,0.23343165,173.0,205.0,0.3728744,182.0,200.0,0.25638962
girl2_cobra053_flipped.jpg,199.0,125.0,0.16449222,194.0,120.0,0.15700714,201.0,121.0,0.3556316,182.0,122.0,0.63508475,199.0,123.0,0.3804773,170.0,140.0,0.6200206,194.0,144.0,0.48544464,146.0,162.0,0.57682705,190.0,168.0,0.3009254,124.0,150.0,0.7359593,221.0,167.0,0.5116208,153.0,176.0,0.5340283,167.0,182.0,0.5580791,124.0,186.0,0.3019125,129.0,192.0,0.31108868,84.0,200.0,0.16566807,79.0,209.0,0.30221424
girl2_cobra055.jpg,57.0,117.0,0.28960732,55.0,113.0,0.352894,61.0,113.0,0.2439814,60.0,118.0,0.5470091,76.0,116.0,0.4555132,62.0,139.0,0.64745975,90.0,137.0,0.4869389,64.0,162.0,0.5026965,111.0,157.0,0.53081334,35.0,162.0,0.73235047,137.0,147.0,0.51133925,89.0,173.0,0.4644076,104.0,172.0,0.43298987,133.0,186.0,0.16966413,144.0,183.0,0.26440638,178.0,206.0,0.25725338,179.0,205.0,0.24636522
girl2_cobra055_flipped.jpg,192.0,123.0,0.45925757,189.0,118.0,0.29394877,192.0,119.0,0.40601274,175.0,120.0,0.36340383,187.0,121.0,0.4651614,161.0,138.0,0.5303423,186.0,142.0,0.73683774,141.0,162.0,0.5183026,186.0,167.0,0.47993386,118.0,149.0,0.64939547,214.0,166.0,0.54749036,153.0,176.0,0.48924717,162.0,180.0,0.46069995,122.0,186.0,0.384856,124.0,190.0,0.20934178,83.0,201.0,0.26223403,77.0,205.0,0.29949412
girl2_cobra056.jpg,55.0,118.0,0.3517453,56.0,115.0,0.33922124,60.0,115.0,0.22555234,61.0,119.0,0.44716632,74.0,118.0,0.46446234,61.0,140.0,0.5243748,88.0,139.0,0.7416465,61.0,164.0,0.55119765,110.0,158.0,0.4646642,32.0,163.0,0.70740527,138.0,146.0,0.44204992,92.0,174.0,0.37400368,101.0,173.0,0.4814319,141.0,187.0,0.12448042,146.0,184.0,0.21577683,184.0,202.0,0.24184045,182.0,204.0,0.18464169
girl2_cobra056_flipped.jpg,182.0,130.0,0.25915614,179.0,127.0,0.21051788,185.0,128.0,0.32788935,173.0,131.0,0.36465693,185.0,133.0,0.4365372,162.0,150.0,0.49735957,181.0,152.0,0.59643626,181.0,174.0,0.28201076,181.0,175.0,0.32002193,117.0,157.0,0.34168473,115.0,158.0,0.44005966,154.0,183.0,0.3771522,154.0,182.0,0.26417184,125.0,193.0,0.38565984,122.0,194.0,0.2273166,88.0,205.0,0.3071383,77.0,208.0,0.26260477
girl2_cobra060.jpg,81.0,136.0,0.17636871,75.0,133.0,0.23523982,84.0,133.0,0.24832287,73.0,137.0,0.48729363,87.0,136.0,0.4634088,71.0,156.0,0.5552104,98.0,152.0,0.5669017,72.0,175.0,0.48002732,117.0,171.0,0.48002934,45.0,175.0,0.7102934,142.0,162.0,0.47822565,92.0,190.0,0.4436773,108.0,185.0,0.45985654,129.0,198.0,0.19316697,152.0,192.0,0.4874503,162.0,219.0,0.37058207,175.0,209.0,0.26915473
girl2_cobra060_flipped.jpg,177.0,133.0,0.44854546,180.0,131.0,0.3666186,175.0,131.0,0.4133291,182.0,135.0,0.28813738,169.0,135.0,0.46749088,183.0,155.0,0.63863844,157.0,151.0,0.31417105,182.0,175.0,0.57663774,138.0,169.0,0.34095755,209.0,175.0,0.29858163,116.0,159.0,0.53233564,163.0,188.0,0.59102273,147.0,183.0,0.42121845,132.0,196.0,0.3958081,105.0,192.0,0.1847882,92.0,218.0,0.21608537,84.0,217.0,0.18913157
girl2_cobra064.jpg,87.0,135.0,0.2526739,84.0,133.0,0.31553498,85.0,133.0,0.4625218,83.0,136.0,0.23812522,82.0,136.0,0.32822877,100.0,153.0,0.50735354,76.0,157.0,0.4529829,118.0,171.0,0.48389676,73.0,174.0,0.29497936,141.0,162.0,0.47223133,48.0,175.0,0.48856583,111.0,183.0,0.46620297,93.0,189.0,0.5154191,145.0,195.0,0.44599336,122.0,197.0,0.2646517,151.0,221.0,0.23231761,149.0,219.0,0.21765032
girl2_cobra064_flipped.jpg,178.0,128.0,0.38731024,181.0,125.0,0.566466,176.0,126.0,0.53648365,181.0,128.0,0.28017688,169.0,128.0,0.45101634,183.0,148.0,0.6406673,156.0,146.0,0.52273107,181.0,171.0,0.57402045,138.0,166.0,0.37873608,211.0,171.0,0.28575334,116.0,155.0,0.5527674,166.0,185.0,0.6157149,152.0,180.0,0.4167554,136.0,194.0,0.4044967,122.0,190.0,0.23637782,103.0,219.0,0.24634211,95.0,218.0,0.18528527
girl2_cobra069.jpg,95.0,140.0,0.26249543,94.0,138.0,0.18272543,94.0,138.0,0.3370572,95.0,140.0,0.28145465,91.0,140.0,0.29514134,107.0,157.0,0.57223535,82.0,159.0,0.49363238,124.0,175.0,0.45199528,78.0,180.0,0.38068655,147.0,166.0,0.35184196,51.0,179.0,0.47157434,113.0,187.0,0.57393086,95.0,192.0,0.4703924,135.0,202.0,0.32478908,115.0,204.0,0.24424733,157.0,219.0,0.36983693,139.0,223.0,0.26226568
girl2_cobra069_flipped.jpg,168.0,136.0,0.39544296,171.0,133.0,0.49532303,165.0,134.0,0.60708463,173.0,136.0,0.3329058,157.0,136.0,0.47726443,175.0,154.0,0.73643875,149.0,151.0,0.5033989,177.0,173.0,0.5214376,135.0,172.0,0.42158034,204.0,175.0,0.32505524,112.0,160.0,0.52369046,164.0,187.0,0.5819357,148.0,183.0,0.52064395,141.0,200.0,0.31470987,124.0,195.0,0.2632702,115.0,223.0,0.2472077,111.0,223.0,0.21860929
girl2_cobra075.jpg,102.0,132.0,0.34910792,105.0,131.0,0.46027434,99.0,131.0,0.38148448,105.0,133.0,0.33450264,94.0,135.0,0.5069822,113.0,149.0,0.72205967,89.0,153.0,0.5758884,125.0,168.0,0.6528712,83.0,172.0,0.43699676,148.0,161.0,0.6103616,58.0,172.0,0.3662274,114.0,179.0,0.5728065,99.0,183.0,0.5966172,134.0,198.0,0.44214225,113.0,200.0,0.34979355,146.0,228.0,0.3456206,127.0,226.0,0.31332013
girl2_cobra075_flipped.jpg,159.0,139.0,0.40779793,161.0,137.0,0.5290133,155.0,137.0,0.546597,164.0,139.0,0.29829612,148.0,139.0,0.34342086,167.0,159.0,0.53605527,139.0,158.0,0.56878805,170.0,178.0,0.41296172,127.0,179.0,0.5993004,198.0,182.0,0.40903303,103.0,167.0,0.609147,159.0,197.0,0.65942246,141.0,193.0,0.50041866,144.0,210.0,0.4369599,119.0,206.0,0.29746926,129.0,229.0,0.39829406,106.0,230.0,0.21617676
girl2_cobra078.jpg,99.0,140.0,0.22059917,96.0,137.0,0.23498996,100.0,138.0,0.2955414,96.0,139.0,0.36755836,104.0,139.0,0.3607097,108.0,158.0,0.29545072,93.0,158.0,0.38644674,127.0,176.0,0.48526177,83.0,176.0,0.53011453,152.0,167.0,0.2293564,55.0,178.0,0.36527205,109.0,190.0,0.36705592,98.0,192.0,0.36464825,128.0,210.0,0.18702419,111.0,209.0,0.31825572,129.0,239.0,0.13159518,126.0,234.0,0.105147816
girl2_cobra078_flipped.jpg,148.0,138.0,0.4198036,152.0,135.0,0.46137893,145.0,135.0,0.56794626,155.0,137.0,0.43635118,140.0,138.0,0.4516978,158.0,156.0,0.6544322,131.0,155.0,0.6379261,164.0,174.0,0.5294677,121.0,174.0,0.6518841,189.0,176.0,0.28085086,98.0,163.0,0.54865265,151.0,190.0,0.6318694,133.0,187.0,0.4870834,142.0,206.0,0.4383346,118.0,203.0,0.3775882,130.0,228.0,0.35535595,112.0,216.0,0.3551849
girl2_cobra081.jpg,105.0,142.0,0.21162197,101.0,139.0,0.20808636,107.0,139.0,0.29069778,95.0,142.0,0.42680433,108.0,141.0,0.4576874,103.0,162.0,0.21528362,107.0,160.0,0.28551355,127.0,181.0,0.3878784,86.0,181.0,0.4223356,154.0,171.0,0.16317798,58.0,182.0,0.32449526,104.0,193.0,0.33912358,104.0,194.0,0.3221664,128.0,213.0,0.2716577,111.0,217.0,0.30848426,134.0,242.0,0.23537815,116.0,241.0,0.1928611
girl2_cobra081_flipped.jpg,145.0,133.0,0.21348087,141.0,131.0,0.2119178,148.0,132.0,0.36689112,134.0,133.0,0.5173185,149.0,134.0,0.5042554,128.0,151.0,0.5206252,150.0,152.0,0.42433748,117.0,171.0,0.5253365,159.0,172.0,0.43467167,96.0,161.0,0.3412184,183.0,174.0,0.35603827,130.0,182.0,0.5158783,146.0,184.0,0.4195925,117.0,204.0,0.33871734,137.0,207.0,0.29739395,114.0,231.0,0.2817925,131.0,230.0,0.2963264
girl2_cobra082.jpg,107.0,134.0,0.24999061,109.0,133.0,0.40672943,106.0,133.0,0.44667014,116.0,135.0,0.36373746,105.0,135.0,0.27761132,125.0,152.0,0.7291039,98.0,153.0,0.7078476,133.0,173.0,0.6651611,93.0,174.0,0.575089,158.0,162.0,0.47408208,67.0,173.0,0.6611764,121.0,183.0,0.5138461,104.0,185.0,0.46012795,133.0,204.0,0.52219355,109.0,204.0,0.4865761,138.0,233.0,0.43222955,116.0,229.0,0.33488002
girl2_cobra082_flipped.jpg,147.0,136.0,0.33543372,142.0,134.0,0.25002292,146.0,134.0,0.43403876,133.0,136.0,0.3550207,144.0,136.0,0.42931685,129.0,155.0,0.41252163,146.0,155.0,0.41105628,115.0,173.0,0.3015053,158.0,173.0,0.2867283,91.0,163.0,0.2351889,90.0,163.0,0.5029079,132.0,186.0,0.37691918,141.0,187.0,0.28272182,117.0,206.0,0.33350185,136.0,208.0,0.26943597,114.0,234.0,0.22203124,130.0,232.0,0.23098584
girl2_cobra084.jpg,119.0,137.0,0.23682247,116.0,135.0,0.2276864,119.0,135.0,0.2850172,112.0,138.0,0.41685346,119.0,138.0,0.46032375,126.0,156.0,0.3760274,107.0,156.0,0.38557273,138.0,176.0,0.61419725,97.0,177.0,0.46395358,163.0,168.0,0.3525569,69.0,178.0,0.45211154,123.0,189.0,0.44538188,109.0,191.0,0.4079114,135.0,210.0,0.38416728,113.0,211.0,0.37464526,137.0,238.0,0.31262228,117.0,236.0,0.35100415
girl2_cobra084_flipped.jpg,134.0,132.0,0.41996422,137.0,129.0,0.5605097,131.0,130.0,0.58692837,140.0,132.0,0.34937704,125.0,133.0,0.4937067,144.0,151.0,0.6109029,119.0,150.0,0.6121115,149.0,170.0,0.34515718,111.0,170.0,0.59419596,176.0,172.0,0.42388603,87.0,161.0,0.52935326,139.0,181.0,0.61249113,122.0,181.0,0.57214797,136.0,202.0,0.4418151,115.0,203.0,0.40657464,132.0,227.0,0.2450773,113.0,227.0,0.33177507
girl2_cobra085.jpg,123.0,132.0,0.21771277,118.0,130.0,0.241918,125.0,130.0,0.2850899,113.0,134.0,0.48908857,128.0,133.0,0.3711878,120.0,153.0,0.24974428,128.0,153.0,0.23945609,145.0,175.0,0.46606258,101.0,175.0,0.3733106,172.0,165.0,0.2583661,71.0,176.0,0.29052186,121.0,187.0,0.21949379,125.0,186.0,0.31399068,116.0,213.0,0.21395147,137.0,211.0,0.16014577,141.0,240.0,0.25024423,121.0,243.0,0.23443455
girl2_cobra085_flipped.jpg,136.0,131.0,0.42654932,137.0,129.0,0.45735744,133.0,129.0,0.5496273,138.0,130.0,0.3283371,126.0,131.0,0.53868115,142.0,147.0,0.51116717,118.0,147.0,0.5929985,149.0,167.0,0.5503534,110.0,165.0,0.6442884,173.0,168.0,0.43503332,87.0,158.0,0.50352746,138.0,176.0,0.62393767,121.0,176.0,0.54304117,134.0,201.0,0.38716733,115.0,199.0,0.5396385,133.0,222.0,0.31993532,115.0,224.0,0.369281
girl2_cobra089.jpg,137.0,132.0,0.3446965,137.0,131.0,0.38577563,136.0,131.0,0.5051178,138.0,133.0,0.33279315,133.0,133.0,0.39638132,146.0,151.0,0.48539597,122.0,151.0,0.5024324,153.0,172.0,0.4483778,114.0,173.0,0.5916598,180.0,164.0,0.5205079,89.0,173.0,0.50619483,142.0,183.0,0.53905904,128.0,184.0,0.38481095,143.0,210.0,0.3257601,122.0,208.0,0.45268163,142.0,235.0,0.31756887,123.0,235.0,0.29114285
girl2_cobra089_flipped.jpg,116.0,132.0,0.45620438,118.0,130.0,0.5392769,112.0,130.0,0.556261,121.0,131.0,0.31711414,108.0,132.0,0.41315946,128.0,151.0,0.5878478,101.0,151.0,0.60583913,136.0,172.0,0.56150913,94.0,173.0,0.5593281,162.0,174.0,0.5384068,69.0,164.0,0.7494864,124.0,181.0,0.67243063,107.0,182.0,0.6212899,126.0,207.0,0.4718147,106.0,208.0,0.4940689,126.0,234.0,0.4932149,106.0,235.0,0.4696352
girl2_cobra091.jpg,150.0,134.0,0.36413696,152.0,132.0,0.40425843,148.0,132.0,0.46802518,152.0,134.0,0.28603622,140.0,134.0,0.5037551,156.0,153.0,0.75304717,128.0,153.0,0.6129372,163.0,176.0,0.584852,119.0,176.0,0.5296031,190.0,167.0,0.5366442,91.0,176.0,0.5358355,150.0,183.0,0.66802156,132.0,184.0,0.5543212,150.0,207.0,0.48927462,126.0,209.0,0.43764985,147.0,239.0,0.49519292,124.0,234.0,0.38181016
girl2_cobra091_flipped.jpg,113.0,130.0,0.35068163,116.0,128.0,0.42951205,111.0,128.0,0.46968824,118.0,130.0,0.38455522,107.0,131.0,0.49085477,126.0,150.0,0.7386043,99.0,150.0,0.7126508,134.0,171.0,0.6633004,93.0,171.0,0.5709896,161.0,172.0,0.3902415,66.0,162.0,0.6072892,122.0,181.0,0.62467355,105.0,182.0,0.56717217,127.0,208.0,0.365634,107.0,208.0,0.54912215,130.0,233.0,0.42347848,109.0,234.0,0.39704165
girl2_cobra092.jpg,146.0,134.0,0.4304953,149.0,132.0,0.31480703,145.0,132.0,0.3940667,154.0,134.0,0.39743084,141.0,134.0,0.4058107,159.0,154.0,0.7393949,132.0,154.0,0.6146468,166.0,176.0,0.5480597,125.0,176.0,0.5605701,193.0,168.0,0.4335467,97.0,177.0,0.58676183,155.0,184.0,0.6762065,137.0,185.0,0.57992446,152.0,209.0,0.44235364,129.0,209.0,0.5200696,148.0,237.0,0.37119752,126.0,233.0,0.33711806
girl2_cobra092_flipped.jpg,112.0,136.0,0.3896638,114.0,133.0,0.43672314,109.0,133.0,0.49216366,116.0,134.0,0.367062,104.0,134.0,0.35440448,123.0,155.0,0.5573659,95.0,155.0,0.62517047,133.0,177.0,0.7845937,89.0,178.0,0.50980943,160.0,179.0,0.31658682,63.0,168.0,0.496058,120.0,188.0,0.59415275,103.0,189.0,0.5547753,127.0,213.0,0.42763096,105.0,216.0,0.3611231,131.0,244.0,0.37424234,109.0,242.0,0.37396425
girl2_cobra095.jpg,155.0,137.0,0.28803372,155.0,135.0,0.2377337,154.0,135.0,0.42967582,157.0,135.0,0.18417516,154.0,136.0,0.28021204,166.0,155.0,0.48640373,140.0,155.0,0.4767935,173.0,178.0,0.584064,131.0,178.0,0.60211295,199.0,171.0,0.24613355,102.0,177.0,0.40800366,160.0,187.0,0.4395728,144.0,187.0,0.39076915,154.0,212.0,0.36442068,131.0,212.0,0.41078377,147.0,243.0,0.28161234,123.0,241.0,0.2220938
girl2_cobra095_flipped.jpg,96.0,138.0,0.15330829,92.0,135.0,0.23489629,102.0,135.0,0.20376414,90.0,138.0,0.5783291,108.0,137.0,0.4615896,87.0,158.0,0.65113914,112.0,156.0,0.49319112,81.0,178.0,0.5625664,124.0,177.0,0.4405797,56.0,169.0,0.48444483,126.0,180.0,0.11693913,93.0,191.0,0.4989891,110.0,190.0,0.5389099,97.0,211.0,0.36051545,122.0,210.0,0.3063573,105.0,239.0,0.27883312,129.0,240.0,0.20558614
girl2_cobra103.jpg,185.0,133.0,0.5260514,187.0,130.0,0.47606495,182.0,129.0,0.62697077,186.0,132.0,0.20864767,172.0,131.0,0.4185775,187.0,152.0,0.7181873,158.0,151.0,0.6710096,190.0,176.0,0.51189566,145.0,172.0,0.6454848,218.0,168.0,0.3346492,118.0,172.0,0.56677806,177.0,189.0,0.6630424,156.0,187.0,0.56747025,165.0,209.0,0.41841504,136.0,208.0,0.32290518,141.0,241.0,0.42413446,120.0,233.0,0.3009142
girl2_cobra103_flipped.jpg,74.0,133.0,0.16494061,72.0,130.0,0.21666022,77.0,131.0,0.37896076,67.0,134.0,0.40154722,78.0,133.0,0.4131981,67.0,153.0,0.4060342,80.0,153.0,0.30857524,102.0,172.0,0.287771,102.0,174.0,0.39648443,129.0,173.0,0.23522276,130.0,172.0,0.39376795,79.0,187.0,0.26887453,77.0,188.0,0.3597424,95.0,213.0,0.19591227,106.0,210.0,0.23378345,109.0,247.0,0.21191637,109.0,244.0,0.27051562
girl2_cobra107.jpg,196.0,125.0,0.43916982,196.0,122.0,0.41795796,194.0,123.0,0.6173012,191.0,124.0,0.11125618,185.0,124.0,0.40439332,194.0,143.0,0.59480125,168.0,142.0,0.5360206,199.0,169.0,0.55060637,153.0,163.0,0.58990586,224.0,161.0,0.5427103,128.0,163.0,0.57019234,184.0,181.0,0.5850253,166.0,177.0,0.47981668,169.0,204.0,0.4184592,144.0,197.0,0.39424545,138.0,231.0,0.41204557,116.0,225.0,0.27615368
girl2_cobra107_flipped.jpg,69.0,130.0,0.2646686,69.0,128.0,0.3713518,67.0,127.0,0.34456325,69.0,129.0,0.3160181,65.0,130.0,0.38748723,84.0,149.0,0.64524174,58.0,152.0,0.59230864,101.0,172.0,0.629581,53.0,177.0,0.4266698,129.0,171.0,0.32266685,25.0,168.0,0.5947257,87.0,184.0,0.44286734,73.0,189.0,0.43863958,114.0,210.0,0.29705995,112.0,209.0,0.19464575,138.0,234.0,0.2196996,120.0,243.0,0.26236066
girl2_cobra108.jpg,196.0,123.0,0.3645936,195.0,120.0,0.2792722,194.0,120.0,0.48474112,189.0,121.0,0.18109359,187.0,123.0,0.51492834,195.0,141.0,0.70406294,170.0,140.0,0.5062851,200.0,166.0,0.7022344,154.0,162.0,0.6333754,224.0,158.0,0.5266801,130.0,161.0,0.70148516,184.0,181.0,0.5808904,168.0,176.0,0.42239013,166.0,202.0,0.46996948,145.0,195.0,0.35789663,136.0,229.0,0.3608122,118.0,217.0,0.36577266
girl2_cobra108_flipped.jpg,61.0,129.0,0.23610377,58.0,126.0,0.31038612,66.0,126.0,0.31159237,56.0,128.0,0.48156056,74.0,127.0,0.50058794,56.0,148.0,0.43046272,82.0,145.0,0.672033,51.0,172.0,0.246699,99.0,169.0,0.5181453,25.0,163.0,0.42935893,125.0,168.0,0.43385714,68.0,186.0,0.4806973,85.0,183.0,0.42075974,86.0,211.0,0.44051906,113.0,205.0,0.40750372,116.0,240.0,0.25243714,136.0,229.0,0.21849503
girl2_cobra109.jpg,203.0,121.0,0.567799,203.0,119.0,0.3098659,200.0,119.0,0.5900343,197.0,121.0,0.13356127,189.0,121.0,0.54933923,199.0,142.0,0.73123455,172.0,140.0,0.5638584,205.0,167.0,0.60952455,156.0,162.0,0.618838,232.0,159.0,0.27624917,132.0,162.0,0.77566004,186.0,182.0,0.60668355,169.0,176.0,0.46863854,167.0,205.0,0.38331679,145.0,197.0,0.41679037,134.0,232.0,0.4298265,112.0,227.0,0.3302697
girl2_cobra109_flipped.jpg,63.0,128.0,0.16682528,56.0,124.0,0.3432691,68.0,125.0,0.3064777,54.0,128.0,0.4749126,74.0,126.0,0.627951,54.0,149.0,0.6534832,82.0,145.0,0.76107854,49.0,173.0,0.41158718,97.0,168.0,0.5542832,23.0,163.0,0.56363416,125.0,167.0,0.5460298,68.0,188.0,0.44542313,87.0,184.0,0.56504583,86.0,211.0,0.368411,115.0,205.0,0.3797702,119.0,237.0,0.29400304,137.0,226.0,0.3220322
girl2_cobra117.jpg,204.0,118.0,0.18991877,199.0,113.0,0.15563202,205.0,114.0,0.26125467,184.0,113.0,0.50186604,203.0,115.0,0.35564232,175.0,133.0,0.69983315,201.0,135.0,0.5484816,152.0,157.0,0.558324,208.0,162.0,0.5723927,134.0,153.0,0.43595573,235.0,153.0,0.49959773,171.0,177.0,0.5037586,178.0,179.0,0.48765543,131.0,195.0,0.16768198,148.0,199.0,0.14866544,105.0,219.0,0.16404209,102.0,228.0,0.24228771
girl2_cobra117_flipped.jpg,50.0,116.0,0.3532541,48.0,113.0,0.46746618,54.0,112.0,0.26354432,53.0,116.0,0.49415508,69.0,113.0,0.53604627,55.0,136.0,0.6444276,79.0,132.0,0.670894,46.0,162.0,0.54593694,101.0,156.0,0.50863254,21.0,153.0,0.6789514,124.0,154.0,0.3904663,75.0,176.0,0.4367863,84.0,177.0,0.42268774,112.0,198.0,0.11814441,129.0,196.0,0.24574897,147.0,214.0,0.2276257,152.0,217.0,0.17515777
girl2_cobra120.jpg,207.0,114.0,0.26107112,202.0,110.0,0.18464819,207.0,111.0,0.28826216,186.0,111.0,0.41177648,203.0,113.0,0.41699263,174.0,130.0,0.568906,201.0,133.0,0.738588,151.0,154.0,0.49476513,208.0,160.0,0.60594904,132.0,151.0,0.55799186,235.0,151.0,0.49827498,167.0,176.0,0.508801,178.0,180.0,0.54804265,125.0,193.0,0.27951986,139.0,200.0,0.13745329,91.0,213.0,0.1750147,91.0,223.0,0.20668414
girl2_cobra120_flipped.jpg,50.0,114.0,0.24937774,48.0,111.0,0.3827394,53.0,111.0,0.2673862,52.0,113.0,0.50089383,67.0,111.0,0.46990165,54.0,135.0,0.6231554,80.0,131.0,0.64406437,46.0,160.0,0.60272586,101.0,153.0,0.5686827,20.0,150.0,0.58306134,123.0,152.0,0.33647293,78.0,176.0,0.5685284,89.0,174.0,0.4431946,142.0,194.0,0.18430752,139.0,197.0,0.34204814,163.0,216.0,0.18316965,165.0,223.0,0.15841922
girl2_cobra122.jpg,206.0,113.0,0.15464059,202.0,109.0,0.16851118,207.0,110.0,0.28327662,186.0,108.0,0.47775972,203.0,112.0,0.32022247,175.0,128.0,0.5329287,200.0,130.0,0.4605771,151.0,152.0,0.46353146,207.0,159.0,0.55886775,134.0,150.0,0.3932171,235.0,150.0,0.5859624,171.0,176.0,0.5462508,173.0,176.0,0.4921235,128.0,193.0,0.2020149,129.0,194.0,0.24187844,91.0,211.0,0.3151973,82.0,217.0,0.17084886
girl2_cobra122_flipped.jpg,48.0,113.0,0.36173993,47.0,109.0,0.50238955,50.0,108.0,0.31206638,52.0,111.0,0.4922436,66.0,109.0,0.42270783,53.0,132.0,0.6369592,80.0,129.0,0.7589233,47.0,158.0,0.7655635,103.0,152.0,0.32229263,21.0,148.0,0.8144455,122.0,151.0,0.35742655,77.0,174.0,0.63356924,90.0,172.0,0.5797156,127.0,195.0,0.16906679,131.0,192.0,0.42441085,169.0,213.0,0.3903863,173.0,215.0,0.17838517
girl2_cobra127.jpg,202.0,114.0,0.18583828,202.0,110.0,0.2125615,204.0,111.0,0.3187625,198.0,111.0,0.1521575,202.0,113.0,0.26734376,189.0,130.0,0.52617127,194.0,130.0,0.46730262,200.0,157.0,0.41404974,152.0,149.0,0.1720864,228.0,144.0,0.30185798,139.0,148.0,0.24315086,165.0,174.0,0.609941,166.0,172.0,0.4728703,116.0,189.0,0.29678002,121.0,191.0,0.3093666,71.0,204.0,0.42447704,71.0,205.0,0.36929545
girl2_cobra127_flipped.jpg,52.0,113.0,0.29496646,49.0,110.0,0.37096196,54.0,110.0,0.39552978,49.0,114.0,0.52271175,62.0,112.0,0.45183927,55.0,134.0,0.50149536,79.0,129.0,0.59737134,53.0,156.0,0.6574298,105.0,148.0,0.58957976,27.0,145.0,0.74514943,118.0,150.0,0.43962482,85.0,174.0,0.7062613,96.0,170.0,0.60749817,135.0,193.0,0.49684393,139.0,189.0,0.63100827,186.0,206.0,0.6534934,189.0,205.0,0.34629148
girl2_cobra129.jpg,215.0,121.0,0.24009801,210.0,117.0,0.1420407,215.0,119.0,0.34685937,195.0,117.0,0.42152,210.0,122.0,0.54440975,179.0,134.0,0.5504088,202.0,140.0,0.6694982,153.0,149.0,0.44199508,200.0,158.0,0.25020713,141.0,149.0,0.5023816,225.0,142.0,0.6650591,154.0,170.0,0.4817216,166.0,177.0,0.6213544,111.0,187.0,0.6118423,116.0,191.0,0.40039352,62.0,204.0,0.43886,60.0,202.0,0.38847783
girl2_cobra129_flipped.jpg,40.0,123.0,0.28636405,39.0,120.0,0.25479233,42.0,119.0,0.21516776,44.0,123.0,0.4618722,59.0,120.0,0.3324521,56.0,141.0,0.49599048,76.0,134.0,0.51897645,57.0,159.0,0.6334603,106.0,149.0,0.5524062,31.0,143.0,0.7897528,115.0,150.0,0.40664902,89.0,177.0,0.62314284,101.0,171.0,0.5187016,139.0,191.0,0.37499267,148.0,186.0,0.31562912,195.0,205.0,0.40462628,197.0,203.0,0.40603402
girl2_cobra130_flipped.jpg,41.0,130.0,0.23222367,39.0,127.0,0.2593032,42.0,125.0,0.24517833,45.0,130.0,0.43498752,55.0,126.0,0.36591738,59.0,149.0,0.41571438,75.0,138.0,0.6169814,58.0,157.0,0.19121246,106.0,151.0,0.6344799,33.0,140.0,0.45676535,112.0,150.0,0.46361616,94.0,179.0,0.39475998,106.0,172.0,0.53799707,143.0,190.0,0.54695976,153.0,184.0,0.22802643,200.0,203.0,0.32110775,201.0,201.0,0.5798817
girl2_cobra133_flipped.jpg,44.0,145.0,0.24128394,41.0,142.0,0.3343244,41.0,143.0,0.27147296,44.0,140.0,0.33912787,45.0,141.0,0.19529793,60.0,153.0,0.3996843,68.0,148.0,0.36370027,85.0,150.0,0.1281076,104.0,149.0,0.25595587,108.0,150.0,0.24418119,108.0,149.0,0.6301624,100.0,177.0,0.554204,109.0,173.0,0.53651905,146.0,189.0,0.7800605,152.0,184.0,0.41998395,208.0,198.0,0.56953704,210.0,195.0,0.4699065
girl2_cobra136.jpg,212.0,139.0,0.18411976,215.0,137.0,0.29167745,213.0,136.0,0.31096068,214.0,143.0,0.2908013,209.0,140.0,0.3123868,199.0,156.0,0.2795796,191.0,146.0,0.42221102,180.0,152.0,0.12325713,176.0,149.0,0.13095911,149.0,149.0,0.50883746,149.0,149.0,0.35987288,161.0,176.0,0.54246706,152.0,168.0,0.32341528,102.0,187.0,0.63979983,99.0,182.0,0.45459276,39.0,194.0,0.56912905,38.0,194.0,0.603524
girl2_cobra136_flipped.jpg,50.0,143.0,0.23606971,46.0,140.0,0.2656276,46.0,141.0,0.25849265,46.0,143.0,0.23940237,45.0,145.0,0.2336032,61.0,157.0,0.22607683,61.0,156.0,0.25595903,83.0,150.0,0.1359837,99.0,149.0,0.2119076,104.0,149.0,0.25768113,104.0,148.0,0.53091836,103.0,176.0,0.5584897,107.0,174.0,0.5039742,156.0,186.0,0.39343885,160.0,182.0,0.38394544,218.0,195.0,0.6728629,218.0,192.0,0.5851754
girl2_cobra140.jpg,205.0,146.0,0.24621952,209.0,144.0,0.26907063,208.0,144.0,0.2736442,211.0,144.0,0.30545074,212.0,145.0,0.29799786,195.0,152.0,0.4006162,200.0,153.0,0.36766636,172.0,151.0,0.17044966,175.0,151.0,0.12209395,149.0,149.0,0.49422187,150.0,149.0,0.32234553,149.0,172.0,0.5981724,151.0,169.0,0.3799867,89.0,180.0,0.44111526,90.0,182.0,0.41975275,30.0,188.0,0.56720823,30.0,189.0,0.64906096
girl3_cobra092_flipped.jpg,136.0,205.0,0.47970608,146.0,198.0,0.5908456,131.0,197.0,0.36539543,159.0,176.0,0.25716397,117.0,177.0,0.24464773,164.0,159.0,0.275877,107.0,160.0,0.3581655,183.0,147.0,0.20687571,92.0,147.0,0.24740309,207.0,180.0,0.8044441,69.0,180.0,0.62935174,154.0,120.0,0.26446798,122.0,121.0,0.53229624,154.0,82.0,0.5370706,122.0,85.0,0.50176185,132.0,46.0,0.14783084,123.0,41.0,0.22321552
girl3_cobra094.jpg,110.0,202.0,0.46670455,118.0,194.0,0.4443974,105.0,197.0,0.41829333,129.0,171.0,0.3067871,92.0,184.0,0.3279874,143.0,146.0,0.1269539,85.0,160.0,0.1776515,162.0,141.0,0.18236081,63.0,144.0,0.31307885,192.0,169.0,0.5865592,37.0,169.0,0.5661291,130.0,126.0,0.2861665,102.0,125.0,0.46675146,132.0,86.0,0.73808676,101.0,84.0,0.50477654,133.0,32.0,0.14474413,106.0,30.0,0.16637704
girl3_cobra094_flipped.jpg,135.0,205.0,0.27821252,146.0,202.0,0.34488463,136.0,197.0,0.3045832,163.0,179.0,0.19850788,128.0,174.0,0.27310923,168.0,148.0,0.2900208,113.0,155.0,0.21446194,185.0,145.0,0.4308842,88.0,153.0,0.22687365,218.0,172.0,0.7148845,62.0,173.0,0.6332099,153.0,123.0,0.27128664,128.0,122.0,0.39426357,153.0,79.0,0.63881165,124.0,80.0,0.2059157,148.0,29.0,0.11395311,122.0,33.0,0.17750573
girl3_cobra096_flipped.jpg,152.0,208.0,0.44497052,163.0,194.0,0.3949421,148.0,201.0,0.37467957,172.0,158.0,0.38770488,131.0,181.0,0.2886476,172.0,142.0,0.5490647,110.0,156.0,0.32066908,193.0,139.0,0.19653738,77.0,152.0,0.11497725,230.0,160.0,0.60272986,50.0,163.0,0.58825934,150.0,120.0,0.21061377,125.0,121.0,0.4604637,148.0,77.0,0.3830853,119.0,79.0,0.15778013,116.0,23.0,0.35072747,143.0,23.0,0.31900263
girl3_cobra097_flipped.jpg,153.0,207.0,0.34538785,164.0,196.0,0.36501488,150.0,199.0,0.3677895,175.0,171.0,0.16814926,135.0,180.0,0.16954383,177.0,140.0,0.56820387,111.0,151.0,0.21273866,194.0,136.0,0.1676237,78.0,152.0,0.13906841,236.0,154.0,0.7505723,49.0,159.0,0.63623655,154.0,118.0,0.21877182,123.0,119.0,0.4282535,151.0,75.0,0.45845467,118.0,79.0,0.4150338,117.0,19.0,0.2997865,142.0,19.0,0.3116662
girl3_cobra098.jpg,90.0,197.0,0.44427523,98.0,192.0,0.45840725,82.0,189.0,0.39774483,116.0,177.0,0.35746703,79.0,178.0,0.21067838,129.0,152.0,0.2390035,72.0,146.0,0.19743839,149.0,135.0,0.1544873,59.0,131.0,0.39515623,189.0,146.0,0.5409416,18.0,142.0,0.66016877,119.0,121.0,0.3704916,95.0,119.0,0.46331507,127.0,78.0,0.4230118,102.0,78.0,0.38058567,107.0,18.0,0.25893515,133.0,23.0,0.52770305
girl3_cobra099.jpg,86.0,193.0,0.4610318,94.0,188.0,0.5357392,78.0,184.0,0.46449876,112.0,174.0,0.33892316,73.0,171.0,0.2874013,124.0,154.0,0.13321103,71.0,138.0,0.35702518,147.0,134.0,0.15450233,61.0,127.0,0.4429377,188.0,141.0,0.5028869,17.0,135.0,0.6149454,124.0,121.0,0.32984337,99.0,118.0,0.39233193,129.0,79.0,0.6764473,101.0,76.0,0.5214109,133.0,24.0,0.16620345,133.0,23.0,0.23538487
girl3_cobra101.jpg,80.0,189.0,0.44860688,87.0,185.0,0.52492297,73.0,179.0,0.5039592,103.0,169.0,0.22089681,70.0,163.0,0.253343,92.0,130.0,0.226394,70.0,130.0,0.3237025,143.0,128.0,0.31535178,57.0,122.0,0.57022953,185.0,134.0,0.5008793,14.0,118.0,0.55799496,110.0,120.0,0.24052042,104.0,117.0,0.27946177,100.0,71.0,0.70211184,128.0,69.0,0.1476381,108.0,19.0,0.29623732,134.0,24.0,0.2520432
girl3_cobra107.jpg,73.0,175.0,0.49372146,82.0,167.0,0.37548974,66.0,166.0,0.62266564,105.0,152.0,0.38756594,62.0,154.0,0.2226481,128.0,132.0,0.34050587,65.0,126.0,0.25913328,145.0,129.0,0.35353088,55.0,117.0,0.3354134,186.0,143.0,0.51397884,17.0,117.0,0.5627119,131.0,108.0,0.2604847,97.0,106.0,0.25501272,137.0,69.0,0.69486046,106.0,65.0,0.29823822,129.0,18.0,0.200239,119.0,21.0,0.37545565
girl3_cobra116.jpg,65.0,142.0,0.5382606,74.0,134.0,0.6475971,59.0,133.0,0.6711494,94.0,124.0,0.4415187,54.0,124.0,0.32285678,113.0,122.0,0.62231684,55.0,111.0,0.41807523,139.0,119.0,0.35815215,46.0,104.0,0.17439353,173.0,137.0,0.6722965,21.0,103.0,0.5058969,119.0,100.0,0.1897324,91.0,92.0,0.58140194,135.0,68.0,0.773713,102.0,73.0,0.18687882,149.0,15.0,0.33129516,126.0,14.0,0.37972862
girl3_cobra116_flipped.jpg,193.0,145.0,0.6663771,200.0,134.0,0.5231508,184.0,135.0,0.52453697,205.0,122.0,0.38039058,163.0,132.0,0.31113836,203.0,110.0,0.35822842,142.0,129.0,0.4288163,151.0,61.0,0.13688137,116.0,124.0,0.36404005,236.0,105.0,0.45822474,82.0,139.0,0.56864035,157.0,95.0,0.41880247,132.0,101.0,0.35167316,146.0,62.0,0.3601623,117.0,69.0,0.49737045,126.0,12.0,0.29273748,107.0,16.0,0.25103956
girl3_cobra117.jpg,66.0,138.0,0.56972635,75.0,129.0,0.4582087,60.0,129.0,0.51638323,97.0,119.0,0.40610087,58.0,121.0,0.2571408,119.0,118.0,0.6532426,60.0,111.0,0.28045627,140.0,117.0,0.3089518,52.0,102.0,0.15732864,174.0,134.0,0.58005005,26.0,101.0,0.5658145,124.0,94.0,0.27071378,99.0,88.0,0.54070306,140.0,68.0,0.76354,110.0,63.0,0.27143276,154.0,16.0,0.38056406,131.0,14.0,0.48615044
girl3_cobra118.jpg,67.0,133.0,0.50040364,75.0,125.0,0.51480424,62.0,124.0,0.56023383,96.0,116.0,0.40271908,58.0,116.0,0.31880236,117.0,113.0,0.43049815,60.0,107.0,0.388082,141.0,113.0,0.42831996,53.0,99.0,0.34314087,173.0,130.0,0.60478455,29.0,97.0,0.55383766,121.0,92.0,0.30461338,96.0,86.0,0.6037705,140.0,64.0,0.79268193,110.0,61.0,0.35566908,154.0,15.0,0.41677666,131.0,13.0,0.51859605
girl3_cobra120.jpg,71.0,134.0,0.49981353,80.0,126.0,0.63314074,66.0,125.0,0.6333937,103.0,117.0,0.4326597,64.0,116.0,0.27600646,124.0,118.0,0.6426488,64.0,112.0,0.27394226,146.0,120.0,0.32995135,57.0,101.0,0.34672096,181.0,137.0,0.65821946,35.0,101.0,0.6103864,131.0,94.0,0.20523968,104.0,88.0,0.43279082,149.0,74.0,0.39167884,119.0,63.0,0.52993834,155.0,14.0,0.25338182,143.0,13.0,0.52778095
girl3_cobra123.jpg,70.0,124.0,0.6368518,77.0,117.0,0.69631267,65.0,116.0,0.46700695,98.0,110.0,0.4026664,62.0,108.0,0.33544552,119.0,111.0,0.4829132,65.0,104.0,0.5254172,142.0,113.0,0.2680006,55.0,94.0,0.2300613,175.0,130.0,0.47121018,35.0,94.0,0.45226264,125.0,91.0,0.30317724,101.0,84.0,0.51443446,146.0,77.0,0.4702467,118.0,63.0,0.660963,156.0,14.0,0.36912164,141.0,13.0,0.5329912
girl3_cobra125.jpg,71.0,123.0,0.5356727,78.0,117.0,0.6429869,66.0,115.0,0.5939239,99.0,109.0,0.26126412,65.0,107.0,0.25852105,121.0,111.0,0.39175415,68.0,99.0,0.44681883,143.0,114.0,0.1548847,59.0,90.0,0.15122469,175.0,127.0,0.47206447,39.0,88.0,0.61380315,126.0,90.0,0.32027537,101.0,82.0,0.55161655,147.0,67.0,0.5726756,121.0,60.0,0.66108835,154.0,14.0,0.38586125,141.0,14.0,0.48481655
girl3_cobra126.jpg,66.0,131.0,0.48649755,73.0,124.0,0.60652035,61.0,124.0,0.4868787,95.0,115.0,0.30331552,56.0,116.0,0.2779982,115.0,117.0,0.5192423,57.0,102.0,0.42119578,142.0,114.0,0.43778914,52.0,94.0,0.2345588,175.0,130.0,0.39501956,32.0,89.0,0.35211372,120.0,93.0,0.24452047,99.0,86.0,0.5930234,147.0,67.0,0.5895785,121.0,58.0,0.69527984,166.0,14.0,0.41828454,145.0,9.0,0.53007257
girl3_cobra132.jpg,64.0,177.0,0.35989228,62.0,172.0,0.39107355,65.0,177.0,0.39683276,69.0,158.0,0.37545046,80.0,166.0,0.33763775,68.0,132.0,0.36024886,112.0,142.0,0.3828033,87.0,95.0,0.48117185,143.0,113.0,0.41000342,47.0,98.0,0.4231537,169.0,138.0,0.5408157,113.0,89.0,0.4103064,132.0,94.0,0.52747583,133.0,61.0,0.37874264,153.0,72.0,0.4554402,155.0,19.0,0.34883264,164.0,20.0,0.279783
girl3_cobra132_flipped.jpg,188.0,168.0,0.24380286,190.0,166.0,0.32381564,189.0,167.0,0.40582907,185.0,150.0,0.33007857,184.0,154.0,0.31266132,143.0,141.0,0.2656285,184.0,125.0,0.33354548,113.0,110.0,0.28267142,172.0,96.0,0.26102436,85.0,138.0,0.63404685,209.0,98.0,0.4978227,123.0,97.0,0.5030627,148.0,92.0,0.37080067,99.0,64.0,0.41369718,119.0,58.0,0.5464989,86.0,34.0,0.20363861,95.0,20.0,0.28923762
girl3_cobra134.jpg,64.0,165.0,0.24243698,63.0,173.0,0.43477675,61.0,168.0,0.38746306,79.0,174.0,0.25515774,70.0,167.0,0.14759019,111.0,158.0,0.571434,70.0,134.0,0.27582037,137.0,115.0,0.2829319,82.0,97.0,0.5038644,167.0,144.0,0.35433358,44.0,104.0,0.6012733,127.0,104.0,0.6470393,111.0,98.0,0.50447875,153.0,80.0,0.43680882,148.0,75.0,0.1283315,174.0,34.0,0.17716959,156.0,23.0,0.48223114
girl3_cobra138.jpg,71.0,167.0,0.31607336,67.0,173.0,0.4614178,72.0,171.0,0.37207735,74.0,169.0,0.25740567,86.0,169.0,0.2520675,72.0,140.0,0.5467524,116.0,152.0,0.30953056,91.0,100.0,0.58873385,135.0,125.0,0.16715728,57.0,102.0,0.33961865,138.0,118.0,0.14644794,118.0,95.0,0.5771116,136.0,102.0,0.54338634,143.0,60.0,0.6512643,149.0,60.0,0.25460747,176.0,32.0,0.15067858,172.0,20.0,0.4911039
guy1_cobra025.jpg,178.0,94.0,0.69137114,177.0,90.0,0.74530125,175.0,90.0,0.58866984,169.0,89.0,0.538956,165.0,89.0,0.7432188,154.0,97.0,0.5749024,145.0,95.0,0.71098787,140.0,100.0,0.22565721,116.0,104.0,0.43339604,145.0,117.0,0.5734435,131.0,123.0,0.5280609,98.0,105.0,0.6034606,97.0,107.0,0.7156861,55.0,105.0,0.62961626,55.0,108.0,0.61998516,19.0,106.0,0.65196425,19.0,106.0,0.5760958
guy1_cobra025_flipped.jpg,74.0,92.0,0.43511814,75.0,87.0,0.47448495,74.0,88.0,0.4998878,84.0,85.0,0.7330235,82.0,86.0,0.63959,103.0,91.0,0.7181217,98.0,92.0,0.7047323,138.0,100.0,0.52531946,132.0,96.0,0.18889757,122.0,120.0,0.64355266,115.0,116.0,0.3738762,156.0,104.0,0.7530083,153.0,103.0,0.629985,200.0,108.0,0.5341264,197.0,105.0,0.56349784,237.0,104.0,0.40965202,235.0,103.0,0.59420013
guy1_cobra026.jpg,177.0,92.0,0.59334874,176.0,87.0,0.4985807,175.0,87.0,0.52925587,167.0,87.0,0.3648282,164.0,87.0,0.57524574,152.0,96.0,0.6502525,147.0,93.0,0.75493693,134.0,101.0,0.1832749,115.0,104.0,0.47876516,142.0,118.0,0.49459466,130.0,123.0,0.4602826,96.0,104.0,0.7666898,97.0,107.0,0.7285364,55.0,106.0,0.60503626,55.0,108.0,0.5834019,19.0,106.0,0.71611565,20.0,106.0,0.5071925
guy1_cobra026_flipped.jpg,76.0,90.0,0.661737,79.0,85.0,0.6520232,76.0,85.0,0.6652916,90.0,83.0,0.71597576,83.0,84.0,0.47664353,107.0,90.0,0.7526305,100.0,91.0,0.6586977,140.0,100.0,0.5007682,124.0,96.0,0.17850539,125.0,119.0,0.83627707,118.0,115.0,0.28071317,158.0,105.0,0.70644116,154.0,104.0,0.5449878,203.0,107.0,0.41848218,199.0,104.0,0.55077064,241.0,103.0,0.5504219,236.0,103.0,0.48453838
guy1_cobra027.jpg,179.0,92.0,0.5952501,178.0,88.0,0.6262541,176.0,88.0,0.63526386,169.0,86.0,0.58786756,166.0,86.0,0.81758034,154.0,94.0,0.74777627,148.0,93.0,0.69381505,138.0,99.0,0.27248836,116.0,103.0,0.4195896,142.0,117.0,0.26312956,131.0,123.0,0.5551233,99.0,103.0,0.73788655,98.0,107.0,0.67960465,57.0,104.0,0.6391224,56.0,107.0,0.58120346,20.0,105.0,0.7171335,20.0,105.0,0.53779984
guy1_cobra027_flipped.jpg,72.0,87.0,0.67104286,75.0,82.0,0.4560398,73.0,82.0,0.72142017,87.0,82.0,0.81309175,83.0,82.0,0.6334877,104.0,89.0,0.61627924,99.0,89.0,0.4786341,140.0,99.0,0.46378762,124.0,96.0,0.20391542,123.0,120.0,0.80105984,118.0,116.0,0.23490456,159.0,104.0,0.7260468,157.0,103.0,0.56329525,203.0,107.0,0.65737426,199.0,103.0,0.62784135,241.0,103.0,0.6233785,237.0,102.0,0.500767
guy1_cobra028.jpg,180.0,90.0,0.5869976,179.0,86.0,0.6770401,177.0,86.0,0.72975194,169.0,85.0,0.59229505,165.0,85.0,0.78292,155.0,93.0,0.6400111,147.0,91.0,0.7579367,144.0,100.0,0.2673505,117.0,102.0,0.450239,145.0,116.0,0.40212795,132.0,123.0,0.57300687,99.0,103.0,0.7498783,97.0,106.0,0.6825583,58.0,103.0,0.5930985,57.0,106.0,0.6045314,22.0,105.0,0.7334485,21.0,105.0,0.56588745
guy1_cobra028_flipped.jpg,72.0,86.0,0.6726489,75.0,82.0,0.67462915,73.0,82.0,0.78762436,87.0,82.0,0.82079625,83.0,82.0,0.63662595,104.0,88.0,0.7816082,100.0,88.0,0.6036608,141.0,100.0,0.4818865,128.0,95.0,0.25932994,124.0,120.0,0.81135356,118.0,115.0,0.30512545,158.0,105.0,0.7410197,156.0,103.0,0.5785459,202.0,108.0,0.6488024,197.0,103.0,0.63456595,240.0,103.0,0.5876932,235.0,101.0,0.5901381
guy1_cobra029.jpg,180.0,88.0,0.54189056,179.0,84.0,0.63977647,177.0,84.0,0.70762205,169.0,83.0,0.56093955,165.0,84.0,0.7170148,156.0,90.0,0.8032074,147.0,90.0,0.6072788,144.0,97.0,0.27750164,117.0,102.0,0.5302794,146.0,114.0,0.3542189,133.0,121.0,0.6906525,99.0,102.0,0.67449415,96.0,105.0,0.7444681,59.0,102.0,0.549685,57.0,106.0,0.6866498,23.0,103.0,0.7470564,21.0,104.0,0.54186
guy1_cobra029_flipped.jpg,71.0,86.0,0.6397178,74.0,82.0,0.7578203,72.0,81.0,0.670696,85.0,81.0,0.8575173,81.0,81.0,0.66987395,101.0,88.0,0.80528504,97.0,88.0,0.6615565,138.0,100.0,0.59065723,123.0,95.0,0.25370762,121.0,123.0,0.6809512,108.0,115.0,0.49971622,155.0,105.0,0.6659297,151.0,102.0,0.58696175,196.0,110.0,0.521771,193.0,104.0,0.6608509,236.0,103.0,0.6171453,229.0,101.0,0.5552704
guy1_cobra032.jpg,181.0,86.0,0.650479,180.0,81.0,0.6610617,178.0,81.0,0.76634663,172.0,81.0,0.47773734,166.0,81.0,0.75301546,158.0,91.0,0.5005686,148.0,89.0,0.692241,146.0,103.0,0.48252463,118.0,102.0,0.4993932,150.0,115.0,0.48845854,134.0,123.0,0.5978116,103.0,102.0,0.71360934,98.0,104.0,0.73068845,64.0,102.0,0.6256156,61.0,104.0,0.568951,31.0,102.0,0.7303304,27.0,103.0,0.6394317
guy1_cobra032_flipped.jpg,68.0,81.0,0.6600641,71.0,77.0,0.74147093,68.0,76.0,0.7171258,83.0,76.0,0.75070256,78.0,76.0,0.45660806,100.0,84.0,0.73066825,94.0,85.0,0.5770649,137.0,99.0,0.5725577,112.0,98.0,0.32458323,118.0,120.0,0.64901656,100.0,113.0,0.5636141,153.0,103.0,0.63650787,150.0,102.0,0.548478,194.0,104.0,0.6316412,191.0,102.0,0.4489825,227.0,99.0,0.49457827,224.0,99.0,0.7276399
guy1_cobra037.jpg,188.0,80.0,0.4928657,188.0,74.0,0.6033757,184.0,75.0,0.6926626,180.0,73.0,0.59973836,171.0,73.0,0.8644571,166.0,86.0,0.71892214,150.0,85.0,0.69070446,150.0,105.0,0.5386217,118.0,102.0,0.5914103,164.0,117.0,0.7116333,137.0,125.0,0.7561515,111.0,106.0,0.69769704,103.0,108.0,0.7322961,75.0,102.0,0.71606505,67.0,105.0,0.57568705,43.0,98.0,0.5470917,33.0,100.0,0.67482007
guy1_cobra037_flipped.jpg,62.0,80.0,0.55272377,66.0,76.0,0.678923,63.0,76.0,0.5052453,78.0,77.0,0.807831,71.0,78.0,0.37170687,98.0,88.0,0.6860592,83.0,91.0,0.59156084,124.0,106.0,0.76567817,99.0,106.0,0.32496,111.0,126.0,0.6864035,84.0,117.0,0.6733006,143.0,106.0,0.58918786,137.0,106.0,0.4818213,177.0,108.0,0.7225536,173.0,104.0,0.67041075,209.0,102.0,0.648159,198.0,100.0,0.5432111
guy1_cobra039.jpg,192.0,80.0,0.6702797,193.0,75.0,0.43192664,188.0,75.0,0.5237706,184.0,74.0,0.57330817,175.0,74.0,0.6854766,174.0,88.0,0.60092556,156.0,87.0,0.68164724,157.0,107.0,0.5379576,125.0,104.0,0.69438046,170.0,120.0,0.787231,143.0,127.0,0.61916685,118.0,110.0,0.64545786,111.0,112.0,0.7733745,82.0,103.0,0.53929746,75.0,107.0,0.5543933,57.0,100.0,0.54512906,46.0,103.0,0.6590408
guy1_cobra039_flipped.jpg,60.0,79.0,0.5137396,64.0,76.0,0.48831615,60.0,75.0,0.5168522,77.0,76.0,0.66369987,67.0,76.0,0.24875863,97.0,87.0,0.5102134,80.0,90.0,0.49085504,123.0,105.0,0.66582173,94.0,107.0,0.4055394,108.0,126.0,0.7131779,81.0,118.0,0.599386,139.0,106.0,0.59985346,133.0,107.0,0.530536,173.0,108.0,0.75095344,169.0,105.0,0.6307496,204.0,101.0,0.6458202,196.0,99.0,0.30393794
guy1_cobra041.jpg,195.0,82.0,0.6947471,195.0,77.0,0.7372756,191.0,77.0,0.6495278,188.0,77.0,0.5001558,179.0,77.0,0.8358396,178.0,91.0,0.7499371,158.0,89.0,0.767916,165.0,110.0,0.39258286,131.0,108.0,0.6379722,174.0,121.0,0.8656808,148.0,132.0,0.67631036,123.0,115.0,0.73916125,116.0,116.0,0.78490436,90.0,107.0,0.45000327,84.0,109.0,0.61443305,64.0,103.0,0.5543561,54.0,105.0,0.7293265
guy1_cobra041_flipped.jpg,57.0,81.0,0.73839676,62.0,77.0,0.79223233,57.0,77.0,0.7466546,75.0,78.0,0.78131753,65.0,77.0,0.3584559,94.0,90.0,0.6876449,75.0,93.0,0.5529604,121.0,107.0,0.65430355,89.0,111.0,0.47186697,105.0,130.0,0.74377954,78.0,121.0,0.77388436,137.0,109.0,0.57120544,129.0,110.0,0.4966715,167.0,109.0,0.70093656,162.0,107.0,0.6302581,196.0,103.0,0.7103459,186.0,102.0,0.56558883
guy1_cobra045.jpg,195.0,80.0,0.5416192,196.0,76.0,0.6054691,191.0,76.0,0.58606327,189.0,76.0,0.38753912,178.0,77.0,0.76423484,181.0,91.0,0.6730256,155.0,89.0,0.71535504,168.0,110.0,0.5339879,131.0,111.0,0.63709503,179.0,125.0,0.772566,147.0,134.0,0.7211044,129.0,117.0,0.62926143,118.0,117.0,0.6930016,95.0,110.0,0.54667616,89.0,112.0,0.39219669,73.0,106.0,0.52530813,61.0,108.0,0.5882581
guy1_cobra045_flipped.jpg,58.0,80.0,0.776623,63.0,76.0,0.717685,57.0,76.0,0.61830723,75.0,76.0,0.59795594,63.0,77.0,0.50337064,98.0,90.0,0.75894195,72.0,94.0,0.65155804,118.0,109.0,0.66284156,86.0,112.0,0.53219235,104.0,132.0,0.68978465,73.0,124.0,0.813698,136.0,113.0,0.5647706,127.0,114.0,0.49721217,161.0,109.0,0.6972729,155.0,109.0,0.72154164,187.0,105.0,0.66937,179.0,103.0,0.6562685
guy1_cobra047.jpg,195.0,78.0,0.7091832,195.0,73.0,0.69873095,190.0,74.0,0.7965536,189.0,73.0,0.39396766,177.0,74.0,0.7695584,181.0,91.0,0.6147259,153.0,87.0,0.5193247,168.0,109.0,0.5926907,130.0,111.0,0.5412475,180.0,124.0,0.7548044,146.0,134.0,0.69212306,132.0,117.0,0.6251713,120.0,117.0,0.7238289,99.0,109.0,0.46566924,89.0,110.0,0.4087141,78.0,103.0,0.5245888,65.0,105.0,0.71985626
guy1_cobra047_flipped.jpg,60.0,81.0,0.7615823,65.0,76.0,0.71575195,60.0,76.0,0.5960958,77.0,76.0,0.7757593,65.0,75.0,0.5593486,101.0,91.0,0.7596341,73.0,95.0,0.71418464,122.0,111.0,0.46123773,87.0,113.0,0.61135554,109.0,134.0,0.84448004,73.0,126.0,0.7094432,136.0,115.0,0.6764556,123.0,117.0,0.6088002,163.0,111.0,0.7206626,152.0,113.0,0.650785,188.0,106.0,0.59119475,178.0,105.0,0.6018403
guy1_cobra048.jpg,196.0,74.0,0.72770035,197.0,69.0,0.74801767,191.0,69.0,0.6869283,189.0,68.0,0.4734871,177.0,69.0,0.7968728,183.0,88.0,0.6539674,155.0,83.0,0.7044307,168.0,107.0,0.65674794,129.0,108.0,0.6376474,183.0,124.0,0.8274745,145.0,133.0,0.77033365,134.0,114.0,0.5790509,120.0,116.0,0.7649682,96.0,104.0,0.48595786,87.0,108.0,0.65463793,79.0,99.0,0.5181155,62.0,102.0,0.46523857
guy1_cobra048_flipped.jpg,61.0,81.0,0.7895002,66.0,77.0,0.8753542,60.0,77.0,0.779716,78.0,78.0,0.8053376,66.0,77.0,0.6737498,102.0,92.0,0.6785393,73.0,97.0,0.7547722,123.0,113.0,0.6830145,88.0,115.0,0.5960122,110.0,137.0,0.8903199,73.0,129.0,0.87209237,136.0,118.0,0.60897195,123.0,119.0,0.49039224,163.0,113.0,0.6782131,154.0,112.0,0.4398817,188.0,108.0,0.63763,174.0,106.0,0.56099427
guy1_cobra050.jpg,191.0,79.0,0.3445234,192.0,75.0,0.4034258,187.0,75.0,0.60544527,189.0,75.0,0.13478613,174.0,75.0,0.6472511,180.0,93.0,0.37325823,155.0,89.0,0.49742496,170.0,112.0,0.5105723,130.0,111.0,0.41556588,182.0,127.0,0.43141115,145.0,134.0,0.47660792,140.0,118.0,0.44398424,128.0,116.0,0.56296086,112.0,110.0,0.25243053,97.0,110.0,0.24429975,87.0,105.0,0.27065173,76.0,105.0,0.46980608
guy1_cobra050_flipped.jpg,64.0,79.0,0.4556221,68.0,75.0,0.55962193,62.0,75.0,0.6368307,82.0,75.0,0.72685385,66.0,76.0,0.24773368,103.0,90.0,0.56566685,74.0,94.0,0.617419,124.0,110.0,0.6065004,83.0,113.0,0.5436088,111.0,134.0,0.78031737,73.0,128.0,0.71778077,134.0,115.0,0.5821141,119.0,117.0,0.5489411,160.0,109.0,0.59703535,148.0,112.0,0.60185236,180.0,104.0,0.54601526,166.0,105.0,0.37413707
guy1_cobra053.jpg,183.0,79.0,0.44606513,186.0,74.0,0.69960934,179.0,74.0,0.6893536,182.0,74.0,0.1733001,166.0,75.0,0.64418167,174.0,94.0,0.5117365,147.0,90.0,0.46995482,167.0,113.0,0.56917006,124.0,111.0,0.44236764,178.0,129.0,0.53510916,137.0,134.0,0.5332966,139.0,121.0,0.5535219,122.0,117.0,0.55058837,115.0,110.0,0.2614619,92.0,111.0,0.23196205,89.0,104.0,0.3558084,78.0,104.0,0.5951165
guy1_cobra053_flipped.jpg,71.0,79.0,0.4276224,76.0,74.0,0.6259448,70.0,75.0,0.69078815,89.0,74.0,0.7243984,73.0,76.0,0.29728922,110.0,91.0,0.68185943,80.0,95.0,0.47084647,133.0,110.0,0.41938603,86.0,114.0,0.64119595,118.0,134.0,0.69205475,77.0,129.0,0.6605402,136.0,118.0,0.6131458,121.0,118.0,0.43969473,157.0,111.0,0.636278,146.0,110.0,0.36471432,179.0,103.0,0.70163214,160.0,104.0,0.31042844
guy1_cobra057.jpg,169.0,79.0,0.6860703,172.0,74.0,0.55213106,165.0,74.0,0.7418746,171.0,74.0,0.28812888,153.0,75.0,0.7113247,166.0,92.0,0.5625315,137.0,90.0,0.44923684,159.0,110.0,0.45028037,115.0,111.0,0.521713,170.0,129.0,0.6655501,125.0,134.0,0.739299,138.0,122.0,0.55558974,120.0,121.0,0.552096,114.0,110.0,0.29071674,94.0,114.0,0.33972174,90.0,104.0,0.42340586,80.0,105.0,0.5185387
guy1_cobra057_flipped.jpg,85.0,78.0,0.6500578,90.0,73.0,0.81825614,83.0,73.0,0.6588768,102.0,74.0,0.69100213,84.0,74.0,0.3309312,121.0,91.0,0.5357634,89.0,92.0,0.47057208,139.0,111.0,0.5202756,95.0,113.0,0.55483246,131.0,135.0,0.5014335,85.0,129.0,0.5136546,141.0,116.0,0.544836,125.0,116.0,0.4227685,157.0,112.0,0.34033263,147.0,108.0,0.37268764,175.0,101.0,0.3611365,168.0,102.0,0.3332297
guy1_cobra058.jpg,167.0,78.0,0.6059251,169.0,73.0,0.73909163,162.0,74.0,0.8270533,168.0,73.0,0.23987056,150.0,75.0,0.6481326,164.0,91.0,0.4375835,131.0,90.0,0.42011935,157.0,111.0,0.50109506,111.0,112.0,0.50840795,168.0,129.0,0.46412575,123.0,134.0,0.5823915,137.0,121.0,0.45305654,117.0,120.0,0.48907313,111.0,109.0,0.32526276,93.0,112.0,0.33821923,90.0,103.0,0.36814195,80.0,103.0,0.44737014
guy1_cobra058_flipped.jpg,91.0,75.0,0.5842744,96.0,70.0,0.6812775,88.0,70.0,0.68110585,109.0,70.0,0.7232208,90.0,71.0,0.46650815,127.0,86.0,0.5201604,92.0,88.0,0.4719396,147.0,110.0,0.6075067,98.0,110.0,0.5282906,137.0,133.0,0.80940133,90.0,126.0,0.7773029,145.0,117.0,0.6040232,126.0,117.0,0.5618825,161.0,110.0,0.5590175,153.0,106.0,0.4016138,179.0,99.0,0.4961663,173.0,99.0,0.4353021
guy1_cobra060.jpg,159.0,77.0,0.4810727,162.0,73.0,0.7614332,154.0,73.0,0.7391616,162.0,72.0,0.3102286,143.0,74.0,0.55787575,160.0,88.0,0.40148076,126.0,88.0,0.3529665,155.0,110.0,0.5294994,105.0,111.0,0.45092973,162.0,128.0,0.58193326,116.0,134.0,0.5927597,135.0,123.0,0.60665333,114.0,121.0,0.52403665,107.0,111.0,0.3474816,93.0,113.0,0.2706059,90.0,104.0,0.35337153,82.0,105.0,0.54773635
guy1_cobra060_flipped.jpg,96.0,78.0,0.63757145,101.0,73.0,0.8141047,94.0,73.0,0.7713345,113.0,73.0,0.6360774,94.0,73.0,0.37813446,129.0,89.0,0.60183716,97.0,90.0,0.4538891,147.0,110.0,0.5315271,99.0,111.0,0.4241641,139.0,133.0,0.55606186,92.0,129.0,0.4466817,140.0,120.0,0.4578942,122.0,120.0,0.5421814,159.0,108.0,0.28965577,143.0,102.0,0.19589253,172.0,101.0,0.44976446,172.0,101.0,0.3867545
guy1_cobra091_flipped.jpg,118.0,74.0,0.69578254,122.0,69.0,0.7469106,113.0,69.0,0.7804776,125.0,68.0,0.35334733,104.0,69.0,0.49044812,126.0,84.0,0.6886897,88.0,83.0,0.5670122,123.0,105.0,0.4755526,71.0,108.0,0.35366234,133.0,126.0,0.6274613,80.0,129.0,0.3417682,100.0,125.0,0.49779564,80.0,121.0,0.4668509,73.0,106.0,0.26023933,65.0,104.0,0.20528296,62.0,101.0,0.3660781,59.0,99.0,0.26541454
guy1_cobra101.jpg,123.0,75.0,0.6077655,129.0,69.0,0.7894828,120.0,69.0,0.69701004,142.0,70.0,0.66011393,122.0,69.0,0.31892112,165.0,88.0,0.6301917,127.0,88.0,0.56032515,186.0,114.0,0.78468347,133.0,110.0,0.57412636,172.0,137.0,0.7618174,123.0,130.0,0.53184783,189.0,118.0,0.4174986,170.0,118.0,0.2908928,209.0,109.0,0.51798093,203.0,109.0,0.23100898,223.0,104.0,0.24498117,217.0,104.0,0.33276343
guy1_cobra101_flipped.jpg,131.0,75.0,0.51009,134.0,69.0,0.78119755,126.0,69.0,0.79727983,133.0,69.0,0.2757978,112.0,71.0,0.5253298,128.0,90.0,0.6476707,90.0,87.0,0.4298398,121.0,111.0,0.6839319,68.0,113.0,0.5486007,133.0,130.0,0.68461037,83.0,138.0,0.8099836,96.0,122.0,0.48330757,72.0,119.0,0.48504958,69.0,110.0,0.28865895,45.0,111.0,0.54008734,49.0,103.0,0.3333805,33.0,102.0,0.5864413
guy1_cobra110.jpg,92.0,82.0,0.7910267,97.0,76.0,0.7442162,91.0,76.0,0.5391531,112.0,75.0,0.6575242,96.0,76.0,0.55600214,141.0,92.0,0.7405838,104.0,94.0,0.66254604,166.0,118.0,0.53545547,119.0,117.0,0.6766976,149.0,142.0,0.7830541,108.0,133.0,0.7926718,181.0,118.0,0.6021368,166.0,117.0,0.4268128,211.0,116.0,0.54789203,197.0,112.0,0.5020566,239.0,109.0,0.8601942,225.0,105.0,0.63530886
guy1_cobra110_flipped.jpg,163.0,81.0,0.6510557,164.0,76.0,0.44961134,158.0,76.0,0.6682097,159.0,76.0,0.27311343,143.0,76.0,0.4857788,151.0,96.0,0.3954539,111.0,91.0,0.5635183,136.0,115.0,0.6205677,86.0,117.0,0.5891609,145.0,131.0,0.71523404,106.0,142.0,0.8633345,90.0,117.0,0.40890008,75.0,116.0,0.62263954,58.0,111.0,0.4763031,44.0,117.0,0.7776342,33.0,106.0,0.39758587,20.0,108.0,0.4982095
guy1_cobra112.jpg,83.0,84.0,0.55789703,88.0,79.0,0.66353583,83.0,78.0,0.7314038,103.0,79.0,0.74885595,91.0,78.0,0.56282973,135.0,94.0,0.69694555,99.0,95.0,0.67889106,162.0,116.0,0.5446545,117.0,117.0,0.5753439,143.0,142.0,0.8454662,105.0,133.0,0.85274565,176.0,117.0,0.8025815,162.0,117.0,0.5267482,210.0,116.0,0.68053377,193.0,114.0,0.5393615,240.0,109.0,0.85704714,223.0,105.0,0.6325153
guy1_cobra112_flipped.jpg,172.0,84.0,0.55220354,173.0,78.0,0.7383243,166.0,79.0,0.8108727,164.0,78.0,0.7046665,151.0,79.0,0.8151486,159.0,95.0,0.7170031,118.0,92.0,0.7486262,144.0,113.0,0.59018195,91.0,116.0,0.7361381,152.0,132.0,0.88523346,112.0,142.0,0.84366244,96.0,117.0,0.58552825,82.0,116.0,0.705508,63.0,114.0,0.45651576,48.0,117.0,0.6589986,32.0,106.0,0.5451186,19.0,108.0,0.48275605
guy1_cobra115.jpg,70.0,88.0,0.7161877,76.0,82.0,0.7506205,70.0,82.0,0.82277167,90.0,82.0,0.77347255,79.0,81.0,0.6059774,122.0,96.0,0.76464,89.0,97.0,0.6891479,152.0,116.0,0.64442766,110.0,117.0,0.5012578,134.0,141.0,0.9117239,99.0,130.0,0.9026866,167.0,118.0,0.6691663,154.0,118.0,0.53396285,201.0,119.0,0.7706678,186.0,116.0,0.4587458,239.0,111.0,0.6414046,224.0,106.0,0.59537256
guy1_cobra115_flipped.jpg,185.0,87.0,0.6329272,186.0,81.0,0.85619175,179.0,82.0,0.7443675,178.0,81.0,0.62751806,164.0,81.0,0.7253287,168.0,97.0,0.66332567,136.0,93.0,0.7922679,149.0,115.0,0.40808308,101.0,115.0,0.80375874,158.0,131.0,0.83569264,122.0,141.0,0.9331272,107.0,115.0,0.647447,94.0,117.0,0.6923169,69.0,113.0,0.42405027,54.0,120.0,0.82691634,30.0,107.0,0.708941,18.0,110.0,0.79507303
guy1_cobra123.jpg,41.0,97.0,0.776599,45.0,92.0,0.70028067,43.0,92.0,0.55422306,59.0,91.0,0.7214811,55.0,90.0,0.63034713,88.0,97.0,0.7792263,72.0,98.0,0.7130588,130.0,112.0,0.7310537,96.0,105.0,0.26776984,110.0,136.0,0.8289087,81.0,125.0,0.736868,140.0,117.0,0.75495905,131.0,113.0,0.6787914,192.0,118.0,0.5547633,183.0,110.0,0.7847853,236.0,112.0,0.8515793,225.0,107.0,0.7216137
guy1_cobra123_flipped.jpg,213.0,96.0,0.6631149,212.0,91.0,0.49199492,210.0,91.0,0.6257735,199.0,90.0,0.68346566,196.0,90.0,0.70832694,182.0,101.0,0.6292936,169.0,97.0,0.8759344,166.0,108.0,0.33641523,126.0,110.0,0.6640359,174.0,126.0,0.5478236,146.0,137.0,0.80230075,120.0,116.0,0.590523,115.0,119.0,0.7609096,71.0,111.0,0.5220594,63.0,120.0,0.7507233,29.0,108.0,0.7096281,19.0,112.0,0.758811
guy1_cobra124.jpg,39.0,98.0,0.70902014,43.0,93.0,0.76631784,40.0,93.0,0.77620006,58.0,91.0,0.78296393,53.0,91.0,0.67046916,84.0,99.0,0.77650416,71.0,97.0,0.7053502,126.0,110.0,0.6657511,92.0,104.0,0.2674156,106.0,136.0,0.8828908,78.0,125.0,0.7026403,140.0,118.0,0.7669127,135.0,113.0,0.63767016,191.0,118.0,0.6186558,183.0,110.0,0.75104856,236.0,113.0,0.85059506,226.0,107.0,0.6768627
guy1_cobra124_flipped.jpg,215.0,98.0,0.6843145,214.0,92.0,0.72890747,212.0,92.0,0.632856,202.0,91.0,0.70665586,198.0,90.0,0.8315494,185.0,101.0,0.73662263,172.0,97.0,0.8679076,167.0,107.0,0.34958416,129.0,111.0,0.6137153,177.0,126.0,0.6115974,149.0,137.0,0.85007024,121.0,113.0,0.6931025,115.0,116.0,0.79323745,71.0,110.0,0.55446994,65.0,119.0,0.7573503,30.0,108.0,0.7135993,18.0,111.0,0.8368405
guy1_cobra126.jpg,36.0,99.0,0.55072355,38.0,94.0,0.7429373,37.0,94.0,0.78109777,51.0,92.0,0.536221,48.0,92.0,0.57594734,80.0,99.0,0.61023545,68.0,98.0,0.7170244,122.0,111.0,0.7346722,89.0,107.0,0.22518371,101.0,136.0,0.7915292,76.0,126.0,0.5950191,138.0,118.0,0.75128263,134.0,114.0,0.6547954,190.0,117.0,0.49667597,181.0,109.0,0.74049103,234.0,112.0,0.7479804,222.0,107.0,0.6042098
guy1_cobra126_flipped.jpg,218.0,99.0,0.62316394,217.0,94.0,0.7224946,217.0,94.0,0.6964483,206.0,91.0,0.67430586,205.0,91.0,0.6750072,185.0,99.0,0.8190228,177.0,97.0,0.81398845,166.0,103.0,0.3072082,133.0,110.0,0.67567337,176.0,126.0,0.5098425,154.0,136.0,0.77097666,121.0,113.0,0.7069607,116.0,116.0,0.81734973,70.0,109.0,0.59553164,64.0,118.0,0.6792117,29.0,108.0,0.61795914,21.0,112.0,0.8175258
guy1_cobra127.jpg,33.0,100.0,0.6760274,35.0,95.0,0.5121999,34.0,95.0,0.49177969,47.0,92.0,0.7081115,45.0,93.0,0.6410984,79.0,98.0,0.8430697,67.0,99.0,0.6546873,120.0,110.0,0.6866504,89.0,106.0,0.20728354,98.0,136.0,0.71241784,76.0,126.0,0.58827925,138.0,117.0,0.7222212,134.0,113.0,0.6488723,190.0,117.0,0.59354043,181.0,109.0,0.69424874,232.0,112.0,0.77572525,223.0,106.0,0.60392994
guy1_cobra127_flipped.jpg,220.0,101.0,0.6647726,219.0,95.0,0.5044302,219.0,95.0,0.6261773,207.0,92.0,0.68965113,206.0,93.0,0.8209783,188.0,101.0,0.7280538,178.0,98.0,0.780173,166.0,103.0,0.25923434,135.0,110.0,0.6317122,178.0,126.0,0.43518963,157.0,135.0,0.7762698,123.0,113.0,0.6840948,118.0,116.0,0.8059001,70.0,109.0,0.62073994,65.0,118.0,0.65352154,30.0,108.0,0.61303806,21.0,112.0,0.83001554
guy1_cobra130.jpg,30.0,107.0,0.6049814,31.0,102.0,0.6984439,31.0,102.0,0.6994617,44.0,98.0,0.73503244,43.0,99.0,0.654691,71.0,103.0,0.7246343,68.0,104.0,0.72427416,116.0,111.0,0.67473876,112.0,108.0,0.3992275,94.0,137.0,0.7153713,91.0,131.0,0.43420947,134.0,120.0,0.68871856,132.0,117.0,0.6971339,189.0,118.0,0.6754315,184.0,113.0,0.6893613,233.0,114.0,0.7597173,227.0,112.0,0.6477952
guy1_cobra130_flipped.jpg,223.0,105.0,0.65912855,222.0,100.0,0.54848504,221.0,99.0,0.59703195,212.0,95.0,0.4690692,210.0,95.0,0.79465353,190.0,100.0,0.65961677,185.0,100.0,0.70907,156.0,98.0,0.23037846,141.0,106.0,0.50916207,168.0,126.0,0.3122527,162.0,132.0,0.7985712,124.0,110.0,0.6396558,122.0,115.0,0.75466484,71.0,108.0,0.6842269,68.0,116.0,0.53467643,27.0,108.0,0.7084365,25.0,110.0,0.80390054
guy1_cobra139.jpg,27.0,113.0,0.5761361,26.0,108.0,0.6208142,26.0,107.0,0.56239796,37.0,104.0,0.6567308,37.0,103.0,0.6960955,60.0,105.0,0.7614676,62.0,101.0,0.6302139,101.0,103.0,0.6046272,100.0,99.0,0.5874993,84.0,130.0,0.75639725,83.0,124.0,0.4912956,124.0,114.0,0.61559296,125.0,111.0,0.73328984,180.0,116.0,0.62554276,176.0,110.0,0.5975647,227.0,112.0,0.85908175,222.0,110.0,0.737175
guy1_cobra139_flipped.jpg,228.0,111.0,0.5108167,229.0,105.0,0.688167,228.0,106.0,0.65099114,220.0,100.0,0.448215,220.0,101.0,0.6425457,192.0,97.0,0.671952,194.0,102.0,0.72294533,155.0,92.0,0.51047534,153.0,98.0,0.45403072,170.0,119.0,0.44878083,169.0,125.0,0.7739299,134.0,105.0,0.76431453,131.0,111.0,0.73133546,77.0,106.0,0.699677,77.0,113.0,0.52470523,34.0,107.0,0.80149794,31.0,108.0,0.825189
guy2_cobra027.jpg,212.0,130.0,0.5271319,212.0,125.0,0.425243,210.0,126.0,0.6751934,201.0,121.0,0.21271941,195.0,122.0,0.47611916,175.0,116.0,0.5152283,164.0,129.0,0.35834214,160.0,113.0,0.16040775,123.0,141.0,0.529568,172.0,145.0,0.24525729,146.0,170.0,0.6514828,105.0,124.0,0.60769415,97.0,132.0,0.45896727,61.0,127.0,0.32476732,51.0,137.0,0.4221967,14.0,122.0,0.50729907,6.0,126.0,0.32730028
guy2_cobra027_flipped.jpg,43.0,132.0,0.49702775,45.0,126.0,0.7549038,44.0,126.0,0.6937711,60.0,121.0,0.7509081,57.0,120.0,0.69086075,88.0,131.0,0.48238888,84.0,112.0,0.70883787,134.0,143.0,0.81446075,112.0,116.0,0.37843925,108.0,169.0,0.73010635,91.0,143.0,0.34626928,153.0,137.0,0.66718686,149.0,125.0,0.65376544,207.0,139.0,0.65857923,194.0,127.0,0.6750196,248.0,128.0,0.6319421,239.0,121.0,0.6764756
guy2_cobra030.jpg,211.0,133.0,0.45676494,211.0,128.0,0.22946276,209.0,129.0,0.60361797,199.0,124.0,0.21374127,194.0,127.0,0.7582678,170.0,117.0,0.71344,161.0,135.0,0.4760482,158.0,119.0,0.14599769,122.0,150.0,0.64732623,166.0,147.0,0.17993478,145.0,176.0,0.3664814,103.0,128.0,0.7093301,95.0,139.0,0.5884067,62.0,130.0,0.60505533,49.0,142.0,0.37962654,13.0,122.0,0.46684954,7.0,127.0,0.5433752
guy2_cobra030_flipped.jpg,44.0,134.0,0.6610121,46.0,129.0,0.7168167,44.0,128.0,0.6576009,62.0,125.0,0.8629324,58.0,124.0,0.62145007,91.0,136.0,0.5798443,83.0,116.0,0.82460845,135.0,150.0,0.85373235,115.0,120.0,0.3671548,108.0,176.0,0.7126242,93.0,141.0,0.31756946,157.0,142.0,0.6864746,149.0,128.0,0.61470854,211.0,140.0,0.71032655,192.0,130.0,0.42520204,247.0,126.0,0.50239253,242.0,121.0,0.55666363
guy2_cobra034.jpg,207.0,136.0,0.36314106,207.0,131.0,0.27644244,206.0,132.0,0.535812,195.0,127.0,0.13778396,191.0,130.0,0.49880803,171.0,120.0,0.56415355,159.0,141.0,0.425377,136.0,121.0,0.2136561,123.0,159.0,0.5401715,162.0,148.0,0.19510698,148.0,183.0,0.48814178,107.0,132.0,0.68001354,99.0,145.0,0.5539785,65.0,132.0,0.5827137,55.0,141.0,0.21292756,13.0,125.0,0.44233903,9.0,126.0,0.5876652
guy2_cobra034_flipped.jpg,47.0,137.0,0.48057064,48.0,132.0,0.62718517,47.0,130.0,0.36016798,62.0,131.0,0.7093195,60.0,126.0,0.5319637,94.0,141.0,0.47719625,86.0,119.0,0.77876604,134.0,159.0,0.8417038,119.0,125.0,0.38281742,107.0,183.0,0.8035986,101.0,141.0,0.15806834,154.0,146.0,0.6409282,148.0,134.0,0.71134025,204.0,145.0,0.50372475,193.0,135.0,0.60426193,245.0,127.0,0.5477356,241.0,124.0,0.43382108
guy2_cobra036.jpg,206.0,137.0,0.58623725,206.0,132.0,0.25585008,205.0,133.0,0.61545473,195.0,127.0,0.29252502,191.0,130.0,0.4885527,171.0,122.0,0.63050044,157.0,144.0,0.47504172,144.0,120.0,0.17599815,124.0,163.0,0.53606665,148.0,141.0,0.2332435,150.0,187.0,0.63183486,108.0,137.0,0.6785909,101.0,148.0,0.60227025,66.0,134.0,0.5866624,53.0,146.0,0.21885575,14.0,126.0,0.5465768,9.0,128.0,0.45578712
guy2_cobra036_flipped.jpg,49.0,139.0,0.4568151,50.0,136.0,0.47738767,48.0,134.0,0.47042114,64.0,132.0,0.6985826,59.0,129.0,0.34911028,96.0,143.0,0.5353404,88.0,118.0,0.83079225,133.0,163.0,0.78865355,117.0,127.0,0.3329166,105.0,186.0,0.74045694,96.0,142.0,0.25287995,155.0,148.0,0.57884526,147.0,134.0,0.63693017,207.0,149.0,0.6125201,191.0,135.0,0.5622394,246.0,128.0,0.37339166,242.0,126.0,0.5877918
guy2_cobra038.jpg,204.0,139.0,0.52732825,204.0,134.0,0.49006686,203.0,135.0,0.37578788,192.0,129.0,0.4163772,189.0,132.0,0.6423538,172.0,124.0,0.6762352,158.0,148.0,0.39271304,138.0,125.0,0.2784319,126.0,167.0,0.6960895,140.0,139.0,0.1850679,150.0,188.0,0.65099645,113.0,138.0,0.7255868,105.0,149.0,0.7028667,66.0,135.0,0.74134195,54.0,147.0,0.34964463,14.0,127.0,0.5661644,11.0,128.0,0.64543223
guy2_cobra038_flipped.jpg,50.0,140.0,0.41220966,52.0,136.0,0.44943818,49.0,135.0,0.5016587,66.0,133.0,0.68660474,59.0,130.0,0.29968682,96.0,145.0,0.44207513,88.0,120.0,0.76894855,133.0,165.0,0.8465587,115.0,127.0,0.36442694,104.0,187.0,0.66662025,96.0,144.0,0.25727993,151.0,150.0,0.6343738,142.0,135.0,0.54455197,205.0,151.0,0.47968295,190.0,136.0,0.6747005,245.0,130.0,0.3976249,241.0,126.0,0.6913672
guy2_cobra040.jpg,198.0,143.0,0.39217386,200.0,139.0,0.3638136,198.0,140.0,0.49335667,191.0,131.0,0.22133234,188.0,133.0,0.45483693,169.0,122.0,0.6952432,159.0,148.0,0.34137812,154.0,122.0,0.18523622,128.0,169.0,0.47460616,156.0,142.0,0.15131268,153.0,188.0,0.66992116,117.0,139.0,0.54594237,110.0,150.0,0.5203471,67.0,136.0,0.64475214,53.0,150.0,0.26265806,15.0,128.0,0.350081,5.0,135.0,0.43598023
guy2_cobra040_flipped.jpg,54.0,142.0,0.5282663,56.0,139.0,0.5201212,52.0,138.0,0.32828927,68.0,134.0,0.42408168,60.0,131.0,0.20780912,93.0,149.0,0.5108695,89.0,122.0,0.63666296,131.0,169.0,0.6483986,116.0,126.0,0.48459327,102.0,189.0,0.7316894,107.0,138.0,0.23498726,146.0,151.0,0.49217343,138.0,137.0,0.58694714,202.0,152.0,0.5813736,189.0,135.0,0.61459816,250.0,137.0,0.28430474,240.0,127.0,0.7082982
guy2_cobra042.jpg,193.0,144.0,0.44728157,197.0,141.0,0.43074188,194.0,140.0,0.44783074,193.0,134.0,0.233873,186.0,132.0,0.4029761,171.0,123.0,0.37411153,160.0,147.0,0.36729655,155.0,125.0,0.2472204,130.0,172.0,0.53839844,157.0,140.0,0.11137161,154.0,189.0,0.77270013,119.0,140.0,0.48943022,114.0,150.0,0.43184108,69.0,137.0,0.59875,57.0,149.0,0.12558842,18.0,127.0,0.41128185,7.0,136.0,0.48412174
guy2_cobra042_flipped.jpg,61.0,144.0,0.43514803,61.0,140.0,0.5779449,57.0,139.0,0.44275805,71.0,134.0,0.44541916,63.0,132.0,0.18558255,92.0,152.0,0.40882552,89.0,121.0,0.82382035,129.0,171.0,0.7621583,115.0,127.0,0.3098751,101.0,189.0,0.64694774,115.0,132.0,0.41266394,141.0,151.0,0.31423336,136.0,137.0,0.41779143,201.0,154.0,0.4481257,186.0,136.0,0.50018567,249.0,141.0,0.43252146,238.0,127.0,0.74801683
guy2_cobra043_flipped.jpg,64.0,144.0,0.40753478,63.0,140.0,0.46283528,59.0,140.0,0.3886008,72.0,134.0,0.40145442,64.0,132.0,0.2552806,91.0,150.0,0.31850937,88.0,121.0,0.71055233,128.0,172.0,0.80834913,116.0,127.0,0.27247587,100.0,188.0,0.714339,114.0,132.0,0.46777788,142.0,150.0,0.38958836,137.0,137.0,0.53809106,200.0,153.0,0.50556767,185.0,136.0,0.41902372,248.0,140.0,0.38689017,237.0,126.0,0.57903075
guy2_cobra047.jpg,189.0,145.0,0.42874202,193.0,141.0,0.49158737,191.0,141.0,0.36506367,190.0,134.0,0.3211794,183.0,134.0,0.274127,168.0,123.0,0.4564874,161.0,151.0,0.38448793,154.0,124.0,0.26271194,132.0,172.0,0.63060135,151.0,131.0,0.102465145,157.0,187.0,0.76689225,122.0,140.0,0.46285108,114.0,150.0,0.40238157,73.0,132.0,0.46071187,62.0,147.0,0.23869234,23.0,125.0,0.35420832,15.0,135.0,0.28522745
guy2_cobra047_flipped.jpg,65.0,145.0,0.5474375,66.0,142.0,0.6533667,60.0,142.0,0.5288741,74.0,134.0,0.53541505,64.0,134.0,0.26107,89.0,151.0,0.37842804,88.0,119.0,0.8169855,126.0,171.0,0.8467069,115.0,127.0,0.39350778,98.0,187.0,0.7712811,107.0,138.0,0.18069127,137.0,150.0,0.41727427,134.0,137.0,0.43579525,194.0,151.0,0.56350625,180.0,134.0,0.61159503,239.0,137.0,0.4845274,230.0,125.0,0.7373307
guy2_cobra048_flipped.jpg,63.0,145.0,0.39830396,63.0,143.0,0.44496188,59.0,141.0,0.40582973,72.0,136.0,0.49019396,65.0,132.0,0.20011514,91.0,152.0,0.27854684,88.0,120.0,0.78324425,124.0,170.0,0.831086,114.0,126.0,0.35343745,97.0,186.0,0.6867322,107.0,132.0,0.28622666,137.0,150.0,0.36350715,132.0,135.0,0.45276797,193.0,150.0,0.45926356,180.0,132.0,0.6116519,238.0,137.0,0.49344322,230.0,124.0,0.73152566
guy2_cobra050.jpg,196.0,133.0,0.3808991,200.0,130.0,0.441728,198.0,131.0,0.37067834,197.0,127.0,0.33845332,194.0,130.0,0.40065834,179.0,117.0,0.360703,172.0,145.0,0.3670399,163.0,113.0,0.42082867,141.0,164.0,0.47257465,164.0,118.0,0.12888698,165.0,179.0,0.6340023,133.0,131.0,0.54376405,124.0,144.0,0.5301148,79.0,123.0,0.5243991,68.0,139.0,0.4067283,32.0,115.0,0.45012656,19.0,127.0,0.47315788
guy2_cobra050_flipped.jpg,59.0,144.0,0.40878618,60.0,142.0,0.5082501,57.0,140.0,0.36048698,68.0,135.0,0.48886418,64.0,129.0,0.30486542,88.0,151.0,0.46126333,85.0,120.0,0.8164752,122.0,169.0,0.7216884,111.0,123.0,0.43267187,95.0,185.0,0.7248556,108.0,131.0,0.34356678,135.0,146.0,0.40948647,129.0,134.0,0.5279088,188.0,146.0,0.43399453,177.0,130.0,0.37469468,235.0,133.0,0.5935198,226.0,124.0,0.67382216
guy2_cobra053.jpg,204.0,133.0,0.28851813,208.0,129.0,0.3635313,207.0,132.0,0.3483269,201.0,124.0,0.15336266,202.0,131.0,0.34467614,183.0,116.0,0.4029784,175.0,145.0,0.35421154,168.0,111.0,0.24355163,145.0,164.0,0.3962488,156.0,117.0,0.214552,168.0,177.0,0.6121559,134.0,129.0,0.47282955,127.0,142.0,0.5402303,80.0,121.0,0.43989545,71.0,137.0,0.29949677,35.0,112.0,0.46364415,22.0,126.0,0.44660577
guy2_cobra053_flipped.jpg,46.0,138.0,0.3101544,44.0,137.0,0.48617467,44.0,133.0,0.36586395,54.0,135.0,0.56094176,51.0,123.0,0.37805235,75.0,151.0,0.6258329,73.0,116.0,0.7178235,115.0,166.0,0.8584139,103.0,121.0,0.57246304,88.0,183.0,0.71652603,97.0,128.0,0.41626245,132.0,143.0,0.655634,129.0,127.0,0.74142796,187.0,144.0,0.70950794,172.0,125.0,0.5732897,235.0,131.0,0.6788255,224.0,117.0,0.71359324
guy2_cobra055.jpg,190.0,138.0,0.3074247,195.0,135.0,0.40918836,193.0,135.0,0.33546218,192.0,131.0,0.29031512,188.0,132.0,0.33706504,173.0,120.0,0.50840056,167.0,147.0,0.32725453,165.0,114.0,0.2805436,139.0,165.0,0.49782974,154.0,118.0,0.16541998,165.0,179.0,0.5700387,133.0,135.0,0.4127869,125.0,145.0,0.4690639,78.0,123.0,0.44383806,70.0,141.0,0.26870835,35.0,117.0,0.3907876,29.0,125.0,0.29282808
guy2_cobra055_flipped.jpg,51.0,141.0,0.34148857,51.0,139.0,0.32111636,49.0,136.0,0.36791137,61.0,134.0,0.43174562,57.0,127.0,0.32276225,82.0,148.0,0.3233118,77.0,118.0,0.640681,117.0,165.0,0.827796,103.0,121.0,0.30751553,90.0,179.0,0.6675899,92.0,124.0,0.19586153,133.0,143.0,0.45719504,129.0,126.0,0.60216665,186.0,142.0,0.55772513,172.0,123.0,0.37650958,229.0,130.0,0.56755483,218.0,116.0,0.5742012
guy2_cobra065.jpg,205.0,137.0,0.33012658,207.0,135.0,0.32130468,207.0,138.0,0.2699808,201.0,131.0,0.4289186,202.0,139.0,0.43137276,188.0,121.0,0.44898772,176.0,150.0,0.48692816,177.0,111.0,0.21831162,146.0,165.0,0.5088029,162.0,122.0,0.19302055,170.0,179.0,0.7474901,143.0,129.0,0.46627176,134.0,142.0,0.5974128,88.0,116.0,0.31142697,77.0,133.0,0.3220717,41.0,107.0,0.4000544,35.0,112.0,0.40870294
guy2_cobra065_flipped.jpg,57.0,145.0,0.24947089,53.0,142.0,0.44233873,52.0,140.0,0.28815928,63.0,137.0,0.4518309,61.0,131.0,0.29198143,84.0,150.0,0.45481288,79.0,120.0,0.54749715,117.0,163.0,0.8119914,103.0,119.0,0.30903852,92.0,178.0,0.5831384,98.0,122.0,0.37621358,134.0,139.0,0.37100175,130.0,123.0,0.42625964,181.0,135.0,0.3645857,171.0,119.0,0.32642475,223.0,116.0,0.47146413,217.0,109.0,0.59242463
guy2_cobra075_flipped.jpg,55.0,158.0,0.40729138,55.0,156.0,0.43670332,53.0,155.0,0.39882535,66.0,150.0,0.41030574,59.0,147.0,0.3164513,88.0,160.0,0.41990638,74.0,130.0,0.49550492,126.0,171.0,0.8342662,102.0,122.0,0.22963941,100.0,194.0,0.71611077,90.0,132.0,0.12961037,140.0,142.0,0.474268,132.0,129.0,0.43698075,195.0,132.0,0.6074275,178.0,116.0,0.4846686,237.0,110.0,0.6836406,226.0,99.0,0.6700024
guy2_cobra077_flipped.jpg,52.0,158.0,0.41976017,52.0,156.0,0.48366126,49.0,155.0,0.4464351,65.0,149.0,0.6515831,58.0,145.0,0.32754067,90.0,158.0,0.52660644,75.0,127.0,0.57400167,129.0,170.0,0.7457758,99.0,120.0,0.28861877,102.0,195.0,0.67341334,88.0,137.0,0.10936447,142.0,141.0,0.49933603,132.0,126.0,0.5317671,195.0,129.0,0.6390948,177.0,112.0,0.48879635,239.0,107.0,0.57315713,227.0,92.0,0.6497528
guy2_cobra078_flipped.jpg,50.0,158.0,0.42208004,51.0,156.0,0.37043256,48.0,155.0,0.39354497,63.0,148.0,0.676695,57.0,145.0,0.34769678,89.0,156.0,0.4168651,75.0,128.0,0.45308572,129.0,169.0,0.84373367,98.0,120.0,0.30590916,103.0,195.0,0.61152685,84.0,138.0,0.11793635,141.0,139.0,0.5137228,132.0,126.0,0.5306864,197.0,125.0,0.51857626,177.0,110.0,0.46063948,240.0,103.0,0.5149466,227.0,91.0,0.6626544
guy2_cobra081_flipped.jpg,46.0,156.0,0.42273736,49.0,152.0,0.4851949,44.0,151.0,0.46785006,63.0,142.0,0.5922655,53.0,141.0,0.31006005,94.0,150.0,0.34921607,73.0,121.0,0.46946144,132.0,163.0,0.7226078,83.0,112.0,0.39764735,105.0,193.0,0.60263854,75.0,144.0,0.109562926,146.0,133.0,0.5342376,134.0,119.0,0.6166977,198.0,116.0,0.5416949,180.0,101.0,0.43674555,240.0,93.0,0.5711801,227.0,82.0,0.63577014
guy2_cobra084_flipped.jpg,38.0,144.0,0.51259494,42.0,140.0,0.45390296,36.0,138.0,0.48352933,61.0,132.0,0.72538257,49.0,129.0,0.2785901,97.0,142.0,0.4604391,65.0,115.0,0.45715463,133.0,156.0,0.61809695,64.0,130.0,0.10714817,106.0,189.0,0.55945593,56.0,147.0,0.22543804,146.0,122.0,0.5522258,131.0,110.0,0.6238539,199.0,106.0,0.5713906,180.0,93.0,0.5310506,238.0,84.0,0.6296228,224.0,72.0,0.58961254
guy2_cobra088_flipped.jpg,30.0,126.0,0.65522695,36.0,121.0,0.60447216,30.0,119.0,0.7091137,60.0,116.0,0.74382114,45.0,113.0,0.47216758,95.0,125.0,0.6710211,58.0,105.0,0.58580095,135.0,143.0,0.8155486,54.0,122.0,0.11884999,108.0,182.0,0.7339047,57.0,144.0,0.62225795,148.0,110.0,0.5952118,129.0,99.0,0.71294487,196.0,95.0,0.674657,174.0,82.0,0.6110277,235.0,71.0,0.64166933,218.0,58.0,0.66505826
guy2_cobra089_flipped.jpg,30.0,124.0,0.518954,36.0,118.0,0.5976736,31.0,117.0,0.5137323,59.0,112.0,0.7940048,46.0,110.0,0.6324111,94.0,122.0,0.7266226,58.0,103.0,0.6988045,135.0,142.0,0.81698287,52.0,121.0,0.139427,109.0,180.0,0.8595882,57.0,144.0,0.7239963,145.0,112.0,0.53984034,126.0,100.0,0.7077637,196.0,91.0,0.80276954,174.0,80.0,0.6751553,234.0,68.0,0.6799344,217.0,57.0,0.8613362
guy2_cobra090.jpg,225.0,120.0,0.40716392,225.0,113.0,0.4010328,220.0,115.0,0.4335498,209.0,107.0,0.13042931,196.0,111.0,0.44582707,193.0,105.0,0.60268307,157.0,122.0,0.5283886,192.0,119.0,0.1407829,121.0,140.0,0.6435773,196.0,144.0,0.48749185,146.0,180.0,0.6152423,122.0,100.0,0.58225894,106.0,109.0,0.49303994,78.0,73.0,0.7453522,57.0,88.0,0.49611697,39.0,55.0,0.5954729,19.0,66.0,0.6271571
guy2_cobra090_flipped.jpg,29.0,120.0,0.6622348,36.0,116.0,0.38225758,29.0,113.0,0.6132796,60.0,110.0,0.8105426,44.0,107.0,0.28972673,95.0,122.0,0.5359925,58.0,106.0,0.54295653,135.0,139.0,0.66931903,59.0,121.0,0.20877457,109.0,180.0,0.64837384,57.0,142.0,0.5534574,147.0,107.0,0.48103154,129.0,98.0,0.5871607,198.0,88.0,0.626031,178.0,75.0,0.5722096,231.0,66.0,0.57593536,218.0,56.0,0.6937641
guy2_cobra091.jpg,226.0,116.0,0.47992676,226.0,110.0,0.4555431,222.0,112.0,0.49315548,210.0,105.0,0.19018818,196.0,110.0,0.54704785,195.0,106.0,0.50976956,158.0,120.0,0.50628006,193.0,120.0,0.15042108,120.0,139.0,0.5384556,196.0,144.0,0.51404893,146.0,179.0,0.44349772,122.0,99.0,0.5849289,105.0,108.0,0.48221558,78.0,73.0,0.72985154,54.0,87.0,0.4997664,39.0,54.0,0.60106325,20.0,64.0,0.6159409
guy2_cobra091_flipped.jpg,29.0,118.0,0.6145699,35.0,113.0,0.45918402,29.0,111.0,0.61554873,60.0,107.0,0.73599756,44.0,106.0,0.24524936,97.0,122.0,0.49477395,58.0,106.0,0.6048333,137.0,138.0,0.6375035,62.0,120.0,0.2749292,110.0,179.0,0.5710897,57.0,141.0,0.57479167,150.0,106.0,0.47289482,129.0,96.0,0.50751615,199.0,86.0,0.5382021,177.0,74.0,0.53451705,231.0,65.0,0.5317422,216.0,54.0,0.6361107
guy2_cobra092.jpg,227.0,113.0,0.51893795,226.0,106.0,0.43361428,222.0,108.0,0.51569116,209.0,102.0,0.18830019,196.0,108.0,0.36952075,194.0,105.0,0.51782763,156.0,118.0,0.4817223,190.0,122.0,0.21039562,119.0,138.0,0.6596198,196.0,143.0,0.49964854,145.0,179.0,0.42730668,123.0,99.0,0.5525558,104.0,109.0,0.58673465,78.0,73.0,0.7956567,56.0,87.0,0.52278817,40.0,53.0,0.54492974,23.0,63.0,0.61431897
guy2_cobra092_flipped.jpg,29.0,116.0,0.66927147,35.0,111.0,0.43577635,29.0,109.0,0.6579709,59.0,105.0,0.8004274,46.0,103.0,0.2510658,98.0,118.0,0.57831323,58.0,104.0,0.48633847,138.0,137.0,0.74020255,62.0,119.0,0.34581617,111.0,179.0,0.720557,58.0,141.0,0.6889059,151.0,106.0,0.52353394,131.0,95.0,0.50146663,199.0,85.0,0.52792966,178.0,72.0,0.4845647,230.0,64.0,0.5600554,216.0,53.0,0.7148902
guy2_cobra094.jpg,224.0,112.0,0.6089835,225.0,105.0,0.5642556,219.0,107.0,0.65906775,211.0,99.0,0.16699402,194.0,105.0,0.41061845,196.0,101.0,0.5198891,155.0,114.0,0.30340517,191.0,121.0,0.30716866,116.0,135.0,0.50453866,197.0,145.0,0.4844351,142.0,179.0,0.59780467,123.0,98.0,0.44044805,104.0,107.0,0.48813662,80.0,73.0,0.549634,57.0,84.0,0.3959992,43.0,52.0,0.49678096,24.0,62.0,0.58420664
guy2_cobra094_flipped.jpg,30.0,112.0,0.7189237,36.0,106.0,0.4998967,29.0,105.0,0.6401501,60.0,101.0,0.75500494,45.0,99.0,0.20859678,101.0,117.0,0.37117475,58.0,102.0,0.59187305,141.0,136.0,0.5330095,62.0,117.0,0.40760565,114.0,179.0,0.67466307,57.0,142.0,0.5787027,152.0,103.0,0.3510472,133.0,93.0,0.44270247,198.0,82.0,0.53218305,178.0,70.0,0.35642087,230.0,63.0,0.5131336,214.0,53.0,0.6161728
guy2_cobra096.jpg,224.0,109.0,0.53020644,224.0,102.0,0.63479704,218.0,104.0,0.5542354,210.0,96.0,0.14005741,192.0,101.0,0.382675,195.0,98.0,0.5479825,150.0,111.0,0.3729365,189.0,121.0,0.47259736,112.0,133.0,0.59322834,196.0,145.0,0.5792031,137.0,179.0,0.5742161,124.0,97.0,0.42449164,103.0,106.0,0.32439712,81.0,73.0,0.50126314,58.0,85.0,0.32557154,45.0,52.0,0.4532032,27.0,62.0,0.67522407
guy2_cobra096_flipped.jpg,32.0,109.0,0.552394,38.0,103.0,0.5885759,31.0,101.0,0.37539953,63.0,97.0,0.683885,43.0,96.0,0.15222381,104.0,113.0,0.30115,60.0,99.0,0.43555757,143.0,135.0,0.4971075,64.0,116.0,0.33289674,117.0,179.0,0.681568,57.0,144.0,0.59124684,154.0,103.0,0.4732946,133.0,93.0,0.43986008,198.0,81.0,0.5103961,178.0,70.0,0.46572816,229.0,63.0,0.6700664,213.0,52.0,0.5245113
guy2_cobra098.jpg,220.0,108.0,0.607371,221.0,100.0,0.5299139,214.0,102.0,0.732364,208.0,94.0,0.1343978,188.0,98.0,0.45490438,193.0,98.0,0.6403554,145.0,109.0,0.44486457,186.0,123.0,0.47541618,109.0,133.0,0.67431104,196.0,148.0,0.4968905,134.0,180.0,0.7624694,123.0,99.0,0.5338877,102.0,108.0,0.53100884,79.0,72.0,0.69255507,55.0,84.0,0.26847324,46.0,52.0,0.3898395,25.0,62.0,0.63491416
guy2_cobra098_flipped.jpg,35.0,109.0,0.57622194,42.0,102.0,0.767955,34.0,100.0,0.61933416,67.0,96.0,0.6438174,48.0,94.0,0.2389399,109.0,109.0,0.45328695,63.0,97.0,0.4774912,147.0,134.0,0.75229657,67.0,116.0,0.4251591,121.0,179.0,0.78334665,59.0,145.0,0.72900015,157.0,104.0,0.467524,136.0,94.0,0.42930505,201.0,81.0,0.53627306,179.0,70.0,0.49825597,229.0,63.0,0.6884882,211.0,53.0,0.5005914
guy2_cobra102_flipped.jpg,44.0,106.0,0.64299107,52.0,98.0,0.6806676,42.0,96.0,0.5338429,78.0,91.0,0.7004898,51.0,90.0,0.16839433,120.0,106.0,0.4029958,67.0,97.0,0.47383085,157.0,134.0,0.7180383,74.0,117.0,0.52155405,131.0,182.0,0.6937343,64.0,149.0,0.6317457,162.0,105.0,0.3632197,138.0,95.0,0.39762393,205.0,82.0,0.2004016,179.0,73.0,0.41580102,228.0,65.0,0.57888055,208.0,56.0,0.45751613
guy2_cobra105_flipped.jpg,52.0,104.0,0.5704111,60.0,97.0,0.5370834,49.0,95.0,0.6405364,86.0,90.0,0.7789317,55.0,90.0,0.13171874,127.0,106.0,0.32312563,71.0,101.0,0.30795613,165.0,133.0,0.73034954,80.0,121.0,0.46945193,141.0,184.0,0.72867525,67.0,154.0,0.8358056,165.0,112.0,0.2751285,138.0,101.0,0.36283344,204.0,86.0,0.2579987,180.0,77.0,0.38897014,227.0,69.0,0.7258264,207.0,60.0,0.48112312
guy2_cobra108_flipped.jpg,60.0,108.0,0.6084428,68.0,100.0,0.4597024,55.0,98.0,0.54779077,95.0,92.0,0.5551102,61.0,92.0,0.101250336,136.0,105.0,0.261021,75.0,104.0,0.2718349,172.0,133.0,0.47913432,89.0,122.0,0.56592804,150.0,185.0,0.89160734,72.0,157.0,0.76684815,169.0,114.0,0.35440692,139.0,105.0,0.34898326,205.0,92.0,0.4439156,181.0,83.0,0.41591176,226.0,73.0,0.5178955,203.0,65.0,0.45811749
guy2_cobra110.jpg,190.0,110.0,0.72537863,196.0,100.0,0.38754144,182.0,100.0,0.5915193,193.0,93.0,0.10041179,154.0,95.0,0.5694182,180.0,109.0,0.40022093,113.0,108.0,0.41846198,169.0,130.0,0.38450575,79.0,131.0,0.6808475,180.0,161.0,0.7184442,99.0,185.0,0.7958681,109.0,110.0,0.4760818,84.0,117.0,0.3338533,76.0,85.0,0.30360928,55.0,97.0,0.41115323,50.0,68.0,0.416474,28.0,72.0,0.7193399
guy2_cobra114.jpg,181.0,115.0,0.60968935,187.0,105.0,0.45249888,171.0,106.0,0.50915104,185.0,97.0,0.111702636,143.0,99.0,0.5028004,174.0,110.0,0.4436796,106.0,110.0,0.3136535,163.0,129.0,0.2005465,69.0,128.0,0.52855146,173.0,161.0,0.73400855,87.0,183.0,0.720708,106.0,118.0,0.5035405,80.0,118.0,0.2954999,79.0,91.0,0.34188852,54.0,100.0,0.4609587,57.0,74.0,0.25589043,29.0,77.0,0.7558003
guy2_cobra114_flipped.jpg,74.0,114.0,0.6960921,83.0,105.0,0.5235789,69.0,104.0,0.6687782,110.0,97.0,0.71213245,71.0,97.0,0.15466863,146.0,107.0,0.23496777,81.0,108.0,0.13311592,185.0,129.0,0.5304556,92.0,126.0,0.3152464,169.0,183.0,0.35834175,81.0,161.0,0.7085574,177.0,125.0,0.3464415,140.0,121.0,0.24475245,204.0,99.0,0.4700293,181.0,91.0,0.42237923,226.0,76.0,0.7086245,202.0,71.0,0.40438887
guy2_cobra115.jpg,178.0,116.0,0.65081877,184.0,106.0,0.6268463,168.0,107.0,0.579813,185.0,97.0,0.11360885,141.0,100.0,0.550619,172.0,112.0,0.39763448,103.0,111.0,0.37543747,164.0,128.0,0.17549771,67.0,127.0,0.6727246,172.0,161.0,0.6088139,84.0,182.0,0.6246052,104.0,118.0,0.51440406,77.0,122.0,0.28473222,82.0,94.0,0.34225294,54.0,102.0,0.52687734,55.0,74.0,0.35407707,30.0,77.0,0.49976787
guy2_cobra115_flipped.jpg,78.0,115.0,0.63555264,86.0,106.0,0.6769026,72.0,106.0,0.5770344,113.0,97.0,0.7426271,73.0,100.0,0.22279514,151.0,108.0,0.17385258,81.0,109.0,0.15057567,188.0,129.0,0.538731,94.0,126.0,0.28019455,172.0,182.0,0.4842542,83.0,161.0,0.598686,180.0,124.0,0.34419,141.0,121.0,0.2523278,204.0,99.0,0.56147575,179.0,93.0,0.47136042,224.0,77.0,0.6272871,200.0,72.0,0.34329227
guy2_cobra119.jpg,170.0,121.0,0.6883139,176.0,112.0,0.5455377,160.0,113.0,0.61162436,178.0,103.0,0.14872849,134.0,105.0,0.40920615,167.0,117.0,0.36260667,99.0,115.0,0.3322876,158.0,126.0,0.25216222,62.0,124.0,0.60697705,168.0,161.0,0.537009,77.0,177.0,0.73142886,105.0,117.0,0.36798295,81.0,118.0,0.25931445,84.0,96.0,0.30742955,54.0,101.0,0.47365692,59.0,75.0,0.25294438,36.0,79.0,0.3615662
guy2_cobra119_flipped.jpg,85.0,121.0,0.5178298,94.0,110.0,0.5670506,79.0,111.0,0.5137235,120.0,102.0,0.6302131,78.0,106.0,0.27684134,155.0,109.0,0.27382177,82.0,111.0,0.16972896,194.0,121.0,0.49196282,100.0,119.0,0.3092604,180.0,176.0,0.6361922,88.0,159.0,0.37843612,180.0,126.0,0.16827868,144.0,128.0,0.20380382,203.0,101.0,0.51601017,174.0,95.0,0.33840308,219.0,79.0,0.6715733,192.0,77.0,0.3397477
guy2_cobra122.jpg,166.0,124.0,0.68106496,173.0,114.0,0.6913847,156.0,115.0,0.54157835,175.0,104.0,0.17287344,130.0,106.0,0.53081155,166.0,117.0,0.3662382,97.0,112.0,0.37830728,158.0,128.0,0.25513482,60.0,117.0,0.39555565,166.0,158.0,0.69804597,72.0,173.0,0.59419256,110.0,128.0,0.3472928,85.0,126.0,0.27554572,86.0,97.0,0.33883455,58.0,102.0,0.45459154,71.0,79.0,0.10688057,41.0,77.0,0.3505658
guy2_cobra122_flipped.jpg,90.0,124.0,0.5185355,98.0,114.0,0.5371362,83.0,114.0,0.36840618,124.0,104.0,0.36511672,81.0,108.0,0.23077993,154.0,111.0,0.22886033,83.0,110.0,0.19055712,195.0,115.0,0.506675,100.0,128.0,0.18766947,182.0,172.0,0.43612272,89.0,157.0,0.4822774,174.0,128.0,0.1373988,140.0,125.0,0.21019113,201.0,103.0,0.52755105,174.0,93.0,0.4886522,214.0,77.0,0.5399647,191.0,75.0,0.54549253
guy2_cobra123.jpg,165.0,125.0,0.6090623,172.0,115.0,0.47248363,156.0,116.0,0.5209509,172.0,104.0,0.20426673,129.0,107.0,0.491547,165.0,114.0,0.39544216,100.0,114.0,0.26947668,159.0,126.0,0.22440815,60.0,117.0,0.28312427,165.0,157.0,0.69970614,70.0,171.0,0.5171064,109.0,122.0,0.29963884,85.0,123.0,0.21357262,87.0,95.0,0.42435667,60.0,102.0,0.4531711,70.0,76.0,0.2535567,44.0,76.0,0.34288406
guy2_cobra123_flipped.jpg,91.0,125.0,0.5245065,99.0,115.0,0.42647433,84.0,115.0,0.42781508,125.0,104.0,0.4709352,82.0,108.0,0.2473899,157.0,112.0,0.1457776,83.0,110.0,0.18792474,195.0,112.0,0.52979314,99.0,116.0,0.25929993,183.0,170.0,0.33982676,89.0,157.0,0.47075516,170.0,125.0,0.20501877,139.0,118.0,0.22561647,198.0,104.0,0.6447202,174.0,91.0,0.51046526,212.0,77.0,0.47925183,190.0,76.0,0.6136849
guy2_cobra124.jpg,162.0,126.0,0.5994925,170.0,117.0,0.49478474,154.0,117.0,0.65489864,171.0,106.0,0.17732343,128.0,107.0,0.43939337,162.0,114.0,0.307203,97.0,112.0,0.39040634,158.0,127.0,0.2029678,62.0,117.0,0.37455863,166.0,157.0,0.67135096,70.0,169.0,0.7038185,108.0,117.0,0.26098287,83.0,115.0,0.16566516,87.0,92.0,0.4124181,62.0,102.0,0.46572158,70.0,77.0,0.2977232,46.0,77.0,0.37088662
guy2_cobra124_flipped.jpg,92.0,126.0,0.3945277,101.0,115.0,0.5154492,86.0,116.0,0.5147308,126.0,105.0,0.5744156,83.0,109.0,0.31149966,158.0,114.0,0.19067553,84.0,108.0,0.21312036,195.0,111.0,0.55225205,99.0,117.0,0.26270813,184.0,167.0,0.23294047,88.0,156.0,0.3695373,177.0,120.0,0.11257656,142.0,117.0,0.14469458,197.0,104.0,0.7017166,173.0,92.0,0.4450301,210.0,79.0,0.4721095,189.0,76.0,0.6191584
guy2_cobra125.jpg,161.0,127.0,0.4914719,168.0,118.0,0.6272526,153.0,118.0,0.61759007,168.0,108.0,0.13620853,127.0,108.0,0.3342207,162.0,114.0,0.322649,100.0,111.0,0.29902744,158.0,126.0,0.1692911,62.0,116.0,0.3765077,166.0,156.0,0.7717837,70.0,168.0,0.62662923,109.0,122.0,0.30046648,85.0,118.0,0.16635586,89.0,93.0,0.35987002,63.0,97.0,0.25545776,76.0,80.0,0.21036021,51.0,79.0,0.32670373
guy2_cobra125_flipped.jpg,94.0,127.0,0.3726173,102.0,116.0,0.49056613,87.0,117.0,0.509472,127.0,106.0,0.6006322,84.0,111.0,0.2691107,158.0,111.0,0.21734163,84.0,109.0,0.15634069,194.0,112.0,0.5571077,99.0,127.0,0.103356004,184.0,165.0,0.4188141,89.0,155.0,0.41087312,176.0,119.0,0.11475306,143.0,117.0,0.16869156,196.0,104.0,0.6001501,173.0,91.0,0.42588994,208.0,78.0,0.5549172,189.0,78.0,0.57470894
guy2_cobra131.jpg,156.0,137.0,0.57451165,163.0,127.0,0.48860225,147.0,127.0,0.30501264,168.0,115.0,0.28234258,125.0,116.0,0.40922073,163.0,114.0,0.24639793,96.0,115.0,0.29514363,165.0,121.0,0.14176288,67.0,109.0,0.6292174,169.0,153.0,0.69087636,73.0,160.0,0.37769005,105.0,100.0,0.22997636,87.0,107.0,0.11755678,99.0,92.0,0.279004,76.0,100.0,0.37978014,89.0,82.0,0.2738626,70.0,84.0,0.40730688
guy2_cobra131_flipped.jpg,99.0,138.0,0.3668407,108.0,125.0,0.3895664,92.0,128.0,0.3988172,131.0,111.0,0.4818708,88.0,117.0,0.26088563,158.0,114.0,0.2079951,88.0,114.0,0.2955202,190.0,106.0,0.24986733,90.0,120.0,0.28412655,182.0,157.0,0.6952385,85.0,152.0,0.64521384,165.0,118.0,0.28922218,130.0,108.0,0.21942848,187.0,103.0,0.6074077,158.0,93.0,0.4507845,189.0,82.0,0.5337268,169.0,83.0,0.30300078
guy2_cobra133.jpg,154.0,140.0,0.55053675,162.0,130.0,0.4883961,145.0,130.0,0.48613286,168.0,119.0,0.27759582,125.0,119.0,0.3917129,164.0,119.0,0.1696144,97.0,120.0,0.27134976,166.0,118.0,0.13436168,70.0,104.0,0.5217838,171.0,153.0,0.59161747,75.0,159.0,0.5054507,108.0,98.0,0.24365558,90.0,107.0,0.111924894,105.0,94.0,0.29789552,78.0,100.0,0.27576786,96.0,84.0,0.32040504,73.0,84.0,0.32948095
guy2_cobra133_flipped.jpg,101.0,141.0,0.3493869,109.0,130.0,0.46321186,95.0,131.0,0.38207692,130.0,115.0,0.3622219,90.0,120.0,0.31625804,157.0,115.0,0.21563932,90.0,118.0,0.20900519,185.0,105.0,0.30915228,89.0,118.0,0.23659636,181.0,156.0,0.44448626,85.0,150.0,0.34291813,164.0,113.0,0.27341154,130.0,105.0,0.28732082,182.0,103.0,0.50931895,153.0,92.0,0.28108472,185.0,83.0,0.43664333,163.0,84.0,0.2737625
