girl1_dog027.jpg,121.0,102.0,0.49786076,129.0,101.0,0.56254035,118.0,103.0,0.44991425,139.0,86.0,0.693284,104.0,85.0,0.5779246,148.0,71.0,0.83800995,86.0,75.0,0.74341136,162.0,126.0,0.7882621,71.0,125.0,0.89290303,172.0,174.0,0.78653365,62.0,174.0,0.8607745,125.0,33.0,0.92558897,91.0,34.0,0.86077595,118.0,93.0,0.49113446,91.0,104.0,0.32606566,109.0,136.0,0.7097069,91.0,132.0,0.48608565
girl1_dog027_flipped.jpg,129.0,103.0,0.44129667,135.0,102.0,0.5289898,124.0,104.0,0.5694543,147.0,83.0,0.45206645,116.0,85.0,0.56812215,169.0,76.0,0.69437706,106.0,74.0,0.7856324,184.0,124.0,0.8830844,94.0,125.0,0.83150214,192.0,173.0,0.7255342,82.0,174.0,0.88863295,164.0,37.0,0.86210215,130.0,34.0,0.60974777,160.0,101.0,0.40215328,134.0,106.0,0.5413331,162.0,133.0,0.75348836,142.0,133.0,0.6954919
girl1_dog028.jpg,121.0,112.0,0.45385328,128.0,111.0,0.4914965,117.0,112.0,0.43218988,139.0,90.0,0.49638563,104.0,90.0,0.33482406,149.0,77.0,0.77737445,87.0,80.0,0.7226262,160.0,128.0,0.818683,74.0,128.0,0.8261465,168.0,174.0,0.69977653,67.0,173.0,0.6680494,126.0,36.0,0.7449291,92.0,37.0,0.75082576,122.0,96.0,0.39258528,93.0,114.0,0.5062766,113.0,147.0,0.82186764,96.0,149.0,0.4495704
girl1_dog028_flipped.jpg,130.0,107.0,0.4674648,135.0,108.0,0.5836048,126.0,108.0,0.51827204,150.0,88.0,0.57611287,117.0,89.0,0.60513324,169.0,81.0,0.74925125,107.0,78.0,0.7836818,182.0,128.0,0.592952,95.0,128.0,0.8575331,186.0,174.0,0.8341615,88.0,174.0,0.7896255,163.0,39.0,0.8356476,128.0,37.0,0.751374,155.0,101.0,0.29131013,132.0,111.0,0.65239143,160.0,145.0,0.53456426,140.0,147.0,0.88204783
girl1_dog029.jpg,120.0,115.0,0.5052497,127.0,116.0,0.63674486,117.0,115.0,0.48047325,138.0,96.0,0.60372734,104.0,94.0,0.5673405,148.0,84.0,0.7902184,87.0,85.0,0.7985552,158.0,131.0,0.9327976,75.0,131.0,0.70010203,162.0,177.0,0.87015027,74.0,174.0,0.5186852,128.0,38.0,0.83259666,93.0,38.0,0.83209515,125.0,103.0,0.44108889,93.0,104.0,0.48636168,115.0,150.0,0.7389395,99.0,151.0,0.563715
girl1_dog029_flipped.jpg,130.0,113.0,0.4626783,136.0,113.0,0.5139282,126.0,114.0,0.5393883,150.0,93.0,0.6548729,117.0,94.0,0.630718,169.0,85.0,0.7239518,107.0,84.0,0.676288,179.0,132.0,0.74802864,97.0,131.0,0.73621976,180.0,175.0,0.63320386,93.0,177.0,0.890163,162.0,42.0,0.88514245,127.0,39.0,0.8959682,155.0,110.0,0.49018225,129.0,112.0,0.52828467,157.0,149.0,0.6640976,138.0,150.0,0.806367
girl1_dog030.jpg,119.0,119.0,0.42870152,126.0,120.0,0.52005076,116.0,119.0,0.55487174,136.0,101.0,0.6120999,104.0,100.0,0.4245435,147.0,88.0,0.70764756,90.0,91.0,0.7258908,157.0,135.0,0.9289809,78.0,137.0,0.7784859,158.0,179.0,0.79568636,80.0,177.0,0.75809085,130.0,43.0,0.80336964,94.0,42.0,0.74078846,128.0,104.0,0.35129154,96.0,108.0,0.564286,118.0,150.0,0.6604942,104.0,152.0,0.66565335
girl1_dog030_flipped.jpg,130.0,115.0,0.38430554,136.0,116.0,0.56925464,126.0,116.0,0.48833078,149.0,98.0,0.6434771,117.0,100.0,0.51607674,165.0,90.0,0.85875654,108.0,89.0,0.71236265,176.0,136.0,0.8004498,98.0,135.0,0.676988,175.0,176.0,0.6844723,97.0,178.0,0.8890844,160.0,45.0,0.8683367,124.0,42.0,0.7133025,160.0,104.0,0.41859353,126.0,110.0,0.44559604,156.0,149.0,0.71411324,136.0,152.0,0.72402585
girl1_dog031.jpg,119.0,122.0,0.46876273,127.0,124.0,0.4653753,116.0,123.0,0.5170454,137.0,106.0,0.6090749,104.0,105.0,0.5462011,147.0,93.0,0.7577263,91.0,96.0,0.7054343,157.0,138.0,0.9105596,80.0,140.0,0.76963264,155.0,180.0,0.8516144,84.0,180.0,0.81242394,133.0,44.0,0.7711489,96.0,44.0,0.68546325,131.0,108.0,0.43390855,99.0,110.0,0.5603283,121.0,150.0,0.7129955,112.0,152.0,0.34193793
girl1_dog031_flipped.jpg,132.0,119.0,0.37473318,139.0,120.0,0.43730205,127.0,120.0,0.5396546,149.0,103.0,0.51542974,118.0,105.0,0.56862986,163.0,94.0,0.79993117,108.0,93.0,0.7738836,174.0,138.0,0.8187316,98.0,138.0,0.7339686,172.0,179.0,0.5545905,99.0,181.0,0.84680176,156.0,44.0,0.74138093,122.0,41.0,0.7691877,157.0,104.0,0.40882128,120.0,106.0,0.3152228,154.0,149.0,0.7523253,133.0,153.0,0.8223146
girl1_dog032.jpg,121.0,125.0,0.46879092,128.0,127.0,0.4603069,118.0,125.0,0.4921262,137.0,110.0,0.65793824,107.0,109.0,0.42310357,148.0,96.0,0.7281813,94.0,99.0,0.7889749,156.0,141.0,0.9034463,82.0,142.0,0.7647011,153.0,182.0,0.71240675,87.0,181.0,0.8170814,134.0,44.0,0.748367,97.0,45.0,0.7520604,131.0,107.0,0.44324315,97.0,105.0,0.47279024,122.0,153.0,0.68814135,111.0,155.0,0.32785988
girl1_dog032_flipped.jpg,133.0,121.0,0.43920413,139.0,121.0,0.47707668,128.0,123.0,0.49263695,147.0,107.0,0.6410599,118.0,108.0,0.41242215,163.0,97.0,0.89072263,109.0,98.0,0.749215,172.0,141.0,0.6182412,97.0,143.0,0.7588787,168.0,179.0,0.56114304,102.0,181.0,0.9177062,153.0,44.0,0.58860797,119.0,43.0,0.8491696,155.0,104.0,0.61581886,123.0,110.0,0.2657969,153.0,151.0,0.543959,130.0,154.0,0.50808597
girl1_dog035.jpg,123.0,129.0,0.46488538,129.0,131.0,0.48456436,119.0,132.0,0.5875002,139.0,118.0,0.59568894,111.0,118.0,0.443918,150.0,103.0,0.5974638,100.0,106.0,0.6719397,162.0,147.0,0.877518,86.0,146.0,0.7674204,154.0,181.0,0.7408398,91.0,182.0,0.7760038,142.0,49.0,0.8055286,104.0,50.0,0.81383914,139.0,106.0,0.54047334,102.0,111.0,0.61654705,130.0,157.0,0.5409622,112.0,159.0,0.4603328
girl1_dog035_flipped.jpg,131.0,130.0,0.3961956,136.0,132.0,0.52692115,125.0,134.0,0.40987974,145.0,118.0,0.64787817,117.0,118.0,0.41695613,157.0,103.0,0.8030995,108.0,105.0,0.7249427,169.0,147.0,0.9145787,93.0,148.0,0.85192657,162.0,180.0,0.67509466,100.0,183.0,0.6561855,149.0,48.0,0.80032533,112.0,48.0,0.79623497,148.0,109.0,0.5342102,119.0,114.0,0.43732554,143.0,159.0,0.38203123,125.0,162.0,0.5935598
girl1_dog036.jpg,126.0,131.0,0.42650616,131.0,133.0,0.53170705,121.0,134.0,0.43796942,140.0,120.0,0.62176657,113.0,121.0,0.60336435,151.0,104.0,0.6006415,102.0,107.0,0.6604594,164.0,149.0,0.855546,87.0,149.0,0.6896862,154.0,181.0,0.6384709,92.0,182.0,0.71951544,144.0,51.0,0.8388553,106.0,51.0,0.791583,144.0,106.0,0.6357448,109.0,114.0,0.45435518,133.0,160.0,0.6598233,115.0,162.0,0.37150842
girl1_dog036_flipped.jpg,130.0,132.0,0.42194378,135.0,134.0,0.36988607,125.0,135.0,0.44443056,143.0,120.0,0.5483447,115.0,120.0,0.4152808,155.0,103.0,0.6729571,107.0,106.0,0.71968883,169.0,148.0,0.8183595,92.0,149.0,0.802349,163.0,182.0,0.48020372,99.0,183.0,0.6382456,146.0,48.0,0.7653432,110.0,48.0,0.7308388,147.0,106.0,0.67878777,115.0,113.0,0.4702691,140.0,158.0,0.5044397,123.0,163.0,0.63957953
girl1_dog040.jpg,129.0,140.0,0.4633468,134.0,143.0,0.47645396,124.0,143.0,0.44878462,145.0,129.0,0.6487271,117.0,130.0,0.566559,156.0,110.0,0.66341895,109.0,113.0,0.6392781,169.0,151.0,0.887081,91.0,152.0,0.72694594,158.0,182.0,0.54447323,95.0,184.0,0.7650352,150.0,52.0,0.7833027,113.0,54.0,0.7761338,150.0,110.0,0.67230713,118.0,113.0,0.62643707,142.0,167.0,0.62122625,123.0,166.0,0.4942037
girl1_dog040_flipped.jpg,123.0,136.0,0.3469026,129.0,139.0,0.4922468,118.0,140.0,0.5281947,139.0,127.0,0.61358553,111.0,127.0,0.460341,149.0,109.0,0.8403981,102.0,112.0,0.7114223,165.0,152.0,0.7225525,86.0,152.0,0.72785056,159.0,183.0,0.6899077,96.0,182.0,0.6487918,140.0,51.0,0.7820753,101.0,51.0,0.80457246,136.0,107.0,0.5821471,104.0,112.0,0.67956346,133.0,163.0,0.5951185,114.0,167.0,0.38948968
girl1_dog042.jpg,131.0,140.0,0.4268507,136.0,143.0,0.4803111,126.0,143.0,0.52255714,146.0,130.0,0.6427743,119.0,130.0,0.5202242,157.0,108.0,0.757573,111.0,112.0,0.6928494,171.0,153.0,0.64001966,93.0,151.0,0.7877629,158.0,182.0,0.6440121,96.0,185.0,0.7102783,152.0,51.0,0.64858854,117.0,52.0,0.7255093,153.0,107.0,0.5207717,121.0,111.0,0.45658442,148.0,167.0,0.38119406,127.0,164.0,0.55640566
girl1_dog042_flipped.jpg,120.0,136.0,0.3333683,125.0,139.0,0.4553964,117.0,139.0,0.40396026,135.0,126.0,0.59004027,110.0,126.0,0.62150073,146.0,108.0,0.8286343,100.0,111.0,0.74862343,162.0,151.0,0.76083595,85.0,152.0,0.8422516,158.0,184.0,0.7870176,94.0,183.0,0.69521886,136.0,52.0,0.77675706,99.0,52.0,0.7853947,133.0,109.0,0.4865748,101.0,113.0,0.5772153,127.0,163.0,0.5402596,112.0,168.0,0.577206
girl1_dog044.jpg,132.0,142.0,0.36753175,137.0,144.0,0.57456803,128.0,144.0,0.5531383,148.0,131.0,0.58940065,120.0,132.0,0.5105907,159.0,111.0,0.59516335,113.0,114.0,0.62112856,173.0,152.0,0.82118416,95.0,151.0,0.6470104,160.0,182.0,0.6354621,98.0,184.0,0.885984,156.0,54.0,0.86644065,121.0,52.0,0.74251425,155.0,107.0,0.6540139,130.0,111.0,0.5683423,152.0,164.0,0.4517795,135.0,154.0,0.21082361
girl1_dog044_flipped.jpg,119.0,137.0,0.29542664,124.0,140.0,0.52643275,114.0,140.0,0.52161056,133.0,127.0,0.5778167,107.0,128.0,0.46450686,143.0,109.0,0.7284757,97.0,110.0,0.6900945,161.0,151.0,0.5978694,82.0,151.0,0.71152735,157.0,184.0,0.8214376,94.0,183.0,0.7337809,132.0,51.0,0.8375693,96.0,51.0,0.8375991,133.0,107.0,0.6095196,98.0,110.0,0.5812913,124.0,163.0,0.45424134,110.0,165.0,0.24989676
girl1_dog045.jpg,134.0,142.0,0.41137916,138.0,144.0,0.49599835,129.0,144.0,0.48972538,149.0,131.0,0.55113995,122.0,132.0,0.52129257,160.0,110.0,0.6992633,115.0,113.0,0.72376573,173.0,153.0,0.91932476,96.0,152.0,0.8416557,162.0,180.0,0.6661216,98.0,184.0,0.88567865,157.0,52.0,0.860095,122.0,52.0,0.77462614,157.0,107.0,0.7935671,132.0,110.0,0.5449772,153.0,160.0,0.4932564,138.0,161.0,0.44890136
girl1_dog045_flipped.jpg,118.0,139.0,0.32371604,124.0,142.0,0.35839662,113.0,142.0,0.4051214,132.0,128.0,0.5105419,106.0,129.0,0.45336553,141.0,108.0,0.8280648,97.0,109.0,0.65689015,159.0,152.0,0.69444156,81.0,153.0,0.72058713,156.0,184.0,0.6414963,93.0,183.0,0.7287585,130.0,51.0,0.79126275,94.0,52.0,0.7961706,126.0,110.0,0.5578035,98.0,111.0,0.48173168,123.0,165.0,0.5341391,108.0,168.0,0.36101934
girl1_dog050.jpg,140.0,141.0,0.41017947,144.0,144.0,0.5089388,134.0,145.0,0.5781115,153.0,130.0,0.6339716,126.0,132.0,0.46119267,164.0,108.0,0.78196996,118.0,112.0,0.5504953,177.0,152.0,0.7561481,100.0,150.0,0.8784741,164.0,180.0,0.6071329,100.0,184.0,0.83205897,166.0,51.0,0.8936155,130.0,50.0,0.80951273,164.0,108.0,0.74804795,137.0,110.0,0.49385867,169.0,151.0,0.15508032,142.0,164.0,0.5072138
girl1_dog050_flipped.jpg,113.0,140.0,0.3296009,116.0,144.0,0.4488431,111.0,144.0,0.33593816,125.0,132.0,0.5099325,105.0,130.0,0.45600352,136.0,110.0,0.72006273,92.0,110.0,0.49039593,154.0,150.0,0.6740142,77.0,153.0,0.804809,153.0,185.0,0.6838319,93.0,182.0,0.7507795,123.0,50.0,0.7337141,86.0,52.0,0.75709844,116.0,109.0,0.5095105,91.0,112.0,0.61747766,112.0,164.0,0.34388936,108.0,164.0,0.22213234
girl1_dog052.jpg,141.0,140.0,0.4099784,145.0,143.0,0.51974285,136.0,143.0,0.4066445,156.0,129.0,0.59289205,128.0,129.0,0.48922583,167.0,108.0,0.68216944,120.0,110.0,0.67323804,178.0,151.0,0.80133665,102.0,150.0,0.66399527,164.0,181.0,0.6971314,102.0,184.0,0.8077909,170.0,51.0,0.8779146,133.0,50.0,0.8355003,166.0,108.0,0.62223744,138.0,110.0,0.4223155,170.0,149.0,0.17361271,145.0,157.0,0.35254973
girl1_dog052_flipped.jpg,111.0,140.0,0.2933021,113.0,143.0,0.4430894,110.0,143.0,0.3328026,117.0,132.0,0.38738146,106.0,130.0,0.3557923,132.0,109.0,0.6086283,91.0,110.0,0.43000144,152.0,148.0,0.35025063,77.0,152.0,0.5168991,153.0,185.0,0.53135526,92.0,182.0,0.6165686,116.0,47.0,0.76955163,85.0,50.0,0.6186917,112.0,107.0,0.47867987,90.0,110.0,0.63782233,108.0,164.0,0.21923015,109.0,163.0,0.21515696
girl1_dog053.jpg,143.0,138.0,0.34101355,147.0,141.0,0.49202758,138.0,142.0,0.45779893,156.0,127.0,0.5551437,130.0,129.0,0.5815972,167.0,108.0,0.6959158,121.0,110.0,0.60949373,180.0,151.0,0.7099909,103.0,150.0,0.77513206,164.0,180.0,0.7052438,102.0,184.0,0.7932592,172.0,47.0,0.7969983,135.0,47.0,0.745746,168.0,106.0,0.73240286,140.0,108.0,0.30548316,173.0,144.0,0.16678582,149.0,146.0,0.1688802
girl1_dog054.jpg,143.0,139.0,0.35562214,147.0,142.0,0.35464904,138.0,142.0,0.47326785,157.0,127.0,0.5670022,131.0,129.0,0.56992495,170.0,108.0,0.8030304,123.0,110.0,0.65745807,182.0,151.0,0.811977,103.0,150.0,0.80158997,164.0,180.0,0.77785695,103.0,183.0,0.8388081,173.0,45.0,0.8662309,135.0,45.0,0.71141076,170.0,105.0,0.71893686,141.0,103.0,0.5431525,174.0,146.0,0.2599024,151.0,141.0,0.1974803
girl1_dog055.jpg,145.0,138.0,0.34372324,149.0,141.0,0.47978017,140.0,142.0,0.32298487,158.0,127.0,0.5557603,132.0,128.0,0.46185428,170.0,109.0,0.82715595,123.0,111.0,0.71928036,182.0,150.0,0.8403772,105.0,149.0,0.8310416,165.0,180.0,0.7052952,103.0,183.0,0.693956,175.0,44.0,0.8597945,138.0,44.0,0.78828144,171.0,105.0,0.7264738,144.0,104.0,0.50949836,176.0,143.0,0.15986493,152.0,146.0,0.18168949
girl1_dog055_flipped.jpg,110.0,136.0,0.31437492,114.0,141.0,0.33774835,107.0,141.0,0.3914984,122.0,130.0,0.55214244,101.0,128.0,0.35678524,131.0,108.0,0.7468481,86.0,110.0,0.4704227,149.0,148.0,0.49756,73.0,151.0,0.7689136,151.0,184.0,0.490743,90.0,181.0,0.67807615,115.0,46.0,0.7406776,79.0,48.0,0.78317046,111.0,102.0,0.53044045,84.0,110.0,0.7041198,102.0,162.0,0.37105477,103.0,164.0,0.30963284
girl1_dog056.jpg,145.0,138.0,0.35377002,148.0,141.0,0.49505886,140.0,142.0,0.35239062,157.0,127.0,0.5384504,132.0,128.0,0.46607158,170.0,108.0,0.64627403,124.0,110.0,0.625789,183.0,150.0,0.7951151,105.0,149.0,0.81058395,165.0,180.0,0.6739032,103.0,184.0,0.6905836,176.0,45.0,0.84986573,141.0,44.0,0.6832388,173.0,103.0,0.66157097,145.0,103.0,0.49122122,177.0,144.0,0.16551806,154.0,144.0,0.13921347
girl1_dog056_flipped.jpg,109.0,138.0,0.3003406,113.0,142.0,0.30960894,107.0,142.0,0.38483277,120.0,129.0,0.5500529,100.0,128.0,0.36199436,131.0,107.0,0.7645685,84.0,110.0,0.4697521,149.0,148.0,0.47839427,72.0,150.0,0.6550162,151.0,184.0,0.523677,90.0,181.0,0.50617826,113.0,45.0,0.87397194,77.0,48.0,0.68724763,110.0,100.0,0.6155057,84.0,109.0,0.4605325,103.0,127.0,0.12749842,96.0,137.0,0.108192526
girl1_dog057.jpg,147.0,136.0,0.29197925,150.0,139.0,0.4734318,141.0,139.0,0.4832901,157.0,126.0,0.60281163,134.0,127.0,0.36820805,170.0,107.0,0.61116534,126.0,109.0,0.5619122,184.0,150.0,0.65089273,106.0,149.0,0.7825294,165.0,180.0,0.6325777,103.0,184.0,0.6930538,178.0,45.0,0.9053651,143.0,45.0,0.692153,175.0,106.0,0.73039037,147.0,104.0,0.44567144,179.0,146.0,0.13998395,154.0,161.0,0.43699178
girl1_dog057_flipped.jpg,109.0,136.0,0.35651347,112.0,141.0,0.49442276,107.0,141.0,0.5145755,120.0,129.0,0.5453827,100.0,128.0,0.36838126,131.0,106.0,0.7667865,83.0,108.0,0.60912216,148.0,148.0,0.6460268,71.0,150.0,0.57994866,151.0,183.0,0.5519272,89.0,181.0,0.6363006,111.0,46.0,0.86009306,75.0,48.0,0.8397293,110.0,99.0,0.66581464,82.0,109.0,0.69845915,104.0,129.0,0.13900936,97.0,139.0,0.10631184
girl1_dog058.jpg,147.0,134.0,0.30837837,151.0,139.0,0.39048433,142.0,139.0,0.4650319,158.0,124.0,0.4999449,135.0,126.0,0.3846426,172.0,105.0,0.72020173,127.0,108.0,0.7591388,185.0,150.0,0.5546294,106.0,147.0,0.64475334,166.0,180.0,0.5530537,104.0,183.0,0.7453824,180.0,45.0,0.884433,145.0,45.0,0.7583035,177.0,105.0,0.57665336,154.0,107.0,0.24073459,181.0,148.0,0.15658697,156.0,161.0,0.540398
girl1_dog058_flipped.jpg,107.0,136.0,0.3543284,112.0,141.0,0.51845926,105.0,140.0,0.45434514,121.0,128.0,0.5458045,98.0,125.0,0.4610559,130.0,106.0,0.80787736,83.0,108.0,0.5094125,148.0,148.0,0.64911425,70.0,151.0,0.7503181,151.0,183.0,0.61572456,88.0,180.0,0.597141,110.0,43.0,0.8935049,75.0,47.0,0.87838453,109.0,99.0,0.6764544,81.0,109.0,0.81489074,98.0,154.0,0.41900042,97.0,155.0,0.18644449
girl1_dog059.jpg,149.0,132.0,0.4137713,152.0,137.0,0.53248656,143.0,138.0,0.4473978,159.0,123.0,0.51671314,135.0,125.0,0.4941435,172.0,105.0,0.7636754,127.0,108.0,0.75169885,185.0,149.0,0.61198986,107.0,147.0,0.7521142,166.0,180.0,0.58105654,105.0,182.0,0.769607,180.0,44.0,0.90488094,146.0,44.0,0.8209508,178.0,106.0,0.5022845,159.0,108.0,0.31279612,181.0,151.0,0.23658116,158.0,157.0,0.47453558
girl1_dog059_flipped.jpg,107.0,135.0,0.39669985,112.0,140.0,0.5106195,103.0,140.0,0.47349787,121.0,128.0,0.511065,96.0,125.0,0.48489234,129.0,106.0,0.7905959,81.0,108.0,0.6330368,147.0,148.0,0.7336912,69.0,150.0,0.7944513,150.0,183.0,0.6859591,88.0,180.0,0.63686335,109.0,43.0,0.893914,73.0,46.0,0.7791981,108.0,100.0,0.6058142,78.0,110.0,0.7456248,97.0,155.0,0.43654802,95.0,159.0,0.29695475
girl1_dog061.jpg,147.0,133.0,0.412372,151.0,137.0,0.49108768,142.0,138.0,0.55101645,159.0,124.0,0.59297985,135.0,126.0,0.42653373,175.0,105.0,0.61499834,128.0,106.0,0.6433642,186.0,148.0,0.68411744,108.0,147.0,0.84625673,166.0,180.0,0.6636195,105.0,182.0,0.8389985,183.0,44.0,0.862959,149.0,42.0,0.7605137,182.0,109.0,0.623541,158.0,107.0,0.30959338,183.0,150.0,0.33311945,158.0,155.0,0.5769615
girl1_dog061_flipped.jpg,105.0,134.0,0.43699014,111.0,139.0,0.39634186,101.0,139.0,0.45730212,119.0,127.0,0.5878222,95.0,123.0,0.47532415,127.0,104.0,0.71979225,79.0,107.0,0.79460144,147.0,146.0,0.804428,70.0,151.0,0.6078548,151.0,183.0,0.6961999,90.0,182.0,0.6952714,106.0,42.0,0.9331467,70.0,44.0,0.83348405,108.0,100.0,0.5727284,74.0,110.0,0.7327875,93.0,153.0,0.43823886,90.0,158.0,0.22430342
girl1_dog066.jpg,147.0,135.0,0.45824495,152.0,138.0,0.51417077,142.0,138.0,0.5648072,161.0,123.0,0.6670904,136.0,124.0,0.54628575,178.0,104.0,0.7346831,130.0,103.0,0.74012625,189.0,148.0,0.47240934,111.0,143.0,0.71203136,165.0,181.0,0.810736,104.0,182.0,0.6915421,188.0,40.0,0.8491698,156.0,40.0,0.8790753,191.0,108.0,0.7249141,163.0,107.0,0.25713792,191.0,150.0,0.55239445,171.0,149.0,0.49657738
girl1_dog066_flipped.jpg,103.0,133.0,0.4445852,110.0,137.0,0.43968093,101.0,138.0,0.42670962,117.0,126.0,0.6288621,94.0,124.0,0.5796531,123.0,103.0,0.7489077,75.0,105.0,0.7076955,144.0,145.0,0.71730673,68.0,150.0,0.4207318,150.0,180.0,0.908182,89.0,182.0,0.69414425,99.0,40.0,0.7164017,64.0,42.0,0.7734112,103.0,101.0,0.35937482,64.0,110.0,0.8381599,95.0,132.0,0.1737652,66.0,151.0,0.31878176
girl1_dog069.jpg,150.0,132.0,0.42874455,154.0,135.0,0.35760725,144.0,135.0,0.38341197,162.0,121.0,0.6367489,138.0,122.0,0.40052396,177.0,102.0,0.7490852,131.0,101.0,0.7185848,191.0,147.0,0.543834,112.0,142.0,0.91290665,165.0,181.0,0.8330017,105.0,181.0,0.8967154,192.0,40.0,0.8308245,160.0,39.0,0.8520535,194.0,108.0,0.83503723,168.0,104.0,0.5066992,199.0,152.0,0.6685255,182.0,147.0,0.51227474
girl1_dog069_flipped.jpg,103.0,130.0,0.40961996,109.0,135.0,0.459388,100.0,136.0,0.42155194,116.0,125.0,0.57668805,94.0,123.0,0.52862006,123.0,102.0,0.7733672,77.0,103.0,0.6690749,142.0,143.0,0.8451059,68.0,147.0,0.7646202,150.0,180.0,0.86398894,90.0,181.0,0.8130547,95.0,39.0,0.6556649,61.0,41.0,0.7507969,94.0,106.0,0.35790837,61.0,110.0,0.83560085,92.0,135.0,0.13686544,56.0,152.0,0.58786404
girl1_dog071.jpg,149.0,131.0,0.43068784,152.0,135.0,0.5121281,143.0,134.0,0.55606765,163.0,121.0,0.6170957,136.0,121.0,0.55686975,179.0,100.0,0.6549835,131.0,99.0,0.73674476,191.0,147.0,0.54837745,113.0,141.0,0.7537342,164.0,181.0,0.81292295,105.0,180.0,0.887693,194.0,39.0,0.9011855,163.0,38.0,0.75045276,196.0,110.0,0.77808607,171.0,103.0,0.5200755,202.0,152.0,0.7521248,184.0,145.0,0.4958249
girl1_dog071_flipped.jpg,102.0,129.0,0.35392478,108.0,134.0,0.36946377,100.0,134.0,0.39183366,115.0,124.0,0.53567564,93.0,122.0,0.59142023,122.0,100.0,0.70838124,76.0,102.0,0.68984497,142.0,142.0,0.6582077,68.0,147.0,0.7784667,150.0,180.0,0.805151,91.0,181.0,0.8613088,92.0,38.0,0.6208696,59.0,39.0,0.82152736,90.0,107.0,0.41173697,59.0,110.0,0.9084243,88.0,135.0,0.15383868,52.0,150.0,0.55616975
girl1_dog074.jpg,151.0,130.0,0.4062878,155.0,134.0,0.4806515,144.0,133.0,0.5608753,164.0,120.0,0.57851446,137.0,120.0,0.60135204,180.0,98.0,0.6488925,133.0,99.0,0.68830764,188.0,145.0,0.46198395,114.0,141.0,0.8547383,162.0,182.0,0.69132906,104.0,180.0,0.82353073,198.0,37.0,0.90186465,165.0,36.0,0.87697685,200.0,108.0,0.89075005,172.0,100.0,0.48411408,208.0,153.0,0.7863717,184.0,144.0,0.44246763
girl1_dog074_flipped.jpg,103.0,128.0,0.3527442,108.0,132.0,0.47070676,101.0,133.0,0.510002,115.0,123.0,0.51244044,93.0,122.0,0.57309234,120.0,99.0,0.72103715,74.0,101.0,0.5540805,141.0,140.0,0.72893476,67.0,146.0,0.8241389,151.0,178.0,0.8758385,93.0,181.0,0.7580255,88.0,35.0,0.762047,56.0,37.0,0.79016745,85.0,98.0,0.33118466,55.0,106.0,0.67862284,82.0,129.0,0.19758342,47.0,151.0,0.7313816
girl1_dog082.jpg,151.0,130.0,0.38156447,155.0,136.0,0.43477732,143.0,133.0,0.60173464,165.0,121.0,0.6005173,136.0,120.0,0.56292975,182.0,99.0,0.6449332,133.0,97.0,0.7808887,188.0,145.0,0.5685122,116.0,140.0,0.92030454,157.0,183.0,0.8324225,102.0,179.0,0.7440014,206.0,33.0,0.8926717,172.0,34.0,0.67749643,209.0,106.0,0.86332333,177.0,95.0,0.47240627,219.0,149.0,0.73153865,188.0,143.0,0.5275546
girl1_dog082_flipped.jpg,104.0,127.0,0.3488,111.0,131.0,0.43737647,101.0,132.0,0.5243317,116.0,119.0,0.47591594,92.0,118.0,0.52511,118.0,95.0,0.7763698,74.0,98.0,0.70744836,138.0,139.0,0.89992654,66.0,146.0,0.7941795,151.0,178.0,0.7866748,96.0,181.0,0.80266213,81.0,34.0,0.61961365,48.0,34.0,0.8378144,76.0,100.0,0.32925203,45.0,105.0,0.6644057,66.0,140.0,0.30909953,36.0,149.0,0.79398406
girl1_dog084.jpg,152.0,130.0,0.38021237,155.0,136.0,0.45387232,145.0,133.0,0.47178462,164.0,122.0,0.58059055,137.0,121.0,0.58417416,182.0,98.0,0.57094777,134.0,96.0,0.7202283,187.0,145.0,0.5365608,117.0,139.0,0.93754405,157.0,181.0,0.91768724,102.0,178.0,0.76492894,208.0,32.0,0.88102496,174.0,32.0,0.77597475,212.0,105.0,0.8892871,181.0,102.0,0.5139725,223.0,148.0,0.7636467,191.0,140.0,0.39075086
girl1_dog084_flipped.jpg,103.0,128.0,0.44467515,109.0,131.0,0.456954,101.0,132.0,0.5124673,115.0,121.0,0.43972793,92.0,119.0,0.45667657,118.0,96.0,0.7307828,74.0,98.0,0.68444324,138.0,139.0,0.92071205,67.0,146.0,0.82804847,151.0,177.0,0.7223855,98.0,181.0,0.62415963,79.0,32.0,0.6827494,47.0,32.0,0.7493892,73.0,97.0,0.43269977,43.0,104.0,0.7883119,65.0,141.0,0.40696362,33.0,148.0,0.81781113
girl1_dog085.jpg,152.0,130.0,0.3770893,155.0,136.0,0.46404535,145.0,133.0,0.48608094,164.0,122.0,0.6064512,137.0,121.0,0.5711088,182.0,96.0,0.71406615,134.0,96.0,0.561979,186.0,145.0,0.5959803,116.0,139.0,0.7715696,156.0,182.0,0.8982184,102.0,178.0,0.73237437,209.0,32.0,0.87205684,175.0,32.0,0.58944964,213.0,104.0,0.89620954,182.0,105.0,0.38019818,225.0,148.0,0.7220948,197.0,145.0,0.53959054
girl1_dog085_flipped.jpg,102.0,128.0,0.424893,108.0,131.0,0.4916457,100.0,132.0,0.49611944,115.0,121.0,0.45020956,92.0,119.0,0.46286267,118.0,96.0,0.70810974,74.0,98.0,0.6935445,138.0,138.0,0.9251467,67.0,145.0,0.67100734,151.0,177.0,0.75757855,99.0,181.0,0.8767774,78.0,31.0,0.6356257,46.0,32.0,0.6905871,72.0,97.0,0.44405967,43.0,104.0,0.75709796,66.0,140.0,0.29636317,31.0,147.0,0.8443674
girl1_dog086.jpg,154.0,133.0,0.2683282,156.0,136.0,0.5238441,146.0,134.0,0.4641335,163.0,122.0,0.57638466,137.0,121.0,0.61313987,182.0,98.0,0.5457065,134.0,97.0,0.58534014,185.0,146.0,0.6474384,116.0,138.0,0.7980264,155.0,182.0,0.8754858,102.0,178.0,0.76690316,210.0,31.0,0.8834954,175.0,31.0,0.6309128,213.0,104.0,0.90426683,183.0,105.0,0.46108618,226.0,146.0,0.7825811,205.0,142.0,0.6238973
girl1_dog086_flipped.jpg,102.0,129.0,0.39904386,109.0,131.0,0.46259767,101.0,133.0,0.53571165,115.0,120.0,0.47112864,92.0,119.0,0.48012936,118.0,96.0,0.734748,74.0,98.0,0.7270913,137.0,138.0,0.9304746,69.0,145.0,0.7516899,153.0,177.0,0.8846384,99.0,181.0,0.83801115,78.0,30.0,0.8172013,46.0,31.0,0.8364947,71.0,100.0,0.4206159,41.0,104.0,0.7352011,67.0,142.0,0.3756481,30.0,147.0,0.8012014
girl1_dog087.jpg,153.0,131.0,0.31626734,155.0,136.0,0.47148332,145.0,133.0,0.4801893,164.0,122.0,0.5811142,138.0,120.0,0.41444248,182.0,97.0,0.5197044,134.0,96.0,0.6021223,185.0,146.0,0.6550809,117.0,138.0,0.78779316,155.0,182.0,0.8611849,102.0,177.0,0.73562586,210.0,31.0,0.8448948,176.0,30.0,0.7500948,214.0,102.0,0.9106535,183.0,105.0,0.4403344,228.0,145.0,0.82000196,204.0,142.0,0.6201806
girl1_dog087_flipped.jpg,102.0,128.0,0.40943998,109.0,132.0,0.4851805,100.0,133.0,0.5453042,115.0,120.0,0.4761722,92.0,119.0,0.4656204,118.0,96.0,0.7544167,73.0,98.0,0.51996124,137.0,138.0,0.924876,69.0,145.0,0.80628186,153.0,176.0,0.8673551,99.0,181.0,0.82277447,77.0,29.0,0.75761235,45.0,31.0,0.8367361,71.0,101.0,0.38533553,40.0,105.0,0.7972684,67.0,142.0,0.33893636,28.0,147.0,0.7202548
girl1_dog088.jpg,154.0,132.0,0.27094224,156.0,136.0,0.54603,146.0,133.0,0.50923,164.0,122.0,0.5500128,137.0,121.0,0.5731591,182.0,95.0,0.67990315,134.0,96.0,0.586588,184.0,145.0,0.7266054,117.0,138.0,0.80629593,154.0,182.0,0.8419798,102.0,177.0,0.89045835,211.0,31.0,0.86257565,177.0,30.0,0.77942693,216.0,103.0,0.91495305,186.0,104.0,0.4776436,229.0,145.0,0.7389752,207.0,142.0,0.6749609
girl1_dog088_flipped.jpg,103.0,128.0,0.42856696,111.0,131.0,0.51205194,101.0,132.0,0.5812931,115.0,119.0,0.4812634,92.0,119.0,0.51844376,118.0,95.0,0.7800202,72.0,98.0,0.56378055,137.0,137.0,0.9279479,69.0,145.0,0.8394406,153.0,176.0,0.85759103,100.0,181.0,0.80164194,76.0,28.0,0.85130197,43.0,30.0,0.7908706,67.0,97.0,0.4004618,39.0,104.0,0.91922677,53.0,144.0,0.576283,28.0,146.0,0.80092734
girl1_dog090.jpg,153.0,131.0,0.3182076,155.0,136.0,0.44774514,144.0,133.0,0.55305135,164.0,122.0,0.54113483,136.0,120.0,0.5252213,183.0,94.0,0.6135325,135.0,94.0,0.6705017,183.0,145.0,0.65048534,117.0,138.0,0.795419,153.0,182.0,0.83486116,102.0,177.0,0.72813,213.0,30.0,0.86045873,179.0,29.0,0.7055733,218.0,102.0,0.8934051,186.0,106.0,0.4810543,232.0,146.0,0.80980283,209.0,143.0,0.5075872
girl1_dog090_flipped.jpg,103.0,128.0,0.43765754,111.0,131.0,0.52554625,102.0,133.0,0.6201975,116.0,119.0,0.504712,92.0,118.0,0.55712,117.0,95.0,0.79082835,74.0,97.0,0.70997304,137.0,137.0,0.9107,70.0,145.0,0.86350936,153.0,175.0,0.79278445,101.0,182.0,0.6881071,75.0,26.0,0.8045919,41.0,28.0,0.87928474,67.0,98.0,0.3992709,37.0,102.0,0.8092501,45.0,144.0,0.7481362,25.0,145.0,0.7462611
girl1_dog093.jpg,153.0,130.0,0.317862,155.0,136.0,0.43469575,143.0,133.0,0.5549625,164.0,122.0,0.5656805,136.0,119.0,0.53387487,184.0,96.0,0.5935589,137.0,94.0,0.67913914,183.0,144.0,0.750299,119.0,137.0,0.85383403,152.0,182.0,0.9189468,101.0,176.0,0.66435194,215.0,30.0,0.884497,183.0,28.0,0.64477384,222.0,102.0,0.8607898,198.0,103.0,0.6898923,236.0,144.0,0.7363114,213.0,143.0,0.65389466
girl1_dog093_flipped.jpg,104.0,128.0,0.43968722,111.0,130.0,0.46424752,102.0,132.0,0.56097525,115.0,118.0,0.52387553,92.0,118.0,0.5743643,117.0,94.0,0.75173026,74.0,98.0,0.65621126,136.0,136.0,0.8841135,70.0,146.0,0.8735831,154.0,175.0,0.84739155,103.0,181.0,0.8184397,73.0,25.0,0.7910372,38.0,28.0,0.87305605,61.0,98.0,0.40297344,35.0,101.0,0.76889604,42.0,143.0,0.74696326,20.0,145.0,0.7844521
girl1_dog094.jpg,154.0,131.0,0.32257342,156.0,136.0,0.45432988,145.0,133.0,0.44761974,164.0,121.0,0.5500339,136.0,119.0,0.54787934,184.0,96.0,0.6256988,137.0,94.0,0.5132448,183.0,145.0,0.78653055,119.0,138.0,0.8271115,152.0,182.0,0.90865564,101.0,176.0,0.8979427,215.0,30.0,0.9170841,183.0,28.0,0.7204968,222.0,101.0,0.8853717,198.0,104.0,0.5273808,237.0,143.0,0.7866398,215.0,143.0,0.75486344
girl1_dog094_flipped.jpg,103.0,129.0,0.442916,111.0,131.0,0.5229183,102.0,133.0,0.60061467,115.0,119.0,0.5325906,91.0,118.0,0.52847445,117.0,94.0,0.79698306,73.0,98.0,0.7331883,135.0,136.0,0.88442934,70.0,146.0,0.8848541,154.0,175.0,0.83261347,103.0,181.0,0.8152736,72.0,25.0,0.7564669,38.0,27.0,0.8623387,61.0,98.0,0.37647575,33.0,102.0,0.75890875,41.0,143.0,0.80336034,18.0,146.0,0.8745711
girl1_dog095.jpg,154.0,130.0,0.34390667,156.0,135.0,0.49775803,145.0,133.0,0.48106977,164.0,121.0,0.56311727,136.0,119.0,0.5959147,184.0,96.0,0.64551234,138.0,94.0,0.53223896,184.0,144.0,0.72513926,119.0,136.0,0.6312885,151.0,182.0,0.9125259,101.0,176.0,0.91380405,215.0,30.0,0.9192626,183.0,28.0,0.7356169,224.0,102.0,0.8674313,200.0,103.0,0.7646311,239.0,145.0,0.8769513,216.0,143.0,0.728559
girl1_dog095_flipped.jpg,103.0,129.0,0.44868785,111.0,131.0,0.51658094,102.0,133.0,0.5952426,115.0,118.0,0.5511471,91.0,119.0,0.51627606,116.0,94.0,0.8331786,73.0,96.0,0.70563495,135.0,135.0,0.88407135,70.0,145.0,0.8923622,154.0,175.0,0.8357327,103.0,181.0,0.8216543,71.0,25.0,0.766711,37.0,28.0,0.85546464,60.0,97.0,0.392483,32.0,101.0,0.8076771,40.0,143.0,0.7470683,18.0,145.0,0.859825
girl1_dog097.jpg,154.0,130.0,0.33143935,156.0,136.0,0.49110675,145.0,133.0,0.4439722,165.0,122.0,0.59072894,136.0,119.0,0.5795628,185.0,96.0,0.6565101,138.0,95.0,0.5397843,184.0,145.0,0.8507905,120.0,136.0,0.64120746,150.0,182.0,0.9132815,101.0,175.0,0.7279794,217.0,29.0,0.8133214,186.0,27.0,0.5912477,226.0,102.0,0.8710412,202.0,104.0,0.5955204,241.0,142.0,0.8514012,218.0,141.0,0.8060301
girl1_dog097_flipped.jpg,103.0,129.0,0.4426164,111.0,131.0,0.55873513,102.0,133.0,0.5847916,115.0,119.0,0.51491284,92.0,119.0,0.49434987,114.0,94.0,0.845451,74.0,97.0,0.7067729,134.0,134.0,0.7856354,71.0,145.0,0.88121676,153.0,174.0,0.8211646,103.0,181.0,0.8144232,70.0,25.0,0.8074283,36.0,27.0,0.87021106,55.0,99.0,0.47082683,30.0,102.0,0.715912,37.0,142.0,0.82643557,15.0,144.0,0.8072436
girl1_dog100.jpg,154.0,129.0,0.30121118,155.0,133.0,0.43915376,143.0,132.0,0.55539155,162.0,119.0,0.6014719,136.0,118.0,0.6051966,184.0,94.0,0.5216646,137.0,93.0,0.55410284,182.0,144.0,0.87701774,120.0,136.0,0.7124733,148.0,183.0,0.770751,103.0,174.0,0.84989333,219.0,29.0,0.8890054,187.0,28.0,0.6948594,227.0,102.0,0.7972021,205.0,104.0,0.57155585,243.0,143.0,0.831704,220.0,141.0,0.7104257
girl1_dog100_flipped.jpg,104.0,129.0,0.4530574,112.0,130.0,0.46751422,103.0,133.0,0.55708003,116.0,117.0,0.4719596,94.0,118.0,0.5026263,116.0,92.0,0.87682724,75.0,96.0,0.6580543,132.0,132.0,0.85526216,71.0,144.0,0.85858685,151.0,173.0,0.8056407,104.0,182.0,0.74225,68.0,25.0,0.7656597,35.0,27.0,0.83870703,50.0,101.0,0.60162216,29.0,102.0,0.79113656,32.0,141.0,0.79671705,12.0,145.0,0.87889135
girl1_dog101.jpg,156.0,125.0,0.2969316,156.0,131.0,0.42633215,146.0,129.0,0.47033146,160.0,118.0,0.54048276,136.0,117.0,0.57758194,182.0,91.0,0.6293553,137.0,93.0,0.6949939,181.0,143.0,0.8786669,121.0,135.0,0.7179032,149.0,183.0,0.8808392,104.0,174.0,0.8603807,220.0,29.0,0.8968211,188.0,28.0,0.7594232,226.0,104.0,0.89064044,206.0,106.0,0.7396084,243.0,142.0,0.829154,221.0,141.0,0.6387038
girl1_dog101_flipped.jpg,106.0,128.0,0.41815266,113.0,130.0,0.36677533,106.0,132.0,0.5263877,118.0,116.0,0.56088936,96.0,116.0,0.45698592,117.0,90.0,0.86521304,76.0,95.0,0.847707,132.0,131.0,0.7839544,72.0,143.0,0.7973701,151.0,173.0,0.8326599,104.0,182.0,0.73674953,68.0,26.0,0.8151181,35.0,27.0,0.8529008,50.0,101.0,0.6145638,29.0,102.0,0.82681215,32.0,142.0,0.89550304,11.0,144.0,0.8523736
girl1_dog103.jpg,153.0,124.0,0.17514443,152.0,127.0,0.39081863,142.0,125.0,0.45998567,156.0,114.0,0.5668971,133.0,114.0,0.6322073,179.0,91.0,0.5402813,133.0,90.0,0.6884721,179.0,142.0,0.773127,120.0,134.0,0.75204635,147.0,184.0,0.82870686,104.0,175.0,0.8554637,219.0,29.0,0.9145966,187.0,29.0,0.6091515,225.0,106.0,0.92695475,205.0,108.0,0.720925,245.0,142.0,0.73942816,223.0,142.0,0.6028758
girl1_dog103_flipped.jpg,107.0,122.0,0.36584324,115.0,124.0,0.5835735,106.0,126.0,0.523898,119.0,112.0,0.480902,100.0,113.0,0.50712776,119.0,86.0,0.6987225,78.0,91.0,0.8120445,133.0,129.0,0.76651376,75.0,142.0,0.8720339,151.0,174.0,0.8473981,106.0,182.0,0.8277274,67.0,28.0,0.73895013,34.0,29.0,0.77127016,48.0,105.0,0.6534976,30.0,105.0,0.92228115,28.0,141.0,0.8239084,10.0,144.0,0.77915955
girl1_dog105.jpg,147.0,121.0,0.29273197,147.0,123.0,0.38212806,138.0,124.0,0.48355278,150.0,109.0,0.5877253,130.0,111.0,0.58445597,174.0,88.0,0.66246617,129.0,89.0,0.69747305,178.0,142.0,0.85895187,118.0,135.0,0.8740759,147.0,185.0,0.88594383,102.0,178.0,0.7760641,218.0,32.0,0.82133216,187.0,30.0,0.78838956,225.0,109.0,0.8802191,202.0,110.0,0.8267196,245.0,142.0,0.8294522,225.0,143.0,0.5583223
girl1_dog105_flipped.jpg,113.0,118.0,0.32317358,120.0,120.0,0.47292846,113.0,122.0,0.4494687,124.0,109.0,0.46085632,105.0,110.0,0.6570172,123.0,84.0,0.90949273,80.0,88.0,0.7852815,134.0,132.0,0.90499204,78.0,141.0,0.7703414,152.0,177.0,0.6997814,107.0,184.0,0.7370572,67.0,30.0,0.63087285,35.0,31.0,0.83102787,52.0,110.0,0.66105586,31.0,109.0,0.7774886,27.0,141.0,0.7373949,11.0,143.0,0.8500607
girl1_dog114.jpg,103.0,118.0,0.55850184,102.0,115.0,0.49634477,97.0,116.0,0.57479095,109.0,93.0,0.85550344,95.0,95.0,0.60199475,146.0,81.0,0.76880634,101.0,82.0,0.64639276,155.0,147.0,0.69187415,100.0,142.0,0.7298919,152.0,200.0,0.78308326,86.0,187.0,0.8089353,198.0,50.0,0.67393243,168.0,47.0,0.7651002,210.0,122.0,0.72529244,187.0,124.0,0.6565735,237.0,147.0,0.5834969,217.0,149.0,0.75331116
girl1_dog114_flipped.jpg,149.0,118.0,0.6935971,155.0,116.0,0.6723933,151.0,115.0,0.6752493,158.0,96.0,0.7042054,144.0,97.0,0.83741105,152.0,83.0,0.80514646,108.0,84.0,0.821871,154.0,142.0,0.7131276,98.0,144.0,0.6916673,168.0,185.0,0.89660513,103.0,200.0,0.9133194,84.0,46.0,0.5376568,53.0,46.0,0.7991679,66.0,124.0,0.69876796,42.0,123.0,0.8707554,36.0,147.0,0.8972186,17.0,147.0,0.86503685
girl2_dog026.jpg,87.0,150.0,0.43364564,83.0,147.0,0.6121375,83.0,149.0,0.49445397,83.0,137.0,0.7323239,83.0,138.0,0.5707817,96.0,127.0,0.7172413,114.0,131.0,0.6067239,91.0,166.0,0.613768,122.0,162.0,0.79922473,76.0,193.0,0.73542786,112.0,188.0,0.728071,151.0,93.0,0.7608086,159.0,94.0,0.63818455,192.0,147.0,0.8553664,197.0,143.0,0.6306248,253.0,158.0,0.28398934,253.0,159.0,0.3091286
girl2_dog026_flipped.jpg,166.0,151.0,0.4899008,170.0,149.0,0.6432966,171.0,149.0,0.5351169,170.0,137.0,0.6638837,172.0,138.0,0.6330775,143.0,129.0,0.69796026,162.0,128.0,0.7526424,133.0,162.0,0.8235035,164.0,163.0,0.7806026,144.0,187.0,0.85499805,180.0,192.0,0.72325015,98.0,98.0,0.7277865,104.0,95.0,0.74796593,57.0,146.0,0.7833554,63.0,149.0,0.72413707,2.0,156.0,0.21169043,0.0,158.0,0.2307288
girl2_dog027.jpg,92.0,151.0,0.4677614,87.0,149.0,0.63269466,87.0,150.0,0.54514503,86.0,138.0,0.6991691,87.0,140.0,0.46909496,98.0,127.0,0.7190779,117.0,133.0,0.6169984,90.0,165.0,0.8228751,123.0,162.0,0.8075315,76.0,192.0,0.72824955,110.0,188.0,0.74095607,152.0,92.0,0.7644205,162.0,92.0,0.75722504,191.0,149.0,0.72418547,198.0,146.0,0.636631,253.0,174.0,0.6372344,254.0,174.0,0.5467281
girl2_dog027_flipped.jpg,159.0,151.0,0.5429853,164.0,149.0,0.62430537,165.0,149.0,0.6816294,165.0,138.0,0.7109444,168.0,138.0,0.721346,140.0,129.0,0.8398279,159.0,128.0,0.70082176,132.0,162.0,0.88559,164.0,163.0,0.8494045,143.0,186.0,0.8481823,180.0,192.0,0.8208754,91.0,94.0,0.70923555,100.0,91.0,0.7392078,60.0,148.0,0.87261194,67.0,150.0,0.91552395,2.0,173.0,0.68209916,0.0,173.0,0.42564112
girl2_dog028.jpg,95.0,152.0,0.3888964,89.0,151.0,0.4850065,90.0,151.0,0.47263518,87.0,140.0,0.49681944,90.0,141.0,0.5052855,99.0,127.0,0.64939463,120.0,134.0,0.50465083,91.0,168.0,0.6563283,123.0,165.0,0.7499811,77.0,193.0,0.6891457,110.0,189.0,0.75391567,154.0,94.0,0.7030355,165.0,93.0,0.62715316,187.0,154.0,0.6169821,196.0,150.0,0.76797533,250.0,191.0,0.6004751,250.0,190.0,0.75238574
girl2_dog028_flipped.jpg,158.0,151.0,0.42515314,162.0,149.0,0.37020808,163.0,150.0,0.4902403,163.0,140.0,0.5621019,166.0,140.0,0.6585854,141.0,129.0,0.72946376,155.0,129.0,0.6710511,132.0,162.0,0.6609726,163.0,166.0,0.8461348,144.0,186.0,0.7530838,178.0,193.0,0.81240386,88.0,93.0,0.61629486,98.0,92.0,0.590036,60.0,151.0,0.5734286,69.0,154.0,0.7500503,6.0,187.0,0.5076997,7.0,189.0,0.38879922
girl2_dog029.jpg,97.0,156.0,0.44052947,92.0,154.0,0.4808728,92.0,155.0,0.41906273,91.0,142.0,0.3590805,92.0,145.0,0.4423804,103.0,130.0,0.59622777,122.0,136.0,0.42857456,94.0,170.0,0.5381453,124.0,167.0,0.71719444,81.0,193.0,0.74452746,110.0,189.0,0.7475412,158.0,92.0,0.6966504,167.0,91.0,0.7210613,187.0,155.0,0.7971889,197.0,150.0,0.7904514,248.0,194.0,0.6353425,248.0,193.0,0.740576
girl2_dog029_flipped.jpg,151.0,156.0,0.6418163,155.0,154.0,0.56479,157.0,154.0,0.48345459,157.0,143.0,0.6998394,161.0,143.0,0.71119314,136.0,131.0,0.7929779,154.0,132.0,0.8229104,129.0,163.0,0.8996099,162.0,167.0,0.7744815,144.0,188.0,0.86201155,174.0,194.0,0.7246692,85.0,88.0,0.78231084,98.0,88.0,0.7071065,59.0,151.0,0.6516841,70.0,154.0,0.8251245,7.0,192.0,0.67527926,8.0,194.0,0.7303226
girl2_dog030.jpg,103.0,158.0,0.43194225,97.0,156.0,0.5383544,98.0,158.0,0.40372366,97.0,144.0,0.5808364,96.0,148.0,0.3346111,106.0,130.0,0.5104986,125.0,138.0,0.41902766,95.0,170.0,0.6301124,126.0,169.0,0.6959159,82.0,194.0,0.5514566,110.0,191.0,0.7572943,158.0,88.0,0.6153742,171.0,89.0,0.6456972,188.0,154.0,0.8926291,200.0,150.0,0.74104685,248.0,197.0,0.82122433,248.0,194.0,0.7757272
girl2_dog030_flipped.jpg,146.0,158.0,0.66519505,152.0,158.0,0.42349347,153.0,158.0,0.652938,154.0,147.0,0.5976198,158.0,146.0,0.7892473,134.0,133.0,0.56986195,149.0,131.0,0.78498334,128.0,167.0,0.71330106,156.0,168.0,0.85381013,144.0,190.0,0.6740131,172.0,196.0,0.83994496,85.0,89.0,0.6855246,92.0,87.0,0.72867477,59.0,151.0,0.5807216,67.0,153.0,0.7908687,8.0,194.0,0.6020781,8.0,195.0,0.67665315
girl2_dog033.jpg,115.0,164.0,0.52168053,110.0,162.0,0.5463935,111.0,163.0,0.61342305,103.0,153.0,0.5365819,104.0,156.0,0.40890148,112.0,135.0,0.67131007,132.0,146.0,0.72546303,101.0,172.0,0.64740056,129.0,174.0,0.93707633,87.0,198.0,0.7171726,111.0,195.0,0.7499061,166.0,89.0,0.7935362,174.0,90.0,0.6360364,194.0,154.0,0.8878582,203.0,150.0,0.7492543,249.0,202.0,0.6393272,248.0,199.0,0.6769363
girl2_dog033_flipped.jpg,138.0,162.0,0.4535895,142.0,163.0,0.6385895,145.0,162.0,0.4940484,149.0,154.0,0.6740422,151.0,153.0,0.7109811,125.0,138.0,0.7041223,143.0,136.0,0.6612278,124.0,172.0,0.74233496,155.0,172.0,0.7444877,143.0,195.0,0.687026,168.0,200.0,0.7478757,85.0,93.0,0.69897383,90.0,91.0,0.7911017,53.0,151.0,0.67969227,57.0,154.0,0.7843247,8.0,198.0,0.6004034,8.0,201.0,0.80044574
girl2_dog036.jpg,119.0,166.0,0.36494476,115.0,167.0,0.50604737,116.0,167.0,0.5357175,107.0,158.0,0.45732892,109.0,163.0,0.3022112,116.0,139.0,0.6557957,134.0,151.0,0.63707256,99.0,176.0,0.61939186,132.0,177.0,0.8380143,86.0,201.0,0.61418784,112.0,195.0,0.55617785,166.0,92.0,0.7426715,178.0,95.0,0.58346814,198.0,154.0,0.78164643,206.0,150.0,0.62673914,246.0,208.0,0.68804276,247.0,206.0,0.5534311
girl2_dog036_flipped.jpg,132.0,163.0,0.48539975,137.0,166.0,0.47204843,141.0,165.0,0.59363675,143.0,159.0,0.5506611,146.0,158.0,0.66130805,120.0,142.0,0.73993194,138.0,141.0,0.7497416,122.0,173.0,0.8107958,155.0,175.0,0.8148046,143.0,197.0,0.63070464,168.0,202.0,0.78401923,83.0,90.0,0.77112544,92.0,90.0,0.8533561,49.0,151.0,0.75398964,55.0,155.0,0.7373905,8.0,204.0,0.6000888,9.0,207.0,0.77051115
girl2_dog037.jpg,120.0,168.0,0.46756843,116.0,169.0,0.5379686,117.0,169.0,0.621024,108.0,160.0,0.46974164,109.0,162.0,0.5237221,117.0,141.0,0.7231456,134.0,151.0,0.6245596,98.0,178.0,0.5296166,132.0,178.0,0.84707487,86.0,201.0,0.6571237,113.0,196.0,0.5923412,165.0,91.0,0.6706596,176.0,91.0,0.65373397,197.0,154.0,0.7924422,206.0,152.0,0.5874219,245.0,210.0,0.60221577,246.0,209.0,0.6459873
girl2_dog037_flipped.jpg,132.0,166.0,0.4516774,136.0,167.0,0.562115,139.0,166.0,0.43430927,142.0,162.0,0.4361516,145.0,160.0,0.5641745,118.0,145.0,0.7810368,137.0,143.0,0.7137557,121.0,175.0,0.79991955,156.0,175.0,0.6532509,142.0,197.0,0.5923753,169.0,202.0,0.7498587,81.0,90.0,0.79936564,94.0,90.0,0.80887365,47.0,152.0,0.7581265,56.0,156.0,0.89418447,10.0,204.0,0.5156358,12.0,208.0,0.7702472
girl2_dog041.jpg,123.0,173.0,0.45138696,120.0,173.0,0.4927602,121.0,173.0,0.4055227,111.0,166.0,0.49514845,115.0,168.0,0.4423129,116.0,146.0,0.47340733,136.0,158.0,0.71916044,97.0,179.0,0.69528973,134.0,180.0,0.90680826,86.0,201.0,0.7060778,113.0,198.0,0.6669861,160.0,90.0,0.83706224,177.0,89.0,0.710234,192.0,155.0,0.9241709,204.0,152.0,0.74469113,233.0,213.0,0.6736912,242.0,213.0,0.6362911
girl2_dog041_flipped.jpg,131.0,170.0,0.466708,134.0,171.0,0.6302469,138.0,170.0,0.4481466,139.0,165.0,0.49321607,142.0,162.0,0.66081715,119.0,148.0,0.8442401,138.0,146.0,0.82346714,120.0,175.0,0.86580175,158.0,177.0,0.7429495,142.0,199.0,0.6127806,169.0,203.0,0.7837241,81.0,86.0,0.83514154,99.0,88.0,0.77153516,49.0,151.0,0.8770348,68.0,154.0,0.735235,15.0,210.0,0.8249012,22.0,213.0,0.72831786
girl2_dog044.jpg,122.0,174.0,0.447813,118.0,174.0,0.49539825,119.0,174.0,0.46988466,110.0,167.0,0.6029967,115.0,170.0,0.32189083,113.0,147.0,0.76792,135.0,157.0,0.76806414,96.0,180.0,0.7039108,133.0,181.0,0.91793823,85.0,202.0,0.79610956,114.0,200.0,0.7150551,157.0,90.0,0.85378695,174.0,87.0,0.84141135,185.0,158.0,0.869439,201.0,154.0,0.734421,228.0,214.0,0.7170195,238.0,211.0,0.78740466
girl2_dog044_flipped.jpg,131.0,174.0,0.53707284,133.0,175.0,0.6281343,137.0,174.0,0.6580591,137.0,167.0,0.5918373,141.0,164.0,0.6215043,119.0,149.0,0.7700545,141.0,147.0,0.6938957,120.0,178.0,0.71751255,159.0,177.0,0.6528776,139.0,199.0,0.66493845,169.0,203.0,0.8079108,80.0,87.0,0.8176544,101.0,88.0,0.8246933,54.0,151.0,0.761584,71.0,156.0,0.7406565,19.0,211.0,0.7929381,29.0,214.0,0.7791547
girl2_dog046.jpg,121.0,175.0,0.5423925,117.0,176.0,0.56593555,119.0,176.0,0.5959261,109.0,169.0,0.6091861,115.0,171.0,0.3923646,113.0,147.0,0.73038346,132.0,159.0,0.6269692,95.0,179.0,0.5898817,133.0,181.0,0.8895991,85.0,202.0,0.73477423,115.0,200.0,0.72524583,154.0,91.0,0.71974987,173.0,87.0,0.76615995,181.0,158.0,0.81432456,199.0,155.0,0.6947835,224.0,216.0,0.6925998,233.0,213.0,0.74628925
girl2_dog046_flipped.jpg,131.0,173.0,0.42116702,133.0,174.0,0.49599063,137.0,173.0,0.57269,137.0,166.0,0.6013647,141.0,164.0,0.5809717,119.0,149.0,0.79017425,143.0,148.0,0.7519904,119.0,180.0,0.71783626,160.0,178.0,0.7193084,139.0,200.0,0.78433543,170.0,203.0,0.79545975,81.0,87.0,0.85658705,103.0,87.0,0.883841,56.0,152.0,0.8962862,74.0,157.0,0.7547541,21.0,212.0,0.8510779,34.0,215.0,0.8139392
girl2_dog047.jpg,122.0,173.0,0.5692593,117.0,174.0,0.54898804,119.0,174.0,0.50435805,109.0,168.0,0.66250515,115.0,169.0,0.5606606,112.0,149.0,0.58678055,133.0,156.0,0.8050863,97.0,176.0,0.48249644,133.0,181.0,0.76459974,85.0,202.0,0.78922176,116.0,199.0,0.6865363,152.0,91.0,0.7736622,171.0,88.0,0.7270602,176.0,158.0,0.819173,198.0,154.0,0.7107766,220.0,216.0,0.5829098,231.0,213.0,0.73500144
girl2_dog047_flipped.jpg,132.0,173.0,0.38240355,133.0,173.0,0.45128,137.0,172.0,0.5453608,137.0,166.0,0.6430481,141.0,164.0,0.5721091,120.0,150.0,0.7713258,144.0,148.0,0.78542197,119.0,180.0,0.7241811,161.0,178.0,0.74124944,139.0,200.0,0.8083706,170.0,203.0,0.79268396,82.0,86.0,0.82638574,104.0,87.0,0.8407581,57.0,152.0,0.804488,75.0,158.0,0.7202951,22.0,213.0,0.82485473,37.0,217.0,0.7739818
girl2_dog053.jpg,115.0,173.0,0.40798268,111.0,175.0,0.44057322,115.0,175.0,0.44271278,106.0,172.0,0.53236413,114.0,171.0,0.50718945,107.0,155.0,0.83226436,126.0,161.0,0.760579,92.0,183.0,0.7674427,133.0,183.0,0.8248502,85.0,204.0,0.7219733,118.0,199.0,0.81247425,144.0,95.0,0.71517444,167.0,90.0,0.8206542,171.0,161.0,0.7093667,188.0,158.0,0.6443739,207.0,221.0,0.6513921,221.0,217.0,0.7042074
girl2_dog053_flipped.jpg,133.0,173.0,0.36762416,133.0,174.0,0.54094315,138.0,174.0,0.5638188,136.0,169.0,0.68576026,142.0,167.0,0.67135704,122.0,153.0,0.865491,146.0,150.0,0.70838296,119.0,182.0,0.8092823,162.0,181.0,0.8354844,136.0,201.0,0.8995152,169.0,203.0,0.8123927,86.0,88.0,0.8680512,111.0,91.0,0.826923,68.0,155.0,0.786392,81.0,162.0,0.5973591,34.0,214.0,0.8946253,49.0,219.0,0.83914244
girl2_dog054.jpg,114.0,174.0,0.24960513,110.0,176.0,0.48357576,114.0,176.0,0.5083518,107.0,173.0,0.72677284,114.0,172.0,0.46553108,106.0,156.0,0.78736883,126.0,162.0,0.79698724,92.0,184.0,0.7761879,134.0,183.0,0.8137825,85.0,205.0,0.66885406,119.0,199.0,0.7943551,142.0,95.0,0.86719924,167.0,91.0,0.8195076,170.0,164.0,0.79757994,187.0,159.0,0.6681683,205.0,222.0,0.6604267,218.0,217.0,0.6487001
girl2_dog054_flipped.jpg,132.0,174.0,0.44234288,133.0,174.0,0.5732583,137.0,174.0,0.4436986,135.0,168.0,0.66179454,141.0,167.0,0.5856944,122.0,153.0,0.90868366,145.0,150.0,0.7081647,119.0,183.0,0.80953234,162.0,182.0,0.82817227,136.0,201.0,0.9078007,168.0,203.0,0.79890025,87.0,89.0,0.8762319,112.0,92.0,0.84015286,69.0,155.0,0.84275895,83.0,160.0,0.60194016,35.0,214.0,0.80265504,51.0,219.0,0.91302544
girl2_dog055.jpg,114.0,176.0,0.3168365,111.0,178.0,0.4397563,115.0,178.0,0.36772293,107.0,173.0,0.6658094,114.0,174.0,0.44490325,107.0,155.0,0.7608727,125.0,162.0,0.7099192,92.0,184.0,0.6788871,134.0,183.0,0.7984707,85.0,205.0,0.6631079,118.0,199.0,0.7444102,141.0,94.0,0.82929003,166.0,91.0,0.7763319,168.0,163.0,0.59371257,185.0,158.0,0.55018926,204.0,222.0,0.5041312,216.0,218.0,0.58606607
girl2_dog055_flipped.jpg,132.0,174.0,0.44438714,133.0,175.0,0.622426,137.0,175.0,0.4877198,136.0,169.0,0.6866389,141.0,167.0,0.60985196,122.0,153.0,0.6898698,146.0,152.0,0.7216583,119.0,182.0,0.85274583,163.0,182.0,0.64403594,136.0,201.0,0.8975706,168.0,204.0,0.77053696,87.0,90.0,0.7602148,112.0,92.0,0.827443,71.0,155.0,0.7767375,86.0,159.0,0.7131784,36.0,214.0,0.8553129,52.0,220.0,0.7897244
girl2_dog056.jpg,114.0,176.0,0.33868825,111.0,178.0,0.4374466,115.0,178.0,0.39646426,108.0,173.0,0.68517005,115.0,174.0,0.48070693,107.0,155.0,0.7959057,126.0,162.0,0.7470833,91.0,184.0,0.6856313,134.0,183.0,0.83159924,85.0,206.0,0.59220785,119.0,200.0,0.7427827,141.0,95.0,0.85783124,165.0,91.0,0.8151074,166.0,163.0,0.6886996,185.0,159.0,0.60784733,200.0,223.0,0.5434661,215.0,219.0,0.6582142
girl2_dog056_flipped.jpg,133.0,174.0,0.3624047,134.0,176.0,0.60399866,138.0,175.0,0.39370573,136.0,170.0,0.62920755,142.0,168.0,0.6700877,123.0,154.0,0.8992864,147.0,153.0,0.7689152,119.0,182.0,0.8255829,163.0,182.0,0.61967397,136.0,202.0,0.7804395,168.0,203.0,0.7771464,88.0,91.0,0.81120205,112.0,93.0,0.85661244,71.0,156.0,0.772928,86.0,160.0,0.6928146,38.0,216.0,0.8510729,53.0,222.0,0.8726035
girl2_dog058.jpg,115.0,177.0,0.45223737,111.0,180.0,0.46937087,114.0,180.0,0.65463173,107.0,176.0,0.70162773,112.0,176.0,0.56118596,105.0,155.0,0.78149396,124.0,162.0,0.73688924,91.0,185.0,0.83349675,134.0,183.0,0.8431722,86.0,204.0,0.66002655,119.0,200.0,0.7654438,138.0,95.0,0.82764745,162.0,92.0,0.7841351,161.0,163.0,0.86390233,182.0,160.0,0.7829979,196.0,224.0,0.6292197,210.0,219.0,0.65508854
girl2_dog058_flipped.jpg,132.0,175.0,0.39935204,133.0,176.0,0.62150574,137.0,176.0,0.49104366,136.0,170.0,0.6023147,141.0,168.0,0.6176586,123.0,154.0,0.8631233,146.0,151.0,0.7519314,119.0,183.0,0.7885622,163.0,182.0,0.7952852,137.0,203.0,0.67957133,168.0,203.0,0.71250117,91.0,92.0,0.87353826,114.0,93.0,0.8810792,75.0,157.0,0.8471948,90.0,160.0,0.6465218,43.0,218.0,0.69760627,57.0,222.0,0.8423152
girl2_dog059.jpg,115.0,176.0,0.37297708,110.0,179.0,0.3879657,113.0,179.0,0.5818236,106.0,175.0,0.7166153,112.0,175.0,0.4721271,105.0,155.0,0.691048,124.0,161.0,0.6315732,90.0,186.0,0.8268426,134.0,183.0,0.7904347,86.0,203.0,0.65724266,118.0,201.0,0.597159,137.0,95.0,0.8059851,162.0,92.0,0.7569891,159.0,163.0,0.8305326,180.0,160.0,0.81722206,192.0,224.0,0.61812603,207.0,220.0,0.5988426
girl2_dog059_flipped.jpg,134.0,175.0,0.43369377,134.0,177.0,0.5651722,138.0,176.0,0.4225009,136.0,170.0,0.5663752,142.0,170.0,0.6111771,123.0,154.0,0.86371535,147.0,153.0,0.8109845,118.0,184.0,0.73026717,163.0,182.0,0.70014215,136.0,204.0,0.66449374,168.0,203.0,0.667011,93.0,92.0,0.8872844,116.0,92.0,0.88256234,78.0,159.0,0.6073109,92.0,163.0,0.54968154,45.0,218.0,0.687485,61.0,223.0,0.8217187
girl2_dog061.jpg,114.0,178.0,0.24134886,111.0,181.0,0.40249547,113.0,181.0,0.47009698,108.0,176.0,0.27150398,111.0,176.0,0.43283606,108.0,157.0,0.6841572,122.0,159.0,0.26134223,134.0,185.0,0.37627834,133.0,184.0,0.47474352,118.0,203.0,0.38360724,117.0,201.0,0.37126124,136.0,98.0,0.6874968,159.0,95.0,0.6715436,157.0,165.0,0.6024041,176.0,162.0,0.69803256,186.0,226.0,0.4515287,202.0,222.0,0.5714508
girl2_dog061_flipped.jpg,133.0,176.0,0.4591209,132.0,178.0,0.5469172,137.0,178.0,0.51852053,135.0,172.0,0.47230008,142.0,171.0,0.5560814,121.0,156.0,0.7665538,150.0,154.0,0.80767983,119.0,186.0,0.6793409,163.0,181.0,0.7280724,136.0,205.0,0.56732905,168.0,203.0,0.6372745,95.0,94.0,0.7551342,122.0,94.0,0.79072654,81.0,159.0,0.6954136,97.0,161.0,0.51188076,51.0,220.0,0.6578424,70.0,225.0,0.8055572
girl2_dog062.jpg,114.0,177.0,0.32686004,114.0,181.0,0.5415441,113.0,181.0,0.580917,112.0,177.0,0.5480392,110.0,176.0,0.4544601,117.0,160.0,0.46839565,115.0,158.0,0.42180297,134.0,186.0,0.73035175,132.0,184.0,0.32065755,119.0,204.0,0.61621785,116.0,202.0,0.4135019,133.0,97.0,0.8679589,158.0,93.0,0.84259343,156.0,166.0,0.7300035,173.0,162.0,0.8950658,181.0,226.0,0.44512114,200.0,223.0,0.6908965
girl2_dog062_flipped.jpg,133.0,175.0,0.4381807,132.0,178.0,0.5834794,137.0,177.0,0.5183294,135.0,173.0,0.5931973,143.0,171.0,0.5549667,121.0,155.0,0.45937794,149.0,155.0,0.77446544,121.0,187.0,0.6933705,165.0,183.0,0.74645483,135.0,204.0,0.5034313,168.0,203.0,0.65727395,97.0,94.0,0.787264,123.0,96.0,0.8314882,82.0,162.0,0.84550726,98.0,165.0,0.49109548,54.0,221.0,0.80531144,73.0,225.0,0.87469935
girl2_dog063.jpg,115.0,177.0,0.33517185,114.0,181.0,0.49128863,112.0,180.0,0.47851604,113.0,176.0,0.5058579,108.0,175.0,0.459825,119.0,160.0,0.44270623,111.0,156.0,0.47319707,133.0,186.0,0.7405485,91.0,185.0,0.5299187,120.0,203.0,0.6340073,115.0,201.0,0.33237296,133.0,99.0,0.8070066,156.0,96.0,0.7973702,156.0,167.0,0.57356656,171.0,164.0,0.7230163,178.0,226.0,0.37115246,179.0,226.0,0.590214
girl2_dog063_flipped.jpg,135.0,178.0,0.32840678,134.0,180.0,0.532904,139.0,180.0,0.5403175,137.0,174.0,0.53496027,145.0,174.0,0.606081,123.0,155.0,0.5416968,151.0,158.0,0.8082367,122.0,186.0,0.5881609,166.0,185.0,0.53764856,136.0,204.0,0.55615777,168.0,203.0,0.5168351,98.0,95.0,0.75688195,125.0,97.0,0.7254418,82.0,162.0,0.909444,101.0,168.0,0.49561617,58.0,222.0,0.72997904,77.0,226.0,0.84817517
girl2_dog065.jpg,115.0,176.0,0.24800073,114.0,179.0,0.5485225,114.0,179.0,0.57687837,111.0,175.0,0.4780212,111.0,175.0,0.45012516,110.0,160.0,0.55418146,112.0,158.0,0.38797072,134.0,186.0,0.62000006,134.0,185.0,0.3765152,119.0,203.0,0.5678103,116.0,202.0,0.23899676,128.0,100.0,0.75399506,153.0,97.0,0.78925586,149.0,167.0,0.4986268,166.0,165.0,0.81082594,170.0,229.0,0.4405726,189.0,225.0,0.72801983
girl2_dog065_flipped.jpg,137.0,180.0,0.4309255,137.0,182.0,0.45188794,138.0,183.0,0.43837917,141.0,176.0,0.4082076,140.0,177.0,0.3512375,134.0,159.0,0.4730132,146.0,159.0,0.44386262,124.0,187.0,0.33297148,166.0,186.0,0.3790004,138.0,205.0,0.39883032,169.0,204.0,0.33996943,104.0,99.0,0.78393215,124.0,99.0,0.8054471,88.0,164.0,0.8405541,106.0,172.0,0.5352274,65.0,225.0,0.5777174,84.0,228.0,0.79464775
girl2_dog067.jpg,118.0,176.0,0.3632754,115.0,180.0,0.6114952,117.0,180.0,0.6098828,112.0,177.0,0.4696424,115.0,177.0,0.49765816,103.0,162.0,0.753756,125.0,163.0,0.36264145,87.0,185.0,0.67958385,139.0,185.0,0.3356783,118.0,203.0,0.66418207,117.0,202.0,0.34770432,125.0,102.0,0.85714734,151.0,99.0,0.7459593,145.0,170.0,0.3846689,163.0,167.0,0.8171797,162.0,230.0,0.6315056,183.0,226.0,0.6851027
girl2_dog067_flipped.jpg,139.0,181.0,0.4288257,138.0,183.0,0.47341934,141.0,184.0,0.54348993,139.0,178.0,0.48564407,145.0,178.0,0.43813214,124.0,161.0,0.4915278,153.0,159.0,0.6594238,117.0,186.0,0.22304736,167.0,187.0,0.5687529,136.0,204.0,0.4234456,139.0,204.0,0.44329923,106.0,102.0,0.72521454,130.0,102.0,0.77037585,91.0,168.0,0.78501964,112.0,175.0,0.41769493,82.0,225.0,0.24503599,91.0,228.0,0.7996461
girl2_dog068.jpg,118.0,175.0,0.39814514,116.0,178.0,0.50454664,119.0,178.0,0.41233853,110.0,176.0,0.5091264,118.0,175.0,0.49972212,99.0,161.0,0.8271948,130.0,161.0,0.49469423,87.0,185.0,0.8907816,141.0,185.0,0.37721965,85.0,203.0,0.6215921,119.0,203.0,0.59553814,122.0,103.0,0.810064,150.0,100.0,0.76520723,136.0,171.0,0.26738387,160.0,168.0,0.8002351,158.0,229.0,0.5687314,180.0,228.0,0.70907533
girl2_dog068_flipped.jpg,138.0,182.0,0.45874247,138.0,184.0,0.64146835,141.0,184.0,0.56164384,135.0,179.0,0.6318456,147.0,178.0,0.5189843,121.0,160.0,0.55971694,156.0,159.0,0.71592426,113.0,187.0,0.18798675,167.0,186.0,0.57841825,136.0,205.0,0.41337302,168.0,201.0,0.34761414,107.0,103.0,0.81492317,132.0,103.0,0.83280313,93.0,169.0,0.88462365,113.0,175.0,0.3103779,74.0,226.0,0.6541419,95.0,231.0,0.7900586
girl2_dog070.jpg,121.0,181.0,0.4098257,118.0,185.0,0.66568387,120.0,184.0,0.5645716,111.0,180.0,0.4851609,117.0,180.0,0.39889503,99.0,166.0,0.7268362,130.0,163.0,0.51271987,87.0,184.0,0.8511745,138.0,183.0,0.41823134,86.0,201.0,0.76175445,119.0,202.0,0.5412378,119.0,106.0,0.8013566,145.0,102.0,0.8319336,136.0,174.0,0.2441717,155.0,169.0,0.87167513,152.0,232.0,0.546952,174.0,228.0,0.6410741
girl2_dog070_flipped.jpg,137.0,184.0,0.48954988,136.0,185.0,0.633198,140.0,186.0,0.6244099,134.0,179.0,0.6361004,146.0,179.0,0.46538818,122.0,163.0,0.6005563,154.0,161.0,0.6158602,113.0,194.0,0.14869253,167.0,187.0,0.57116085,138.0,205.0,0.28465942,167.0,202.0,0.3836101,109.0,105.0,0.8506927,135.0,104.0,0.82883036,98.0,171.0,0.8377955,121.0,172.0,0.46616098,81.0,226.0,0.7355808,102.0,232.0,0.6339295
girl2_dog071.jpg,118.0,180.0,0.37132326,114.0,184.0,0.5780685,117.0,184.0,0.60780394,108.0,178.0,0.43652052,115.0,178.0,0.37785846,100.0,164.0,0.7600123,125.0,163.0,0.4969135,87.0,184.0,0.834079,135.0,182.0,0.25766736,87.0,200.0,0.5352587,119.0,203.0,0.3580294,119.0,106.0,0.6350347,144.0,103.0,0.7256584,131.0,173.0,0.30727485,152.0,168.0,0.79081637,149.0,233.0,0.6131155,171.0,227.0,0.5927792
girl2_dog071_flipped.jpg,136.0,183.0,0.4321948,137.0,185.0,0.6903975,138.0,185.0,0.69975007,139.0,179.0,0.5000814,142.0,178.0,0.43381408,127.0,164.0,0.43330443,145.0,163.0,0.53815377,126.0,194.0,0.10931574,134.0,201.0,0.34723225,141.0,206.0,0.15337501,107.0,233.0,0.5235997,112.0,105.0,0.7740389,133.0,104.0,0.74472415,99.0,172.0,0.8199084,119.0,177.0,0.41685402,83.0,227.0,0.45474026,105.0,233.0,0.71312773
girl2_dog072.jpg,120.0,181.0,0.46897063,117.0,185.0,0.69523466,119.0,184.0,0.51502424,109.0,178.0,0.4563695,118.0,178.0,0.538486,101.0,164.0,0.751168,130.0,163.0,0.4613451,87.0,185.0,0.82282525,135.0,186.0,0.28773704,87.0,201.0,0.519892,119.0,202.0,0.33545026,116.0,107.0,0.695809,142.0,103.0,0.71496224,131.0,173.0,0.28195012,150.0,169.0,0.7274912,146.0,232.0,0.6240082,170.0,230.0,0.6755544
girl2_dog072_flipped.jpg,135.0,184.0,0.47534102,136.0,187.0,0.6199639,137.0,187.0,0.6708946,138.0,180.0,0.503503,140.0,180.0,0.36274168,132.0,168.0,0.39626473,141.0,165.0,0.6161555,118.0,195.0,0.336497,130.0,200.0,0.3633357,164.0,204.0,0.35858133,109.0,232.0,0.49517268,115.0,106.0,0.79427636,128.0,106.0,0.65432966,104.0,171.0,0.75631714,117.0,172.0,0.41093788,87.0,226.0,0.5028366,108.0,232.0,0.5711309
girl2_dog074.jpg,119.0,180.0,0.39285645,116.0,185.0,0.50774586,119.0,185.0,0.53204644,107.0,179.0,0.3822034,116.0,180.0,0.40669227,101.0,164.0,0.6530014,131.0,164.0,0.41362333,88.0,185.0,0.6603477,133.0,191.0,0.39864174,88.0,196.0,0.51427996,164.0,229.0,0.28133535,115.0,108.0,0.6870835,140.0,106.0,0.6465939,129.0,169.0,0.20737967,148.0,170.0,0.7756436,141.0,230.0,0.41770512,164.0,229.0,0.5809251
girl2_dog074_flipped.jpg,134.0,183.0,0.38635102,134.0,185.0,0.63051116,138.0,185.0,0.62050843,134.0,180.0,0.54550886,143.0,179.0,0.4704027,117.0,164.0,0.3318452,152.0,162.0,0.65884435,102.0,178.0,0.19789612,165.0,188.0,0.6402534,112.0,228.0,0.1297315,163.0,202.0,0.30483332,112.0,107.0,0.8186524,136.0,107.0,0.7954762,104.0,175.0,0.74152386,124.0,177.0,0.27197054,90.0,230.0,0.7116925,113.0,233.0,0.7677846
girl2_dog075.jpg,121.0,182.0,0.31088018,117.0,186.0,0.3862225,121.0,185.0,0.46398845,108.0,181.0,0.4100734,119.0,180.0,0.32756627,101.0,166.0,0.63448477,142.0,164.0,0.32052648,88.0,186.0,0.69135535,152.0,183.0,0.19488762,89.0,194.0,0.5153823,161.0,229.0,0.22861227,113.0,109.0,0.6694512,140.0,107.0,0.70037323,131.0,173.0,0.2192702,147.0,173.0,0.76062167,139.0,229.0,0.46039838,161.0,229.0,0.5515119
girl2_dog075_flipped.jpg,132.0,185.0,0.51182115,132.0,185.0,0.6371294,136.0,186.0,0.67124975,132.0,178.0,0.5938536,141.0,178.0,0.49637458,114.0,167.0,0.44472793,149.0,163.0,0.69919986,102.0,177.0,0.26323414,164.0,187.0,0.7010174,92.0,229.0,0.24753101,163.0,197.0,0.19609907,115.0,107.0,0.83710515,139.0,106.0,0.77509296,105.0,173.0,0.5287612,126.0,178.0,0.21931545,93.0,229.0,0.7168956,115.0,233.0,0.7048374
girl2_dog080.jpg,125.0,178.0,0.24892642,122.0,182.0,0.34478465,126.0,180.0,0.3753044,114.0,179.0,0.51486003,125.0,175.0,0.3990244,106.0,165.0,0.56124294,141.0,166.0,0.37804797,94.0,184.0,0.59691966,149.0,188.0,0.23303059,98.0,192.0,0.2981474,153.0,230.0,0.3058696,114.0,111.0,0.706842,140.0,109.0,0.7131673,122.0,173.0,0.34518126,144.0,172.0,0.5466536,130.0,228.0,0.39922145,153.0,230.0,0.38635182
girl2_dog080_flipped.jpg,129.0,182.0,0.51259077,127.0,181.0,0.62100613,132.0,185.0,0.5183413,124.0,176.0,0.428759,139.0,176.0,0.38954502,114.0,164.0,0.4489119,147.0,165.0,0.48423144,105.0,180.0,0.28404483,161.0,185.0,0.7497125,99.0,229.0,0.17931904,158.0,191.0,0.34226665,115.0,107.0,0.8392569,141.0,106.0,0.83253217,109.0,171.0,0.7165345,133.0,177.0,0.17891362,100.0,232.0,0.7235997,123.0,233.0,0.7143113
girl2_dog085_flipped.jpg,123.0,179.0,0.47300085,121.0,181.0,0.65936875,128.0,182.0,0.41681638,117.0,178.0,0.658682,133.0,175.0,0.52817667,110.0,166.0,0.56902987,137.0,165.0,0.49883628,104.0,183.0,0.23504618,151.0,183.0,0.62159806,102.0,230.0,0.2037572,151.0,186.0,0.66935706,111.0,109.0,0.8952367,137.0,108.0,0.87405217,107.0,174.0,0.5237294,134.0,178.0,0.20604184,104.0,233.0,0.7799376,127.0,234.0,0.72218966
girl2_dog087.jpg,134.0,182.0,0.45001307,131.0,183.0,0.45544627,136.0,183.0,0.61397326,126.0,179.0,0.5395701,138.0,178.0,0.43680263,118.0,169.0,0.5754372,147.0,165.0,0.507168,111.0,186.0,0.3171045,151.0,194.0,0.31951162,109.0,185.0,0.23722154,150.0,230.0,0.24390404,119.0,107.0,0.556088,146.0,109.0,0.58763003,120.0,173.0,0.38838786,147.0,170.0,0.40139806,128.0,232.0,0.44883844,151.0,232.0,0.6023541
girl2_dog087_flipped.jpg,122.0,180.0,0.46909025,119.0,181.0,0.65256536,124.0,183.0,0.5343005,116.0,175.0,0.51969624,131.0,175.0,0.3858224,108.0,163.0,0.4096518,135.0,163.0,0.46169415,101.0,184.0,0.32177106,147.0,185.0,0.4530897,102.0,228.0,0.31818247,148.0,186.0,0.37264282,108.0,110.0,0.87607145,134.0,109.0,0.7508543,105.0,170.0,0.6246392,132.0,178.0,0.20019989,104.0,233.0,0.73216224,128.0,234.0,0.7026903
girl2_dog088_flipped.jpg,122.0,182.0,0.5387757,120.0,183.0,0.6038572,125.0,184.0,0.5020846,116.0,177.0,0.5225389,129.0,176.0,0.43901455,107.0,166.0,0.518564,135.0,168.0,0.4767409,101.0,188.0,0.2659365,143.0,188.0,0.43675426,102.0,229.0,0.37232277,130.0,229.0,0.41622666,107.0,110.0,0.7866929,133.0,109.0,0.70920527,104.0,175.0,0.54688007,133.0,179.0,0.20234188,104.0,235.0,0.66422987,128.0,235.0,0.55314225
girl2_dog090.jpg,140.0,183.0,0.32267088,137.0,185.0,0.61746347,142.0,186.0,0.41172153,131.0,181.0,0.42983815,145.0,183.0,0.38233182,121.0,171.0,0.46137935,150.0,166.0,0.38278526,121.0,191.0,0.3614182,154.0,194.0,0.3483301,125.0,229.0,0.18887931,151.0,229.0,0.30647537,123.0,109.0,0.5297148,151.0,109.0,0.441091,122.0,175.0,0.59539413,151.0,174.0,0.16086209,127.0,232.0,0.5336877,150.0,233.0,0.52898574
girl2_dog090_flipped.jpg,118.0,182.0,0.41587487,117.0,184.0,0.5621261,122.0,185.0,0.37312955,110.0,179.0,0.5359372,125.0,180.0,0.37828493,103.0,170.0,0.550169,131.0,171.0,0.51888084,101.0,189.0,0.31600064,133.0,193.0,0.38444728,103.0,231.0,0.3767735,130.0,229.0,0.40086666,106.0,109.0,0.67894995,131.0,106.0,0.5310272,103.0,174.0,0.4955538,131.0,173.0,0.43433514,104.0,233.0,0.6775723,129.0,232.0,0.5615882
girl2_dog091.jpg,142.0,187.0,0.37307155,140.0,187.0,0.54215777,146.0,189.0,0.41900423,136.0,181.0,0.50811094,150.0,182.0,0.43023658,123.0,169.0,0.43887088,154.0,169.0,0.4862979,122.0,192.0,0.43037292,160.0,187.0,0.43018043,125.0,229.0,0.27678964,151.0,231.0,0.3651984,124.0,109.0,0.6665659,151.0,110.0,0.5817329,123.0,174.0,0.5991733,153.0,174.0,0.14339729,127.0,234.0,0.45542943,150.0,235.0,0.45767364
girl2_dog091_flipped.jpg,114.0,179.0,0.34817234,111.0,181.0,0.5753726,116.0,181.0,0.6567265,105.0,176.0,0.60366774,119.0,175.0,0.42048362,100.0,169.0,0.5500089,130.0,166.0,0.37851948,101.0,200.0,0.60166514,132.0,194.0,0.46277678,103.0,232.0,0.48799217,129.0,230.0,0.40884736,105.0,109.0,0.79021746,131.0,107.0,0.75046384,104.0,172.0,0.43393502,131.0,173.0,0.51231384,104.0,234.0,0.48308033,129.0,232.0,0.57723075
girl2_dog093.jpg,145.0,184.0,0.30478778,144.0,185.0,0.37482432,150.0,186.0,0.3743239,138.0,178.0,0.39877138,155.0,179.0,0.34693393,125.0,165.0,0.42888668,155.0,160.0,0.39900908,122.0,188.0,0.2377004,167.0,183.0,0.45392323,126.0,230.0,0.22474593,165.0,188.0,0.29515892,124.0,107.0,0.5152256,153.0,107.0,0.41258633,124.0,172.0,0.6731261,151.0,178.0,0.1620184,127.0,233.0,0.48039028,150.0,234.0,0.5573045
girl2_dog093_flipped.jpg,111.0,175.0,0.35811797,108.0,178.0,0.45636907,113.0,176.0,0.5368331,103.0,174.0,0.5388382,117.0,169.0,0.41692078,99.0,160.0,0.63283145,127.0,160.0,0.3846072,90.0,183.0,0.47194096,131.0,186.0,0.29642692,86.0,184.0,0.42911553,130.0,203.0,0.118502446,103.0,106.0,0.7441684,130.0,106.0,0.73572326,102.0,175.0,0.39951417,128.0,175.0,0.50107163,104.0,234.0,0.64203537,128.0,233.0,0.63721186
girl2_dog094.jpg,147.0,183.0,0.28332746,145.0,184.0,0.4262868,152.0,185.0,0.365817,142.0,178.0,0.42271513,157.0,179.0,0.40581778,127.0,162.0,0.33398122,156.0,162.0,0.3308623,122.0,183.0,0.14128262,169.0,185.0,0.37123725,125.0,232.0,0.17213985,167.0,190.0,0.31900367,125.0,108.0,0.6055455,154.0,108.0,0.41031444,125.0,172.0,0.6477863,151.0,181.0,0.17081837,127.0,234.0,0.53007865,149.0,235.0,0.60883355
girl2_dog094_flipped.jpg,108.0,177.0,0.46777833,105.0,180.0,0.6141321,110.0,180.0,0.45608526,100.0,175.0,0.5271703,114.0,170.0,0.48192742,97.0,162.0,0.48815018,126.0,161.0,0.37181512,90.0,187.0,0.41388196,130.0,188.0,0.44068724,85.0,186.0,0.39433146,130.0,209.0,0.13804427,101.0,107.0,0.79837716,128.0,105.0,0.7382076,101.0,174.0,0.3106476,128.0,174.0,0.50732684,105.0,235.0,0.6020707,128.0,233.0,0.77640754
girl2_dog095.jpg,148.0,181.0,0.24848539,148.0,181.0,0.2997686,153.0,182.0,0.29717207,145.0,177.0,0.2515259,159.0,175.0,0.48839927,127.0,161.0,0.2420821,157.0,159.0,0.28547692,123.0,183.0,0.13858889,172.0,183.0,0.4153514,125.0,232.0,0.12121974,169.0,188.0,0.30661738,126.0,109.0,0.56492937,156.0,108.0,0.36999822,126.0,175.0,0.5334418,150.0,177.0,0.20591001,127.0,233.0,0.57357067,149.0,234.0,0.5309272
girl2_dog099.jpg,155.0,182.0,0.36594096,153.0,182.0,0.46903354,159.0,182.0,0.54190207,152.0,176.0,0.41815323,165.0,177.0,0.3421835,132.0,160.0,0.22443798,163.0,160.0,0.23144801,126.0,172.0,0.12728037,181.0,183.0,0.5201869,176.0,190.0,0.2007774,177.0,188.0,0.38122383,130.0,107.0,0.6887846,159.0,106.0,0.43319607,128.0,171.0,0.61816156,154.0,177.0,0.1929904,124.0,234.0,0.71270037,147.0,236.0,0.4666202
girl2_dog099_flipped.jpg,103.0,172.0,0.376366,101.0,175.0,0.53163093,105.0,174.0,0.46788636,96.0,170.0,0.49051288,107.0,166.0,0.3653339,92.0,154.0,0.61844534,120.0,160.0,0.4722146,75.0,185.0,0.6078217,129.0,186.0,0.35444283,76.0,189.0,0.40725467,130.0,230.0,0.39776897,97.0,106.0,0.79187226,125.0,105.0,0.79887635,98.0,177.0,0.28839946,125.0,172.0,0.44526243,108.0,237.0,0.65640295,129.0,234.0,0.74915385
girl2_dog100.jpg,155.0,181.0,0.35610175,154.0,182.0,0.45722744,160.0,182.0,0.5225895,153.0,176.0,0.34674066,166.0,175.0,0.4599477,135.0,157.0,0.15922086,166.0,159.0,0.21556461,126.0,171.0,0.14596923,183.0,182.0,0.6264217,177.0,193.0,0.2053814,178.0,191.0,0.47688505,130.0,106.0,0.7240137,160.0,106.0,0.41748542,128.0,171.0,0.6972822,153.0,180.0,0.18605612,124.0,233.0,0.66521657,146.0,238.0,0.661062
girl2_dog100_flipped.jpg,102.0,176.0,0.33498344,99.0,177.0,0.48343942,103.0,177.0,0.53467095,95.0,170.0,0.5672569,104.0,167.0,0.47194594,91.0,156.0,0.4717242,120.0,161.0,0.48508617,74.0,185.0,0.5625429,129.0,188.0,0.47439605,73.0,190.0,0.33111978,132.0,230.0,0.48823762,97.0,105.0,0.8315297,126.0,104.0,0.8303628,99.0,181.0,0.25098002,126.0,176.0,0.36869228,108.0,236.0,0.58278,130.0,234.0,0.70779383
girl2_dog101.jpg,156.0,180.0,0.33443296,156.0,180.0,0.38707155,161.0,180.0,0.39325052,153.0,175.0,0.36584735,167.0,174.0,0.35112405,135.0,157.0,0.1847454,168.0,159.0,0.29617605,127.0,172.0,0.15321864,184.0,181.0,0.45820358,149.0,195.0,0.10285573,180.0,190.0,0.3690132,132.0,107.0,0.68146837,161.0,106.0,0.40417242,129.0,172.0,0.74198484,154.0,180.0,0.20854922,123.0,233.0,0.6879133,145.0,237.0,0.6668128
