guy3_tree085.jpg,146.0,32.0,0.48450667,151.0,27.0,0.47623867,143.0,27.0,0.4088086,162.0,30.0,0.77928364,142.0,30.0,0.4176555,171.0,61.0,0.68304104,133.0,59.0,0.799446,189.0,89.0,0.6926204,110.0,85.0,0.5405738,158.0,92.0,0.48177028,129.0,80.0,0.5259908,154.0,123.0,0.5156427,131.0,118.0,0.7960138,152.0,177.0,0.583094,91.0,132.0,0.5012537,147.0,225.0,0.7636142,134.0,145.0,0.703959
guy3_tree085_flipped.jpg,112.0,32.0,0.61836624,114.0,27.0,0.5996872,106.0,27.0,0.6402371,114.0,29.0,0.8039994,95.0,30.0,0.83328545,125.0,58.0,0.702332,84.0,60.0,0.8707622,149.0,86.0,0.62229687,66.0,90.0,0.7892346,127.0,81.0,0.6214733,97.0,92.0,0.69775283,126.0,119.0,0.8963214,101.0,126.0,0.80339324,172.0,133.0,0.9200791,107.0,179.0,0.72921216,122.0,146.0,0.64836395,112.0,226.0,0.71270156
guy3_tree086.jpg,146.0,31.0,0.666472,151.0,26.0,0.626572,143.0,27.0,0.5753155,162.0,30.0,0.77708757,142.0,30.0,0.4244847,171.0,60.0,0.65948534,133.0,58.0,0.84865135,186.0,89.0,0.626909,111.0,85.0,0.38963675,156.0,87.0,0.37726134,130.0,79.0,0.3671296,154.0,121.0,0.68996173,130.0,117.0,0.68460035,151.0,176.0,0.71870136,91.0,132.0,0.53982514,146.0,226.0,0.8376503,133.0,145.0,0.7122414
guy3_tree086_flipped.jpg,112.0,31.0,0.6435952,115.0,27.0,0.73289305,106.0,27.0,0.8533273,114.0,29.0,0.8194189,95.0,30.0,0.7858335,126.0,58.0,0.7193091,84.0,60.0,0.8659619,148.0,87.0,0.6938219,68.0,91.0,0.818749,126.0,77.0,0.46632543,103.0,88.0,0.43522322,126.0,119.0,0.9099973,101.0,126.0,0.89692366,172.0,134.0,0.9120184,108.0,180.0,0.74881035,125.0,146.0,0.6716481,112.0,226.0,0.84071976
guy3_tree087.jpg,146.0,29.0,0.735173,151.0,26.0,0.7065116,143.0,26.0,0.6068519,162.0,29.0,0.8007262,142.0,29.0,0.41717878,171.0,59.0,0.58074224,132.0,58.0,0.8476538,184.0,88.0,0.4763691,111.0,86.0,0.42428085,152.0,80.0,0.5017969,131.0,75.0,0.3603782,154.0,122.0,0.53169525,130.0,116.0,0.62556386,151.0,176.0,0.7581506,91.0,131.0,0.5104304,146.0,226.0,0.7490941,133.0,146.0,0.7103878
guy3_tree087_flipped.jpg,109.0,30.0,0.79845566,111.0,26.0,0.55949324,104.0,25.0,0.7069533,111.0,27.0,0.67912126,93.0,29.0,0.8722793,123.0,57.0,0.68634474,81.0,58.0,0.92898715,145.0,86.0,0.8536057,70.0,87.0,0.7729703,125.0,73.0,0.5129677,103.0,82.0,0.41906092,122.0,117.0,0.9022362,99.0,125.0,0.8670216,166.0,131.0,0.8538697,104.0,176.0,0.66133535,122.0,143.0,0.4788304,109.0,224.0,0.72379774
guy3_tree088.jpg,145.0,29.0,0.7161058,150.0,25.0,0.7701646,142.0,25.0,0.6761713,161.0,28.0,0.7680039,142.0,28.0,0.39722547,172.0,58.0,0.7728573,133.0,57.0,0.8415832,181.0,88.0,0.4018866,112.0,84.0,0.30653152,152.0,77.0,0.5218655,133.0,72.0,0.45975795,154.0,121.0,0.7008749,130.0,116.0,0.60969335,150.0,175.0,0.7652976,90.0,131.0,0.7161002,146.0,225.0,0.78655005,132.0,143.0,0.7125771
guy3_tree088_flipped.jpg,110.0,29.0,0.8185456,112.0,25.0,0.67588806,104.0,25.0,0.72626674,111.0,27.0,0.6002707,93.0,29.0,0.8667648,122.0,56.0,0.80301905,82.0,58.0,0.9066842,144.0,85.0,0.7079402,72.0,87.0,0.78956497,124.0,70.0,0.42909998,103.0,78.0,0.5632535,122.0,116.0,0.89236355,99.0,123.0,0.8557595,167.0,132.0,0.8613608,104.0,177.0,0.858403,122.0,143.0,0.5367563,109.0,224.0,0.8122721
guy3_tree089.jpg,145.0,28.0,0.62025195,150.0,25.0,0.74301666,142.0,25.0,0.583187,161.0,28.0,0.7028264,142.0,28.0,0.3685115,171.0,57.0,0.82675076,133.0,56.0,0.63757265,179.0,85.0,0.41444972,112.0,83.0,0.3629301,149.0,74.0,0.55589825,132.0,71.0,0.3961339,153.0,120.0,0.73732233,129.0,115.0,0.53601086,150.0,176.0,0.71699405,89.0,131.0,0.71288276,145.0,226.0,0.77431774,132.0,143.0,0.64293873
guy3_tree089_flipped.jpg,110.0,29.0,0.7889566,113.0,24.0,0.71938133,104.0,24.0,0.7756061,111.0,27.0,0.600571,94.0,28.0,0.8793729,122.0,54.0,0.911557,81.0,57.0,0.9448512,143.0,86.0,0.8161218,75.0,86.0,0.81429434,122.0,68.0,0.6241268,105.0,74.0,0.79126894,123.0,114.0,0.87594414,99.0,122.0,0.9089017,167.0,131.0,0.8565892,105.0,175.0,0.76563585,122.0,145.0,0.6064304,109.0,224.0,0.7533933
guy3_tree090.jpg,144.0,28.0,0.50808865,149.0,24.0,0.6124043,142.0,24.0,0.5024961,161.0,27.0,0.5986634,142.0,27.0,0.29102445,170.0,57.0,0.8236067,132.0,55.0,0.7022544,176.0,84.0,0.49855942,111.0,83.0,0.4697969,146.0,72.0,0.42910194,132.0,70.0,0.3522142,153.0,120.0,0.73520666,130.0,116.0,0.81848526,150.0,176.0,0.70499635,89.0,131.0,0.6647459,144.0,226.0,0.8019509,132.0,143.0,0.7332274
guy3_tree090_flipped.jpg,111.0,28.0,0.4713757,113.0,24.0,0.57125914,105.0,24.0,0.62357646,111.0,26.0,0.73635983,94.0,27.0,0.7846834,122.0,53.0,0.8711095,82.0,56.0,0.73917377,143.0,84.0,0.7612846,77.0,84.0,0.8366674,122.0,67.0,0.6218394,108.0,71.0,0.66150194,123.0,116.0,0.8928983,100.0,124.0,0.85137415,166.0,131.0,0.7726207,105.0,176.0,0.8157175,122.0,143.0,0.61624235,110.0,225.0,0.8173946
guy3_tree091.jpg,144.0,27.0,0.4875999,149.0,22.0,0.70459473,141.0,23.0,0.677766,160.0,26.0,0.6623574,142.0,26.0,0.38501722,170.0,57.0,0.8201573,133.0,54.0,0.78676224,175.0,83.0,0.40457612,112.0,80.0,0.3459,145.0,71.0,0.42123666,128.0,71.0,0.21422255,153.0,119.0,0.7130728,130.0,115.0,0.8306034,149.0,176.0,0.72371435,89.0,130.0,0.5566601,144.0,226.0,0.81029904,131.0,142.0,0.67282045
guy3_tree091_flipped.jpg,112.0,27.0,0.56438476,114.0,23.0,0.7272117,106.0,23.0,0.7882019,112.0,25.0,0.648563,94.0,27.0,0.89800066,122.0,53.0,0.7232322,82.0,56.0,0.7696258,144.0,83.0,0.72372055,79.0,84.0,0.7300935,125.0,68.0,0.52421284,111.0,69.0,0.58043456,123.0,116.0,0.87706065,100.0,123.0,0.80857587,167.0,130.0,0.86648524,106.0,175.0,0.48512462,123.0,143.0,0.60063195,110.0,225.0,0.8201463
guy3_tree092.jpg,143.0,26.0,0.6597295,148.0,22.0,0.6589781,141.0,22.0,0.7213348,160.0,26.0,0.62368345,142.0,25.0,0.3419132,169.0,56.0,0.76692146,132.0,53.0,0.76470447,174.0,83.0,0.35738137,112.0,82.0,0.44694838,143.0,70.0,0.3935034,131.0,68.0,0.4200344,152.0,119.0,0.6796859,129.0,115.0,0.84197646,149.0,174.0,0.7001724,89.0,130.0,0.61264116,143.0,226.0,0.65590805,131.0,142.0,0.7872229
guy3_tree092_flipped.jpg,112.0,26.0,0.56634665,114.0,22.0,0.82030857,106.0,22.0,0.8582414,112.0,24.0,0.676664,95.0,26.0,0.91959065,123.0,52.0,0.82579947,83.0,54.0,0.9147504,143.0,83.0,0.82692343,79.0,83.0,0.72770065,123.0,67.0,0.67171717,111.0,69.0,0.64870846,124.0,114.0,0.8584453,101.0,122.0,0.77341557,167.0,130.0,0.8868176,107.0,175.0,0.74266994,123.0,143.0,0.6870024,111.0,224.0,0.8011437
guy3_tree093.jpg,142.0,25.0,0.7409148,147.0,22.0,0.620559,140.0,22.0,0.6127292,160.0,25.0,0.5642661,142.0,25.0,0.2824936,168.0,56.0,0.70628405,132.0,52.0,0.67751396,173.0,82.0,0.42546287,111.0,83.0,0.47907043,142.0,69.0,0.49522367,129.0,67.0,0.466743,152.0,118.0,0.6595099,129.0,114.0,0.83765227,148.0,175.0,0.63973963,90.0,129.0,0.56880605,143.0,226.0,0.77562296,131.0,143.0,0.7204666
guy3_tree093_flipped.jpg,113.0,26.0,0.60435075,114.0,22.0,0.8121196,107.0,22.0,0.77749944,112.0,24.0,0.72449666,95.0,26.0,0.87334824,123.0,51.0,0.8788722,84.0,54.0,0.9332755,144.0,83.0,0.83841896,81.0,83.0,0.77661383,124.0,66.0,0.7129485,112.0,68.0,0.72132015,124.0,113.0,0.8316628,102.0,121.0,0.8327464,167.0,129.0,0.8939639,107.0,176.0,0.66541123,124.0,143.0,0.62997246,111.0,226.0,0.82053953
guy3_tree094.jpg,142.0,25.0,0.7187772,146.0,21.0,0.7733777,140.0,21.0,0.4725982,158.0,24.0,0.65495265,142.0,24.0,0.27011925,169.0,55.0,0.6928694,132.0,52.0,0.576923,171.0,82.0,0.36061323,111.0,83.0,0.49072185,140.0,68.0,0.5412605,128.0,67.0,0.505733,150.0,118.0,0.5976358,128.0,114.0,0.839521,147.0,174.0,0.71600634,90.0,129.0,0.5849427,142.0,227.0,0.7954734,130.0,142.0,0.75669897
guy3_tree094_flipped.jpg,114.0,25.0,0.82854354,115.0,21.0,0.7223102,108.0,21.0,0.80183566,112.0,23.0,0.5953944,95.0,25.0,0.8237667,123.0,50.0,0.8146175,83.0,54.0,0.9109669,144.0,83.0,0.8024764,83.0,83.0,0.8137007,126.0,65.0,0.67792153,113.0,68.0,0.71786964,125.0,112.0,0.8372995,102.0,120.0,0.91467637,167.0,129.0,0.88407075,108.0,173.0,0.5892082,124.0,143.0,0.6599982,112.0,225.0,0.77086663
guy3_tree095.jpg,141.0,25.0,0.6923608,146.0,21.0,0.79402035,139.0,21.0,0.5696248,157.0,24.0,0.70162344,141.0,24.0,0.21725664,168.0,54.0,0.55674696,131.0,51.0,0.54981405,170.0,80.0,0.35948235,110.0,82.0,0.59130085,140.0,68.0,0.6070566,128.0,67.0,0.48387992,150.0,117.0,0.5736239,128.0,113.0,0.8101454,147.0,174.0,0.8079217,90.0,128.0,0.5605353,142.0,226.0,0.87713057,129.0,142.0,0.75206876
guy3_tree095_flipped.jpg,114.0,25.0,0.837088,115.0,21.0,0.6166061,108.0,21.0,0.8024633,113.0,23.0,0.59289175,96.0,25.0,0.7926001,123.0,50.0,0.8192694,84.0,53.0,0.9202925,144.0,83.0,0.8141853,83.0,81.0,0.81547713,126.0,66.0,0.7066493,115.0,68.0,0.644904,126.0,113.0,0.870744,103.0,121.0,0.8239952,167.0,129.0,0.8886174,108.0,175.0,0.8150554,125.0,142.0,0.71381104,112.0,225.0,0.78585017
guy3_tree096.jpg,140.0,24.0,0.52595806,145.0,20.0,0.690274,138.0,20.0,0.49125218,157.0,23.0,0.54069006,139.0,23.0,0.16230622,168.0,54.0,0.71710944,131.0,50.0,0.60170805,169.0,80.0,0.41157162,111.0,81.0,0.62436146,139.0,68.0,0.4913764,128.0,65.0,0.46606225,150.0,116.0,0.7773154,127.0,112.0,0.70738524,146.0,172.0,0.77474064,90.0,128.0,0.48715276,142.0,225.0,0.8663137,129.0,142.0,0.74084246
guy3_tree096_flipped.jpg,114.0,24.0,0.61511505,117.0,20.0,0.55450654,109.0,20.0,0.61285573,114.0,23.0,0.55217505,97.0,24.0,0.71881795,123.0,50.0,0.7576821,86.0,54.0,0.8722799,145.0,82.0,0.8274717,85.0,80.0,0.7194239,127.0,64.0,0.54374593,115.0,68.0,0.61621505,125.0,114.0,0.7859454,104.0,121.0,0.80215025,167.0,128.0,0.697547,108.0,174.0,0.79560083,125.0,143.0,0.6302347,112.0,225.0,0.7907017
guy3_tree097.jpg,140.0,23.0,0.35734752,145.0,19.0,0.71264446,138.0,18.0,0.6705504,157.0,23.0,0.6816199,140.0,22.0,0.2263545,168.0,55.0,0.7389637,130.0,49.0,0.6265397,168.0,80.0,0.32901004,110.0,81.0,0.3823268,138.0,67.0,0.43925184,126.0,66.0,0.4121759,148.0,116.0,0.776382,126.0,112.0,0.62538934,145.0,173.0,0.72471255,89.0,128.0,0.4465258,141.0,225.0,0.76602495,129.0,141.0,0.77945215
guy3_tree097_flipped.jpg,116.0,24.0,0.65575385,117.0,19.0,0.52630013,110.0,19.0,0.82228774,113.0,22.0,0.716781,97.0,23.0,0.7698847,124.0,50.0,0.7183789,85.0,53.0,0.6949608,144.0,81.0,0.84503174,86.0,79.0,0.58983165,128.0,65.0,0.69352484,117.0,67.0,0.5723022,126.0,113.0,0.83807874,105.0,120.0,0.6714432,167.0,128.0,0.81186426,109.0,175.0,0.7919056,126.0,142.0,0.70308244,113.0,225.0,0.8420614
guy3_tree098.jpg,139.0,23.0,0.549734,143.0,19.0,0.60914695,137.0,18.0,0.6698563,156.0,22.0,0.65170336,139.0,22.0,0.28059873,167.0,53.0,0.7580862,129.0,47.0,0.72237796,167.0,79.0,0.39482373,111.0,82.0,0.421173,136.0,66.0,0.60922074,126.0,65.0,0.46022657,148.0,115.0,0.7089778,126.0,111.0,0.86582124,144.0,172.0,0.65208024,89.0,127.0,0.521415,141.0,225.0,0.8144374,129.0,141.0,0.7768234
guy3_tree098_flipped.jpg,117.0,23.0,0.6286112,118.0,18.0,0.82342196,111.0,18.0,0.81660676,113.0,21.0,0.71324456,98.0,22.0,0.8914373,125.0,49.0,0.81115335,86.0,51.0,0.68066406,144.0,82.0,0.68715435,87.0,78.0,0.60982513,129.0,64.0,0.6772764,117.0,66.0,0.56107926,126.0,112.0,0.7529571,105.0,119.0,0.77620065,167.0,127.0,0.7119379,110.0,172.0,0.7267036,126.0,141.0,0.72334754,114.0,225.0,0.7859892
guy3_tree099.jpg,139.0,22.0,0.7139076,143.0,18.0,0.683716,137.0,18.0,0.70591664,155.0,22.0,0.61107796,139.0,21.0,0.35348806,166.0,51.0,0.6903149,128.0,47.0,0.7041145,166.0,77.0,0.5502833,110.0,81.0,0.69196486,136.0,65.0,0.65355754,126.0,65.0,0.5763346,147.0,115.0,0.77449733,125.0,111.0,0.5746317,144.0,172.0,0.7673085,89.0,126.0,0.72138613,141.0,223.0,0.8979111,128.0,141.0,0.80194247
guy3_tree099_flipped.jpg,117.0,22.0,0.7248163,118.0,18.0,0.7852557,112.0,18.0,0.66315746,115.0,21.0,0.6166176,99.0,21.0,0.82615787,125.0,49.0,0.80656517,88.0,51.0,0.84191346,145.0,81.0,0.7146994,88.0,78.0,0.7673615,129.0,64.0,0.61195254,118.0,66.0,0.53887427,126.0,111.0,0.85075617,105.0,118.0,0.7637476,167.0,126.0,0.7802228,110.0,171.0,0.6116652,126.0,142.0,0.642772,115.0,223.0,0.8127565
guy3_tree100.jpg,138.0,21.0,0.7124449,143.0,18.0,0.70046914,136.0,17.0,0.5646057,155.0,22.0,0.63144815,137.0,21.0,0.23100327,164.0,51.0,0.6442112,128.0,47.0,0.60102516,166.0,77.0,0.47566125,110.0,79.0,0.5038204,134.0,64.0,0.5269967,125.0,64.0,0.5960491,146.0,114.0,0.56910896,125.0,110.0,0.85809475,143.0,171.0,0.7565612,90.0,126.0,0.589679,140.0,222.0,0.85604584,127.0,140.0,0.76106024
guy3_tree100_flipped.jpg,117.0,22.0,0.7570566,118.0,17.0,0.79986084,112.0,17.0,0.6697421,115.0,20.0,0.4722217,99.0,22.0,0.8228609,124.0,46.0,0.87342477,88.0,51.0,0.80065346,143.0,80.0,0.7740818,90.0,77.0,0.8396031,130.0,62.0,0.5180044,119.0,64.0,0.5378722,126.0,111.0,0.74679816,106.0,118.0,0.74369335,167.0,126.0,0.7693367,111.0,171.0,0.657275,126.0,139.0,0.7044668,114.0,223.0,0.8363275
guy3_tree101.jpg,137.0,21.0,0.5934947,142.0,18.0,0.83312404,135.0,17.0,0.57139945,154.0,21.0,0.7232164,138.0,20.0,0.17931521,164.0,51.0,0.55331075,128.0,47.0,0.5733005,164.0,76.0,0.40500313,110.0,78.0,0.34398302,132.0,64.0,0.5177695,124.0,63.0,0.6313393,147.0,113.0,0.71671087,125.0,109.0,0.79861456,142.0,169.0,0.7841655,90.0,125.0,0.5543937,140.0,222.0,0.82851446,127.0,138.0,0.75977004
guy3_tree101_flipped.jpg,118.0,21.0,0.7806421,119.0,17.0,0.5802207,113.0,17.0,0.80112827,116.0,20.0,0.35876134,100.0,21.0,0.6671839,126.0,46.0,0.8652681,89.0,51.0,0.86424184,145.0,81.0,0.6983448,91.0,77.0,0.70467526,129.0,64.0,0.55047727,119.0,65.0,0.6641116,127.0,111.0,0.76368403,107.0,117.0,0.7047341,167.0,125.0,0.76483303,111.0,171.0,0.7185726,128.0,138.0,0.65614843,115.0,223.0,0.77459246
guy3_tree102.jpg,136.0,21.0,0.5144818,141.0,17.0,0.81500834,135.0,17.0,0.6295583,154.0,20.0,0.7499585,137.0,20.0,0.16748424,163.0,51.0,0.7268493,127.0,48.0,0.5096627,163.0,75.0,0.37653375,110.0,78.0,0.3272557,132.0,64.0,0.49056286,123.0,63.0,0.64026564,146.0,113.0,0.7327264,125.0,109.0,0.79536414,142.0,169.0,0.6652281,89.0,125.0,0.5402819,139.0,221.0,0.7025142,126.0,139.0,0.78581685
guy3_tree102_flipped.jpg,118.0,21.0,0.71282125,120.0,17.0,0.66799897,113.0,16.0,0.7900607,116.0,20.0,0.47041082,101.0,21.0,0.81179166,126.0,46.0,0.83201426,88.0,49.0,0.62418616,144.0,81.0,0.67090046,91.0,76.0,0.83922124,131.0,63.0,0.6583891,121.0,64.0,0.7196444,128.0,108.0,0.77709347,107.0,115.0,0.8854193,167.0,124.0,0.83489937,112.0,169.0,0.86402655,127.0,137.0,0.751679,115.0,222.0,0.7581595
guy3_tree103.jpg,135.0,20.0,0.5882128,141.0,17.0,0.76852345,135.0,16.0,0.65149283,153.0,21.0,0.77709097,137.0,20.0,0.16432637,162.0,50.0,0.7619679,128.0,47.0,0.5990094,162.0,74.0,0.5097566,109.0,78.0,0.46163347,131.0,64.0,0.5000665,122.0,64.0,0.6218432,145.0,113.0,0.76225567,124.0,109.0,0.8008761,141.0,169.0,0.725175,89.0,125.0,0.57650334,139.0,221.0,0.8473402,126.0,139.0,0.7958441
guy3_tree103_flipped.jpg,119.0,20.0,0.5610917,120.0,16.0,0.6263873,113.0,16.0,0.76366657,115.0,19.0,0.40083328,101.0,20.0,0.8358671,126.0,47.0,0.8453787,90.0,49.0,0.75388384,146.0,81.0,0.78056514,92.0,75.0,0.8346665,130.0,62.0,0.67952216,121.0,64.0,0.690624,128.0,108.0,0.78609216,108.0,115.0,0.87687534,167.0,124.0,0.8525391,112.0,169.0,0.91555434,128.0,138.0,0.75817746,115.0,221.0,0.7945732
guy3_tree104.jpg,136.0,21.0,0.59962046,141.0,17.0,0.70900893,134.0,17.0,0.70112175,153.0,20.0,0.7652789,137.0,20.0,0.1737104,161.0,50.0,0.74180305,127.0,46.0,0.5231366,161.0,74.0,0.6036774,110.0,78.0,0.4645832,131.0,63.0,0.4419721,124.0,64.0,0.5483607,145.0,112.0,0.7093783,124.0,108.0,0.73945165,141.0,168.0,0.6872239,89.0,124.0,0.5469104,138.0,221.0,0.7936133,125.0,138.0,0.81522596
guy3_tree104_flipped.jpg,119.0,20.0,0.6240281,120.0,16.0,0.66174835,114.0,16.0,0.7561219,115.0,19.0,0.59111404,101.0,20.0,0.85254645,127.0,45.0,0.72301507,90.0,49.0,0.85309845,145.0,81.0,0.7360522,94.0,76.0,0.73038995,130.0,63.0,0.68996406,122.0,64.0,0.68506193,128.0,109.0,0.9072039,108.0,115.0,0.89243555,167.0,124.0,0.80453825,113.0,169.0,0.92598146,129.0,137.0,0.7518276,115.0,219.0,0.84005195
guy3_tree105.jpg,135.0,20.0,0.63154054,140.0,16.0,0.47232103,134.0,16.0,0.48280433,153.0,20.0,0.664065,138.0,19.0,0.2793881,161.0,49.0,0.56669766,127.0,45.0,0.60819614,160.0,74.0,0.5195077,110.0,77.0,0.521766,130.0,62.0,0.41705114,123.0,63.0,0.516124,145.0,111.0,0.73251927,124.0,108.0,0.7170787,141.0,168.0,0.5031826,90.0,124.0,0.5325192,138.0,220.0,0.78588897,125.0,137.0,0.81586844
guy3_tree105_flipped.jpg,120.0,19.0,0.6671705,120.0,15.0,0.62109506,115.0,15.0,0.65715325,115.0,18.0,0.5347605,102.0,19.0,0.83151054,127.0,44.0,0.81794083,91.0,50.0,0.8643906,143.0,80.0,0.7000979,96.0,77.0,0.777799,132.0,63.0,0.6446003,123.0,63.0,0.6353906,128.0,108.0,0.8766992,108.0,114.0,0.8235179,167.0,124.0,0.84803027,113.0,168.0,0.79699767,129.0,137.0,0.7895752,116.0,220.0,0.8220328
guy3_tree106.jpg,134.0,20.0,0.5997858,140.0,16.0,0.42218265,134.0,16.0,0.4058705,153.0,20.0,0.6605056,137.0,18.0,0.2668005,160.0,49.0,0.7483921,127.0,44.0,0.6380627,158.0,73.0,0.48189452,110.0,78.0,0.4639297,129.0,62.0,0.45517656,122.0,63.0,0.5239153,144.0,110.0,0.69501823,124.0,107.0,0.63283545,140.0,168.0,0.6063278,90.0,125.0,0.5849192,137.0,220.0,0.76482666,125.0,136.0,0.7790906
guy3_tree106_flipped.jpg,121.0,19.0,0.58785,121.0,15.0,0.4826015,115.0,15.0,0.42799252,117.0,18.0,0.5736363,103.0,19.0,0.727064,127.0,44.0,0.7831569,92.0,49.0,0.8606968,144.0,80.0,0.64063966,98.0,78.0,0.7287869,133.0,63.0,0.5845909,123.0,63.0,0.54154867,129.0,107.0,0.81613505,108.0,113.0,0.85126835,167.0,124.0,0.75155526,113.0,167.0,0.9052452,130.0,135.0,0.77299345,116.0,219.0,0.8250361
guy3_tree107.jpg,134.0,20.0,0.6436158,139.0,16.0,0.46933013,133.0,16.0,0.44078097,153.0,20.0,0.5169271,137.0,18.0,0.26056457,160.0,48.0,0.71307164,127.0,44.0,0.61824167,158.0,72.0,0.4691197,111.0,77.0,0.38424855,129.0,61.0,0.52399457,122.0,63.0,0.52416766,143.0,110.0,0.5765176,123.0,107.0,0.7466931,140.0,168.0,0.60025424,90.0,123.0,0.5274982,137.0,220.0,0.81415474,124.0,136.0,0.801118
guy3_tree107_flipped.jpg,121.0,20.0,0.7133261,122.0,16.0,0.64565885,115.0,16.0,0.50669175,118.0,18.0,0.54315084,103.0,20.0,0.75065863,127.0,45.0,0.68209606,91.0,47.0,0.87018293,143.0,79.0,0.6370497,97.0,76.0,0.70304585,134.0,63.0,0.6453427,123.0,62.0,0.58682257,130.0,107.0,0.8460255,109.0,113.0,0.80644965,166.0,123.0,0.827838,113.0,167.0,0.8946271,129.0,135.0,0.7832432,117.0,219.0,0.83958006
guy3_tree108.jpg,134.0,20.0,0.6039529,138.0,16.0,0.51668537,132.0,16.0,0.46083724,151.0,20.0,0.37414137,136.0,19.0,0.21303451,160.0,49.0,0.7032908,126.0,45.0,0.62187374,156.0,73.0,0.48299208,111.0,78.0,0.37064075,129.0,61.0,0.5294712,122.0,63.0,0.48289692,143.0,109.0,0.58461696,123.0,107.0,0.7693066,140.0,166.0,0.6492422,90.0,123.0,0.65123475,137.0,221.0,0.71637493,125.0,136.0,0.81550264
guy3_tree108_flipped.jpg,121.0,20.0,0.6219626,123.0,15.0,0.47477436,116.0,15.0,0.4770474,119.0,17.0,0.48957077,103.0,18.0,0.73371387,128.0,44.0,0.7957914,93.0,48.0,0.8682631,142.0,78.0,0.6124779,99.0,76.0,0.6495204,134.0,61.0,0.6134007,123.0,61.0,0.66816616,130.0,107.0,0.8383612,109.0,114.0,0.79311895,166.0,123.0,0.8110681,113.0,167.0,0.5644578,129.0,134.0,0.71982116,117.0,220.0,0.79117393
guy3_tree109.jpg,133.0,20.0,0.540383,138.0,16.0,0.52818525,132.0,16.0,0.39027107,150.0,20.0,0.5022013,136.0,19.0,0.26505893,161.0,49.0,0.6231322,125.0,44.0,0.7008094,155.0,72.0,0.47517046,111.0,77.0,0.39302504,129.0,61.0,0.59405905,122.0,63.0,0.47758093,142.0,109.0,0.61427236,123.0,107.0,0.7695416,140.0,166.0,0.54560524,90.0,123.0,0.6391996,137.0,218.0,0.8057232,124.0,135.0,0.79132575
guy3_tree109_flipped.jpg,122.0,19.0,0.7318119,122.0,14.0,0.8169224,117.0,14.0,0.8042308,116.0,17.0,0.5632696,103.0,19.0,0.48756528,127.0,44.0,0.7507631,93.0,47.0,0.9285294,143.0,80.0,0.5385355,100.0,76.0,0.74088746,134.0,64.0,0.7209311,123.0,61.0,0.64952135,129.0,107.0,0.9050378,109.0,112.0,0.88769394,165.0,123.0,0.7214766,114.0,166.0,0.8191517,129.0,135.0,0.80343485,117.0,218.0,0.9350548
guy3_tree110.jpg,133.0,20.0,0.59440506,137.0,16.0,0.6079773,132.0,16.0,0.43040937,150.0,19.0,0.62561905,135.0,18.0,0.39456463,161.0,47.0,0.53589845,126.0,45.0,0.7105224,154.0,72.0,0.60659194,111.0,77.0,0.47589862,128.0,61.0,0.6505531,122.0,63.0,0.49258676,142.0,110.0,0.71118164,124.0,107.0,0.85391074,139.0,165.0,0.71960855,91.0,122.0,0.64083695,137.0,219.0,0.872135,124.0,135.0,0.7876897
guy3_tree110_flipped.jpg,121.0,20.0,0.6831889,122.0,15.0,0.7477247,117.0,15.0,0.73702455,117.0,18.0,0.6732672,103.0,19.0,0.49743563,127.0,45.0,0.65448123,92.0,47.0,0.8901918,145.0,80.0,0.69640064,101.0,75.0,0.65908027,134.0,64.0,0.7183561,124.0,63.0,0.66250396,129.0,107.0,0.83532834,109.0,112.0,0.87983215,164.0,122.0,0.722897,114.0,166.0,0.76115996,130.0,134.0,0.79612684,117.0,220.0,0.83614963
guy3_tree111.jpg,133.0,20.0,0.49808615,137.0,16.0,0.52419543,131.0,17.0,0.49239781,150.0,19.0,0.45612907,135.0,19.0,0.24035397,160.0,46.0,0.49996513,128.0,44.0,0.62116617,155.0,71.0,0.51933616,112.0,77.0,0.39613223,128.0,61.0,0.5420931,122.0,62.0,0.4658371,143.0,108.0,0.71175516,124.0,105.0,0.7638347,139.0,167.0,0.65659714,92.0,122.0,0.5750501,137.0,219.0,0.81376326,124.0,134.0,0.71863186
guy3_tree111_flipped.jpg,122.0,19.0,0.5596286,123.0,15.0,0.45092818,117.0,15.0,0.69196343,121.0,18.0,0.30373308,104.0,18.0,0.54700947,126.0,45.0,0.6254731,95.0,48.0,0.6081885,144.0,78.0,0.3427172,101.0,74.0,0.474048,135.0,62.0,0.4863152,125.0,62.0,0.47215435,129.0,106.0,0.7686904,109.0,112.0,0.7284714,164.0,122.0,0.5470125,114.0,166.0,0.54817903,130.0,134.0,0.59226465,117.0,219.0,0.83064157
guy3_tree112.jpg,133.0,20.0,0.530104,137.0,16.0,0.6089176,132.0,16.0,0.39159882,150.0,20.0,0.45183226,136.0,18.0,0.18819381,160.0,46.0,0.46692225,126.0,43.0,0.56985855,153.0,71.0,0.4684739,112.0,76.0,0.41349754,127.0,60.0,0.5656958,122.0,61.0,0.41927624,143.0,108.0,0.72490263,124.0,106.0,0.7726146,139.0,165.0,0.64513147,92.0,122.0,0.53122044,137.0,219.0,0.8449456,123.0,135.0,0.702603
guy3_tree112_flipped.jpg,122.0,20.0,0.5982344,123.0,15.0,0.64135253,117.0,15.0,0.7491187,117.0,18.0,0.5663725,103.0,18.0,0.64563805,126.0,44.0,0.75513923,94.0,47.0,0.7533462,143.0,79.0,0.483156,103.0,74.0,0.5910448,136.0,60.0,0.56667614,126.0,61.0,0.53910625,129.0,107.0,0.8725829,110.0,112.0,0.8500958,164.0,121.0,0.7079977,115.0,165.0,0.8201976,130.0,133.0,0.73240674,117.0,217.0,0.83426225
guy3_tree113.jpg,132.0,20.0,0.63630843,137.0,17.0,0.7475301,132.0,16.0,0.54990077,150.0,20.0,0.68760663,137.0,19.0,0.5431299,161.0,45.0,0.69262195,126.0,39.0,0.7294116,153.0,70.0,0.76420057,110.0,75.0,0.71777016,129.0,58.0,0.6248376,123.0,58.0,0.47741246,143.0,107.0,0.81727713,125.0,105.0,0.86316454,139.0,165.0,0.7881515,92.0,121.0,0.7815956,137.0,218.0,0.8767514,124.0,135.0,0.79854333
guy3_tree113_flipped.jpg,122.0,19.0,0.582162,123.0,15.0,0.50220084,117.0,15.0,0.4591604,119.0,18.0,0.35862517,105.0,19.0,0.61909145,126.0,41.0,0.6637944,95.0,47.0,0.74230754,144.0,77.0,0.45248926,103.0,70.0,0.6176213,136.0,58.0,0.5395988,126.0,59.0,0.5108398,129.0,106.0,0.8132927,109.0,111.0,0.79034746,163.0,121.0,0.6696518,115.0,165.0,0.7696433,130.0,133.0,0.71823716,117.0,218.0,0.8249515
guy3_tree114.jpg,133.0,20.0,0.49809018,137.0,17.0,0.68676364,132.0,17.0,0.4200373,150.0,20.0,0.6318889,135.0,19.0,0.18482329,160.0,46.0,0.652457,127.0,42.0,0.53687584,152.0,69.0,0.54458505,110.0,74.0,0.5270957,128.0,56.0,0.41740683,122.0,58.0,0.58414006,142.0,107.0,0.5054127,125.0,105.0,0.70322394,140.0,165.0,0.5358616,93.0,122.0,0.50685453,137.0,217.0,0.8413465,124.0,134.0,0.67641187
guy3_tree114_flipped.jpg,122.0,20.0,0.48257318,123.0,15.0,0.40669653,117.0,16.0,0.52011317,120.0,18.0,0.21295041,104.0,19.0,0.34799522,125.0,43.0,0.6830009,96.0,47.0,0.70413923,144.0,74.0,0.4934518,104.0,68.0,0.5328292,135.0,56.0,0.45619705,127.0,58.0,0.45064983,128.0,106.0,0.7302853,109.0,111.0,0.65084803,161.0,122.0,0.6437448,115.0,165.0,0.6946133,130.0,133.0,0.61645114,116.0,218.0,0.828999
guy3_tree115.jpg,133.0,20.0,0.48206425,138.0,17.0,0.7299961,132.0,17.0,0.48104572,150.0,21.0,0.60048485,135.0,19.0,0.18233089,161.0,46.0,0.5771966,128.0,42.0,0.590716,152.0,69.0,0.42596585,110.0,73.0,0.5889673,129.0,54.0,0.36264768,122.0,55.0,0.62712455,142.0,107.0,0.51668525,126.0,104.0,0.6565808,140.0,165.0,0.5231436,94.0,121.0,0.4976596,137.0,217.0,0.81814384,124.0,134.0,0.6937497
guy3_tree115_flipped.jpg,122.0,20.0,0.4699423,123.0,15.0,0.4482976,117.0,16.0,0.5357187,121.0,18.0,0.1972554,104.0,19.0,0.3400662,126.0,42.0,0.67437303,96.0,46.0,0.6758517,145.0,72.0,0.5638609,105.0,67.0,0.51558065,135.0,55.0,0.3826066,127.0,55.0,0.550107,128.0,105.0,0.67026556,109.0,110.0,0.5477339,160.0,122.0,0.6374756,115.0,165.0,0.5561733,129.0,133.0,0.53995657,117.0,217.0,0.7983864
guy3_tree116.jpg,133.0,21.0,0.5728303,137.0,17.0,0.7305743,132.0,17.0,0.51216125,150.0,20.0,0.59529155,136.0,19.0,0.10700647,159.0,42.0,0.44862795,131.0,43.0,0.5476705,153.0,66.0,0.38876784,110.0,72.0,0.4753832,129.0,51.0,0.4940195,121.0,52.0,0.49466372,143.0,106.0,0.6503776,126.0,104.0,0.7601615,140.0,165.0,0.515375,95.0,121.0,0.4487409,137.0,217.0,0.79405415,124.0,134.0,0.75893086
guy3_tree116_flipped.jpg,122.0,20.0,0.48328325,124.0,16.0,0.4378007,118.0,16.0,0.57248783,121.0,19.0,0.16887206,104.0,19.0,0.4022484,123.0,42.0,0.6031061,96.0,44.0,0.5880191,146.0,71.0,0.47321486,105.0,63.0,0.37543043,134.0,52.0,0.58959067,126.0,51.0,0.4796322,126.0,104.0,0.5457331,109.0,110.0,0.64371943,159.0,121.0,0.5599328,114.0,164.0,0.6479285,129.0,132.0,0.55220556,116.0,216.0,0.7978194
guy3_tree117.jpg,133.0,21.0,0.5870054,137.0,17.0,0.7618102,132.0,17.0,0.5394392,150.0,20.0,0.58951306,136.0,20.0,0.13956116,159.0,44.0,0.5133395,131.0,44.0,0.6438062,150.0,63.0,0.32341757,109.0,70.0,0.5638336,128.0,47.0,0.5706294,121.0,48.0,0.47006297,142.0,106.0,0.5026686,126.0,104.0,0.7642778,140.0,165.0,0.5717249,97.0,121.0,0.5234767,138.0,216.0,0.8085222,124.0,133.0,0.75883895
guy3_tree117_flipped.jpg,122.0,20.0,0.59031355,124.0,16.0,0.5204972,117.0,16.0,0.6100094,121.0,19.0,0.15919106,104.0,19.0,0.3565141,123.0,44.0,0.60451883,95.0,45.0,0.5813211,145.0,68.0,0.54708266,107.0,60.0,0.39377177,135.0,48.0,0.4712826,126.0,46.0,0.47365487,127.0,104.0,0.6317121,108.0,110.0,0.58203864,158.0,121.0,0.6190269,114.0,164.0,0.6433649,128.0,132.0,0.49282125,117.0,216.0,0.7166654
guy3_tree118.jpg,134.0,21.0,0.7028204,138.0,17.0,0.74986744,133.0,18.0,0.6566084,150.0,21.0,0.6082139,137.0,21.0,0.16303912,159.0,44.0,0.5693952,131.0,46.0,0.65551037,146.0,61.0,0.29100716,109.0,66.0,0.66274047,128.0,43.0,0.49384627,120.0,45.0,0.530712,142.0,107.0,0.51268756,126.0,104.0,0.65717036,140.0,165.0,0.613703,98.0,121.0,0.571066,138.0,216.0,0.7519406,124.0,134.0,0.7492046
guy3_tree118_flipped.jpg,122.0,21.0,0.6551094,123.0,17.0,0.58659923,117.0,17.0,0.6672859,119.0,20.0,0.16196334,104.0,20.0,0.44713688,122.0,45.0,0.5755451,95.0,44.0,0.58508503,146.0,66.0,0.5951382,107.0,58.0,0.39354217,135.0,44.0,0.4744156,125.0,43.0,0.5022554,127.0,105.0,0.6566477,108.0,110.0,0.5872395,158.0,122.0,0.5649662,113.0,164.0,0.63343483,127.0,132.0,0.54534805,117.0,216.0,0.729944
guy3_tree119.jpg,134.0,21.0,0.7040496,138.0,18.0,0.7139158,133.0,18.0,0.642744,152.0,20.0,0.5350776,137.0,21.0,0.16639291,160.0,44.0,0.6373633,134.0,46.0,0.65073574,145.0,59.0,0.23303421,109.0,63.0,0.6452247,128.0,40.0,0.65616405,121.0,41.0,0.56157345,143.0,107.0,0.57415265,126.0,105.0,0.5684338,141.0,165.0,0.6497214,98.0,121.0,0.58421063,139.0,215.0,0.7185322,125.0,133.0,0.69139314
guy3_tree119_flipped.jpg,121.0,21.0,0.62663865,122.0,17.0,0.67296714,116.0,17.0,0.58920324,119.0,20.0,0.21520823,104.0,20.0,0.4147718,121.0,45.0,0.5278467,96.0,44.0,0.5117905,147.0,63.0,0.5208668,108.0,55.0,0.37971,134.0,41.0,0.48645833,125.0,40.0,0.42943117,126.0,105.0,0.6988397,107.0,110.0,0.48429698,156.0,121.0,0.59565884,113.0,164.0,0.6547314,127.0,131.0,0.55018044,116.0,215.0,0.7442441
guy3_tree120.jpg,134.0,23.0,0.67947465,139.0,18.0,0.6988518,133.0,18.0,0.69393814,152.0,21.0,0.6605729,139.0,21.0,0.19824544,160.0,44.0,0.7032745,134.0,46.0,0.6742654,142.0,57.0,0.14727148,110.0,61.0,0.70439744,128.0,38.0,0.67126137,121.0,39.0,0.5571171,143.0,107.0,0.6890746,128.0,105.0,0.67398524,141.0,164.0,0.61489767,99.0,121.0,0.5998186,139.0,214.0,0.75128996,126.0,133.0,0.65433
guy3_tree120_flipped.jpg,120.0,21.0,0.5412122,121.0,18.0,0.68896496,116.0,17.0,0.5115633,119.0,21.0,0.26924372,103.0,21.0,0.61010325,122.0,47.0,0.5363574,96.0,45.0,0.5547333,146.0,60.0,0.49070793,108.0,53.0,0.5000371,134.0,39.0,0.4971147,126.0,38.0,0.5368416,125.0,106.0,0.67537844,108.0,111.0,0.52349293,156.0,122.0,0.54213583,114.0,163.0,0.62826353,126.0,131.0,0.5480845,116.0,214.0,0.67750216
guy3_tree121.jpg,135.0,23.0,0.60664177,139.0,19.0,0.5483191,134.0,19.0,0.57944906,152.0,22.0,0.7219155,138.0,22.0,0.23558702,159.0,45.0,0.70824873,133.0,46.0,0.65010214,146.0,52.0,0.39687526,108.0,59.0,0.63524866,129.0,34.0,0.5267307,120.0,36.0,0.58747244,144.0,107.0,0.6705128,128.0,105.0,0.68301105,141.0,164.0,0.70442516,100.0,122.0,0.6044618,139.0,213.0,0.6873458,127.0,132.0,0.6042112
guy3_tree121_flipped.jpg,120.0,23.0,0.48992732,122.0,19.0,0.530455,115.0,18.0,0.52760893,120.0,23.0,0.2577744,103.0,22.0,0.61696494,122.0,48.0,0.5294839,95.0,46.0,0.6565989,147.0,58.0,0.6623963,111.0,50.0,0.5156895,135.0,37.0,0.5702493,127.0,35.0,0.31963244,125.0,106.0,0.65188646,108.0,111.0,0.4831826,155.0,121.0,0.55788183,112.0,164.0,0.6704186,126.0,131.0,0.5594375,115.0,215.0,0.7302995
guy3_tree122.jpg,136.0,23.0,0.3950996,140.0,20.0,0.5233779,134.0,21.0,0.5406836,153.0,23.0,0.6470841,136.0,24.0,0.1791892,159.0,44.0,0.6908937,133.0,46.0,0.6545132,145.0,49.0,0.38950762,109.0,56.0,0.5127984,129.0,31.0,0.3123209,120.0,34.0,0.6821463,145.0,108.0,0.6524129,128.0,105.0,0.70159304,142.0,164.0,0.6373861,101.0,123.0,0.70534694,140.0,214.0,0.75963414,127.0,133.0,0.57561994
guy3_tree122_flipped.jpg,120.0,23.0,0.48018235,122.0,19.0,0.46942934,116.0,19.0,0.5323785,121.0,23.0,0.282717,103.0,23.0,0.6508061,123.0,48.0,0.5787951,95.0,45.0,0.58118904,147.0,55.0,0.61003506,112.0,48.0,0.4482904,136.0,34.0,0.5745569,128.0,30.0,0.17909022,125.0,106.0,0.6678287,107.0,111.0,0.55751526,154.0,122.0,0.71895933,112.0,164.0,0.70992035,125.0,130.0,0.63853,115.0,215.0,0.7498975
guy3_tree123.jpg,136.0,23.0,0.50146276,140.0,20.0,0.59514904,134.0,21.0,0.6518626,153.0,23.0,0.55459756,136.0,24.0,0.15670435,161.0,44.0,0.6682768,135.0,46.0,0.56039333,141.0,45.0,0.3375461,110.0,52.0,0.6125958,127.0,27.0,0.23124288,120.0,30.0,0.58955735,145.0,108.0,0.63820124,129.0,106.0,0.74246645,143.0,165.0,0.73857236,103.0,123.0,0.7112243,140.0,214.0,0.7747346,127.0,134.0,0.53455806
guy3_tree123_flipped.jpg,119.0,23.0,0.3494497,121.0,19.0,0.4195472,115.0,19.0,0.43347412,120.0,23.0,0.20220657,102.0,24.0,0.4998399,121.0,48.0,0.5354279,96.0,45.0,0.587234,145.0,52.0,0.64662564,113.0,46.0,0.49025598,136.0,31.0,0.5089853,128.0,27.0,0.20598067,125.0,106.0,0.67186916,108.0,111.0,0.5002024,153.0,123.0,0.6585612,112.0,165.0,0.6680623,125.0,130.0,0.61941004,115.0,214.0,0.77541924
guy3_tree124.jpg,135.0,26.0,0.5615258,140.0,21.0,0.67415345,134.0,23.0,0.613479,153.0,23.0,0.6462208,138.0,25.0,0.2648744,161.0,43.0,0.6061063,137.0,46.0,0.62907445,140.0,43.0,0.23725541,109.0,50.0,0.75385255,126.0,27.0,0.45795155,120.0,28.0,0.6769117,145.0,109.0,0.71815413,130.0,107.0,0.79506147,143.0,164.0,0.74371254,103.0,123.0,0.7440391,141.0,214.0,0.8592923,128.0,135.0,0.6446917
guy3_tree124_flipped.jpg,118.0,25.0,0.5972799,120.0,21.0,0.6948425,114.0,21.0,0.6549022,119.0,25.0,0.2957589,102.0,25.0,0.67032903,121.0,49.0,0.4464565,96.0,45.0,0.5811614,146.0,49.0,0.70046073,114.0,43.0,0.35502812,135.0,28.0,0.4811601,127.0,25.0,0.25313082,125.0,107.0,0.6498078,107.0,112.0,0.5647839,152.0,123.0,0.6020329,112.0,165.0,0.60173625,125.0,131.0,0.64794236,114.0,214.0,0.77783716
guy3_tree125.jpg,136.0,27.0,0.48611185,141.0,22.0,0.75839,135.0,23.0,0.53019065,154.0,24.0,0.7825342,140.0,25.0,0.4577109,161.0,42.0,0.6836512,137.0,46.0,0.7829573,140.0,40.0,0.3987906,109.0,47.0,0.81534183,127.0,21.0,0.33661127,121.0,23.0,0.67777884,146.0,108.0,0.8498565,130.0,107.0,0.78291,143.0,165.0,0.7745921,103.0,123.0,0.63450277,142.0,214.0,0.871771,129.0,136.0,0.7731418
guy3_tree125_flipped.jpg,118.0,26.0,0.5799502,119.0,22.0,0.5622566,114.0,21.0,0.7472765,118.0,25.0,0.36991546,102.0,25.0,0.72900885,120.0,47.0,0.5483459,95.0,46.0,0.61365926,145.0,46.0,0.5285968,113.0,42.0,0.46916002,134.0,24.0,0.67119706,127.0,21.0,0.3170679,125.0,108.0,0.5776923,107.0,112.0,0.6085439,152.0,123.0,0.6458861,112.0,166.0,0.5973735,125.0,131.0,0.6643939,114.0,215.0,0.8067547
guy3_tree126.jpg,137.0,27.0,0.4375803,142.0,23.0,0.64626706,136.0,23.0,0.48041654,155.0,25.0,0.76016927,140.0,26.0,0.44310135,162.0,42.0,0.7209185,138.0,46.0,0.7801354,140.0,40.0,0.22903764,110.0,45.0,0.85824054,129.0,18.0,0.43252546,121.0,21.0,0.6249919,146.0,110.0,0.64392054,131.0,107.0,0.838494,143.0,166.0,0.69823134,104.0,123.0,0.7027482,142.0,214.0,0.8931206,129.0,136.0,0.76346296
guy3_tree126_flipped.jpg,117.0,27.0,0.53369033,119.0,23.0,0.5185917,113.0,22.0,0.70209956,117.0,26.0,0.32025948,101.0,25.0,0.70619476,120.0,48.0,0.46402103,94.0,46.0,0.6071984,144.0,44.0,0.5148422,112.0,41.0,0.41712022,133.0,22.0,0.7111858,125.0,18.0,0.27472806,124.0,109.0,0.57815397,106.0,113.0,0.63932073,150.0,123.0,0.514903,112.0,166.0,0.51095545,124.0,131.0,0.61840165,113.0,214.0,0.84192115
guy3_tree127.jpg,137.0,27.0,0.5034059,142.0,23.0,0.605593,136.0,23.0,0.35968757,155.0,26.0,0.7112921,140.0,26.0,0.40589362,162.0,43.0,0.7672379,138.0,47.0,0.71631813,145.0,38.0,0.29024172,112.0,43.0,0.5963831,130.0,15.0,0.51655674,122.0,19.0,0.57414365,146.0,111.0,0.6706208,131.0,109.0,0.7040985,144.0,166.0,0.7999086,104.0,124.0,0.578243,142.0,214.0,0.78480273,130.0,136.0,0.75995696
guy3_tree127_flipped.jpg,116.0,27.0,0.438217,117.0,23.0,0.49267495,111.0,23.0,0.5527131,116.0,26.0,0.32484478,100.0,26.0,0.57592905,120.0,48.0,0.4344323,94.0,47.0,0.53462374,142.0,43.0,0.5066072,112.0,39.0,0.18710698,131.0,19.0,0.6515163,124.0,16.0,0.40183312,123.0,109.0,0.59689903,106.0,113.0,0.6777677,149.0,124.0,0.64142066,112.0,165.0,0.6192266,124.0,132.0,0.5678252,113.0,215.0,0.8533572
guy3_tree128.jpg,137.0,26.0,0.5313109,143.0,23.0,0.50646716,138.0,22.0,0.53283966,155.0,27.0,0.5239075,143.0,25.0,0.33571938,163.0,44.0,0.72848696,136.0,47.0,0.67236257,144.0,34.0,0.2430593,111.0,40.0,0.72734004,131.0,13.0,0.5440227,123.0,17.0,0.5582224,147.0,110.0,0.7411617,131.0,108.0,0.71910477,143.0,167.0,0.748968,106.0,124.0,0.5598917,142.0,214.0,0.8219166,130.0,136.0,0.6809536
guy3_tree128_flipped.jpg,116.0,28.0,0.44774473,116.0,23.0,0.48012674,111.0,23.0,0.5086278,115.0,26.0,0.27435368,100.0,27.0,0.41551116,120.0,47.0,0.60169864,94.0,47.0,0.5328864,143.0,39.0,0.42606115,112.0,37.0,0.1821702,131.0,16.0,0.6115862,124.0,14.0,0.33559743,123.0,109.0,0.60104907,106.0,113.0,0.6363087,149.0,124.0,0.60139334,110.0,165.0,0.53006506,123.0,133.0,0.5455835,113.0,215.0,0.8339896
guy3_tree129.jpg,138.0,28.0,0.43390423,143.0,25.0,0.48249537,139.0,24.0,0.47604135,155.0,28.0,0.52853614,146.0,26.0,0.2903537,161.0,45.0,0.6974476,137.0,46.0,0.6079243,147.0,33.0,0.16120256,113.0,36.0,0.76836586,132.0,11.0,0.6021888,124.0,15.0,0.43197143,147.0,111.0,0.73736167,131.0,110.0,0.79387975,144.0,166.0,0.51418257,107.0,125.0,0.5555701,143.0,215.0,0.759907,130.0,136.0,0.67505205
guy3_tree129_flipped.jpg,116.0,29.0,0.4771618,116.0,25.0,0.4886956,112.0,24.0,0.481797,112.0,26.0,0.24447611,101.0,27.0,0.527329,118.0,47.0,0.6594441,95.0,48.0,0.5129802,141.0,36.0,0.56755733,110.0,37.0,0.12688842,130.0,13.0,0.67401886,122.0,11.0,0.57516,123.0,109.0,0.6166589,106.0,113.0,0.64614975,149.0,126.0,0.5958309,110.0,164.0,0.5478915,123.0,134.0,0.5832379,112.0,215.0,0.7558376
guy3_tree130.jpg,140.0,29.0,0.5027726,145.0,26.0,0.6003809,140.0,24.0,0.51246756,156.0,28.0,0.66646934,146.0,27.0,0.40071404,160.0,44.0,0.63602304,137.0,45.0,0.67650455,145.0,28.0,0.17373116,115.0,33.0,0.7692053,133.0,8.0,0.6901537,126.0,10.0,0.4896754,148.0,110.0,0.7219786,132.0,110.0,0.8031041,144.0,166.0,0.6459024,108.0,125.0,0.5239787,143.0,215.0,0.63437897,130.0,137.0,0.68124735
guy3_tree130_flipped.jpg,115.0,29.0,0.5046233,113.0,25.0,0.65093076,111.0,24.0,0.6281371,109.0,26.0,0.45726648,100.0,28.0,0.6494604,119.0,44.0,0.7755717,94.0,45.0,0.81488866,142.0,33.0,0.5832545,110.0,27.0,0.17858392,128.0,10.0,0.7136116,121.0,9.0,0.70468444,122.0,110.0,0.8054205,105.0,112.0,0.8053938,148.0,126.0,0.7482482,110.0,165.0,0.7055907,122.0,134.0,0.7083621,112.0,215.0,0.79844624
guy3_tree131.jpg,138.0,30.0,0.618227,142.0,27.0,0.47704446,139.0,26.0,0.5013063,153.0,29.0,0.6335902,146.0,28.0,0.50817156,160.0,44.0,0.7510103,139.0,44.0,0.6548401,151.0,22.0,0.2296948,115.0,31.0,0.84993076,135.0,6.0,0.82799494,131.0,6.0,0.6972966,148.0,112.0,0.84467745,132.0,111.0,0.9100307,145.0,166.0,0.66753983,108.0,125.0,0.6467042,143.0,215.0,0.67488587,130.0,137.0,0.7398645
guy3_tree131_flipped.jpg,114.0,30.0,0.49397522,113.0,26.0,0.60337996,111.0,26.0,0.53573847,108.0,27.0,0.3965056,101.0,28.0,0.55850685,116.0,46.0,0.7129724,95.0,45.0,0.67488277,139.0,30.0,0.76174456,109.0,20.0,0.3601356,128.0,7.0,0.6894798,120.0,6.0,0.7873654,122.0,109.0,0.7615963,105.0,111.0,0.7815738,147.0,127.0,0.4649624,109.0,165.0,0.6778797,122.0,135.0,0.6196162,112.0,216.0,0.7779358
guy3_tree132.jpg,139.0,30.0,0.6010239,143.0,27.0,0.52241206,140.0,27.0,0.61515146,154.0,30.0,0.7065071,147.0,29.0,0.60847795,160.0,44.0,0.7592776,139.0,46.0,0.72260845,149.0,20.0,0.2992009,119.0,28.0,0.9419129,136.0,6.0,0.71825874,132.0,6.0,0.6718953,149.0,112.0,0.87712586,133.0,112.0,0.92773414,145.0,166.0,0.70379376,108.0,125.0,0.6585361,143.0,216.0,0.6302858,130.0,138.0,0.7990751
guy3_tree132_flipped.jpg,114.0,29.0,0.5039778,113.0,25.0,0.7311248,110.0,26.0,0.6084677,110.0,27.0,0.3178823,101.0,29.0,0.53080237,115.0,47.0,0.50333595,95.0,45.0,0.53572184,136.0,28.0,0.60273015,108.0,19.0,0.38141412,127.0,5.0,0.43051538,120.0,5.0,0.54118013,122.0,109.0,0.6522693,105.0,112.0,0.66038966,146.0,128.0,0.5896264,109.0,165.0,0.57717323,122.0,135.0,0.55104256,112.0,216.0,0.83346933
guy3_tree133.jpg,140.0,29.0,0.51421267,145.0,27.0,0.4681365,141.0,26.0,0.6668353,156.0,30.0,0.5200516,148.0,29.0,0.48914266,160.0,44.0,0.7106329,141.0,45.0,0.75007606,149.0,18.0,0.24972272,122.0,27.0,0.8430139,138.0,5.0,0.5991976,132.0,5.0,0.47012925,148.0,112.0,0.7963338,133.0,112.0,0.8963087,144.0,169.0,0.66406375,109.0,125.0,0.5627842,143.0,217.0,0.67771506,130.0,138.0,0.69455063
guy3_tree133_flipped.jpg,114.0,29.0,0.55339926,114.0,26.0,0.6742933,111.0,26.0,0.5984112,110.0,28.0,0.36635515,101.0,28.0,0.50997424,115.0,47.0,0.7345388,96.0,45.0,0.620736,133.0,27.0,0.6377113,108.0,16.0,0.5257574,124.0,5.0,0.43560728,118.0,5.0,0.5921512,120.0,109.0,0.7519294,105.0,112.0,0.78607416,146.0,128.0,0.6937062,108.0,166.0,0.66850686,122.0,136.0,0.5499166,111.0,216.0,0.7856686
guy3_tree134.jpg,139.0,32.0,0.3497754,144.0,28.0,0.510874,141.0,27.0,0.561142,155.0,31.0,0.50314283,148.0,30.0,0.43719307,160.0,45.0,0.7764139,141.0,45.0,0.7197436,150.0,18.0,0.4222772,125.0,25.0,0.8214441,141.0,7.0,0.4570141,135.0,4.0,0.2868697,148.0,114.0,0.83116126,134.0,113.0,0.9132328,145.0,169.0,0.5882642,110.0,127.0,0.6084262,144.0,217.0,0.72528523,131.0,137.0,0.6900754
guy3_tree134_flipped.jpg,114.0,30.0,0.5581028,113.0,27.0,0.5956542,111.0,27.0,0.5509019,110.0,29.0,0.2985501,101.0,30.0,0.55836546,112.0,48.0,0.6534767,95.0,47.0,0.5673441,130.0,25.0,0.6700226,105.0,17.0,0.3953469,123.0,4.0,0.3824994,116.0,6.0,0.34680915,118.0,111.0,0.65649104,105.0,114.0,0.6918993,144.0,129.0,0.66185915,108.0,167.0,0.69311595,122.0,137.0,0.5246279,111.0,217.0,0.79454285
guy3_tree135.jpg,142.0,32.0,0.3944789,146.0,29.0,0.5013375,142.0,29.0,0.5560294,156.0,33.0,0.5874662,146.0,31.0,0.30291003,159.0,47.0,0.4910128,141.0,46.0,0.68762755,153.0,18.0,0.20435433,127.0,24.0,0.7418468,143.0,5.0,0.4663039,132.0,9.0,0.0937163,149.0,114.0,0.72299814,134.0,113.0,0.84805405,146.0,169.0,0.6780382,112.0,127.0,0.41641742,144.0,217.0,0.6524465,131.0,139.0,0.67583686
guy3_tree135_flipped.jpg,112.0,32.0,0.43415734,113.0,29.0,0.5494078,110.0,28.0,0.46815765,109.0,30.0,0.292906,100.0,30.0,0.45678273,112.0,48.0,0.66317433,95.0,49.0,0.54642355,127.0,26.0,0.6070647,104.0,16.0,0.34204897,125.0,8.0,0.13061343,111.0,4.0,0.3857959,119.0,112.0,0.62919194,105.0,115.0,0.59490806,143.0,129.0,0.50803226,108.0,167.0,0.59668344,122.0,138.0,0.51331246,110.0,217.0,0.79294735
guy3_tree136.jpg,140.0,34.0,0.4831588,145.0,31.0,0.35024953,141.0,31.0,0.42104197,155.0,34.0,0.34290358,147.0,32.0,0.32042632,159.0,47.0,0.57845056,143.0,46.0,0.4318568,154.0,18.0,0.21984409,130.0,22.0,0.7712637,145.0,7.0,0.31208074,136.0,5.0,0.1334359,150.0,114.0,0.68396825,134.0,113.0,0.7518404,146.0,170.0,0.6366824,112.0,128.0,0.4457408,144.0,219.0,0.58381355,131.0,139.0,0.635038
guy3_tree136_flipped.jpg,114.0,34.0,0.57240057,114.0,30.0,0.5855106,111.0,30.0,0.6557416,109.0,32.0,0.25621814,100.0,31.0,0.40849754,110.0,48.0,0.43608543,95.0,48.0,0.6336787,126.0,23.0,0.80411476,104.0,14.0,0.40426418,121.0,7.0,0.253264,109.0,6.0,0.18962678,119.0,113.0,0.68812776,104.0,116.0,0.7391398,143.0,130.0,0.6840582,108.0,167.0,0.7188696,121.0,139.0,0.46203762,110.0,218.0,0.8209069
guy3_tree137.jpg,141.0,36.0,0.41245052,145.0,31.0,0.41628906,141.0,31.0,0.4558052,155.0,35.0,0.3416248,147.0,34.0,0.310272,159.0,49.0,0.562637,143.0,48.0,0.5113174,153.0,17.0,0.35205492,133.0,22.0,0.66736054,146.0,7.0,0.21775769,136.0,9.0,0.115075715,149.0,116.0,0.6317711,135.0,114.0,0.7439956,146.0,171.0,0.6731951,113.0,127.0,0.36771548,144.0,219.0,0.72520417,132.0,140.0,0.58418214
guy3_tree137_flipped.jpg,115.0,36.0,0.54988223,113.0,31.0,0.535359,111.0,32.0,0.4781886,106.0,32.0,0.43467778,100.0,32.0,0.48351407,111.0,47.0,0.63134503,94.0,49.0,0.4989264,123.0,22.0,0.6978262,102.0,15.0,0.6219015,121.0,10.0,0.204467,109.0,6.0,0.19909108,118.0,113.0,0.8024844,104.0,116.0,0.80605197,144.0,131.0,0.6395283,108.0,168.0,0.7512193,120.0,140.0,0.5247154,110.0,218.0,0.8081377
guy3_tree138.jpg,142.0,37.0,0.5066121,146.0,32.0,0.5801846,141.0,32.0,0.5804758,156.0,35.0,0.3902385,146.0,34.0,0.17184971,159.0,50.0,0.4559554,145.0,50.0,0.40329966,154.0,17.0,0.43771085,135.0,21.0,0.67098475,147.0,5.0,0.2178274,138.0,5.0,0.093373105,149.0,116.0,0.6467774,135.0,114.0,0.7427501,146.0,171.0,0.6934047,113.0,129.0,0.43213153,144.0,220.0,0.71224284,132.0,141.0,0.5805829
guy3_tree138_flipped.jpg,115.0,39.0,0.45520854,113.0,35.0,0.5273684,111.0,35.0,0.5050695,105.0,35.0,0.36147135,100.0,36.0,0.43858254,110.0,48.0,0.62048507,94.0,51.0,0.6786055,120.0,22.0,0.76394516,102.0,18.0,0.5579341,117.0,5.0,0.31363016,108.0,4.0,0.16465043,117.0,114.0,0.83159053,104.0,117.0,0.7516404,144.0,131.0,0.6782751,108.0,170.0,0.6288103,120.0,141.0,0.47709283,110.0,218.0,0.7929836
guy3_tree139.jpg,141.0,37.0,0.5881556,146.0,34.0,0.7068263,140.0,34.0,0.6207392,156.0,36.0,0.48097104,145.0,36.0,0.29688254,159.0,51.0,0.50773084,145.0,51.0,0.5055219,152.0,18.0,0.5753115,137.0,21.0,0.4086415,147.0,7.0,0.20554414,140.0,14.0,0.0723561,149.0,117.0,0.6164291,135.0,115.0,0.6276636,147.0,173.0,0.6085529,113.0,132.0,0.46066394,144.0,221.0,0.623961,133.0,143.0,0.58993614
guy3_tree139_flipped.jpg,114.0,39.0,0.4470944,113.0,36.0,0.48172987,111.0,35.0,0.42970133,107.0,36.0,0.26989853,100.0,37.0,0.4134693,109.0,51.0,0.437289,94.0,52.0,0.594126,117.0,23.0,0.55225223,102.0,19.0,0.53699034,116.0,3.0,0.194975,105.0,6.0,0.14956586,118.0,114.0,0.77891177,105.0,118.0,0.5615982,142.0,132.0,0.49810156,108.0,170.0,0.45000464,120.0,143.0,0.42653796,110.0,219.0,0.7941258
guy3_tree140.jpg,142.0,38.0,0.5951425,146.0,35.0,0.58163476,142.0,34.0,0.5876491,157.0,37.0,0.57747346,147.0,37.0,0.3075344,159.0,52.0,0.62288153,145.0,51.0,0.52396435,152.0,18.0,0.5096158,138.0,21.0,0.40294728,148.0,7.0,0.19043224,139.0,19.0,0.07583879,150.0,118.0,0.6917956,135.0,116.0,0.69442964,147.0,173.0,0.7552659,113.0,132.0,0.4171115,145.0,221.0,0.70280504,133.0,143.0,0.53470904
guy3_tree140_flipped.jpg,114.0,40.0,0.4962973,113.0,36.0,0.60997576,110.0,36.0,0.53224015,107.0,37.0,0.39167127,100.0,37.0,0.44671077,108.0,51.0,0.49369162,94.0,52.0,0.6834175,115.0,23.0,0.56093115,102.0,19.0,0.65200627,115.0,6.0,0.35205665,108.0,3.0,0.19193904,118.0,115.0,0.797148,105.0,119.0,0.6499001,142.0,132.0,0.67101693,108.0,169.0,0.6385196,120.0,143.0,0.43712097,110.0,220.0,0.7415398
guy3_tree141.jpg,142.0,38.0,0.5757061,146.0,35.0,0.54823494,142.0,35.0,0.46656346,157.0,37.0,0.5986156,147.0,37.0,0.34057036,159.0,52.0,0.6731967,145.0,53.0,0.59014106,153.0,18.0,0.5522209,139.0,21.0,0.48858905,147.0,7.0,0.24958557,139.0,22.0,0.060764134,150.0,119.0,0.6838311,136.0,118.0,0.8010452,147.0,174.0,0.75749063,114.0,133.0,0.40641266,145.0,221.0,0.6059613,133.0,145.0,0.5645783
guy3_tree141_flipped.jpg,113.0,41.0,0.50631505,113.0,37.0,0.6493966,110.0,36.0,0.5487732,109.0,38.0,0.27921826,100.0,37.0,0.42497054,108.0,52.0,0.46615595,93.0,53.0,0.70928514,116.0,23.0,0.5677282,103.0,19.0,0.556635,114.0,6.0,0.3517941,108.0,3.0,0.17937297,117.0,115.0,0.75647783,105.0,119.0,0.6325487,140.0,133.0,0.5637432,108.0,171.0,0.5265727,119.0,143.0,0.40924445,110.0,220.0,0.6693147
guy3_tree142.jpg,142.0,39.0,0.4866213,147.0,35.0,0.46749815,142.0,35.0,0.52734995,157.0,38.0,0.5991105,147.0,38.0,0.357068,160.0,54.0,0.5377178,145.0,54.0,0.6390705,152.0,18.0,0.57127225,138.0,21.0,0.3966329,146.0,7.0,0.22138035,138.0,20.0,0.17382818,150.0,120.0,0.72222984,136.0,119.0,0.8327015,147.0,174.0,0.75429606,114.0,133.0,0.46754035,145.0,222.0,0.6257422,133.0,145.0,0.55956304
guy3_tree142_flipped.jpg,113.0,42.0,0.5374141,113.0,38.0,0.61802363,110.0,37.0,0.62240255,108.0,38.0,0.38327944,100.0,38.0,0.32168067,107.0,52.0,0.46769795,93.0,53.0,0.70943713,116.0,24.0,0.54663455,102.0,19.0,0.63925266,115.0,4.0,0.2889579,108.0,4.0,0.1914319,117.0,116.0,0.6802412,105.0,119.0,0.69141436,140.0,133.0,0.64535046,108.0,172.0,0.49070668,119.0,146.0,0.4421126,109.0,220.0,0.7151468
guy3_tree143.jpg,143.0,39.0,0.42016894,147.0,36.0,0.47838616,142.0,36.0,0.5291492,157.0,39.0,0.4504535,147.0,39.0,0.31417304,159.0,55.0,0.5430039,146.0,55.0,0.46881014,153.0,20.0,0.36869267,138.0,22.0,0.41577485,145.0,7.0,0.37934238,138.0,9.0,0.18373616,150.0,121.0,0.66605324,136.0,120.0,0.79176426,147.0,175.0,0.6959616,115.0,134.0,0.43926975,145.0,222.0,0.5959276,134.0,145.0,0.50973666
guy3_tree143_flipped.jpg,113.0,42.0,0.50395465,113.0,39.0,0.5194179,110.0,39.0,0.52926326,108.0,39.0,0.20179243,101.0,39.0,0.33429775,107.0,54.0,0.44504356,94.0,55.0,0.62494946,116.0,25.0,0.50355387,102.0,22.0,0.4040977,113.0,6.0,0.40792117,107.0,3.0,0.20423354,117.0,116.0,0.64411944,105.0,120.0,0.6537238,139.0,135.0,0.5322578,108.0,173.0,0.31615368,119.0,146.0,0.30616343,109.0,220.0,0.74573624
guy3_tree144.jpg,143.0,40.0,0.4368359,147.0,37.0,0.53301835,143.0,37.0,0.57714045,157.0,40.0,0.49001887,148.0,40.0,0.2826732,159.0,55.0,0.51876235,146.0,56.0,0.5799888,152.0,22.0,0.4106036,139.0,25.0,0.40673202,145.0,7.0,0.46601602,139.0,6.0,0.2693444,150.0,121.0,0.6770923,135.0,120.0,0.76247346,148.0,176.0,0.7038859,114.0,134.0,0.55588686,146.0,221.0,0.75515497,134.0,145.0,0.5354115
guy3_tree144_flipped.jpg,113.0,43.0,0.43912116,113.0,40.0,0.46696824,110.0,39.0,0.44283238,107.0,40.0,0.19947119,100.0,40.0,0.36903664,107.0,56.0,0.41288835,94.0,55.0,0.69463825,116.0,26.0,0.3553011,102.0,23.0,0.48689905,113.0,5.0,0.43947747,107.0,2.0,0.25746483,117.0,118.0,0.74341404,105.0,121.0,0.63874066,141.0,135.0,0.4512408,108.0,175.0,0.55565083,118.0,147.0,0.38512793,109.0,221.0,0.77142256
guy3_tree145.jpg,143.0,41.0,0.52451533,146.0,38.0,0.5688769,142.0,38.0,0.51892865,156.0,41.0,0.5494056,147.0,40.0,0.26038197,159.0,56.0,0.58696616,147.0,57.0,0.61818504,152.0,24.0,0.46408427,139.0,29.0,0.3775139,144.0,7.0,0.5267009,139.0,6.0,0.27203384,150.0,122.0,0.6509714,136.0,121.0,0.7269343,148.0,177.0,0.65579647,115.0,135.0,0.5924196,146.0,222.0,0.723643,133.0,145.0,0.5520468
guy3_tree145_flipped.jpg,112.0,44.0,0.46673694,112.0,41.0,0.4991568,109.0,40.0,0.47012407,107.0,41.0,0.2593205,100.0,41.0,0.41283676,107.0,58.0,0.37854576,94.0,57.0,0.494802,115.0,27.0,0.38896537,103.0,25.0,0.4837115,113.0,6.0,0.40415287,107.0,3.0,0.276284,116.0,118.0,0.7243943,105.0,122.0,0.6002233,140.0,134.0,0.46044603,108.0,176.0,0.519596,119.0,148.0,0.42996085,109.0,222.0,0.7492364
guy3_tree146.jpg,142.0,43.0,0.48539343,146.0,40.0,0.54644656,142.0,40.0,0.55323744,155.0,41.0,0.55999017,147.0,42.0,0.29553428,160.0,57.0,0.69999105,148.0,59.0,0.6010809,152.0,25.0,0.51872206,140.0,29.0,0.31948373,146.0,6.0,0.64164096,140.0,4.0,0.22305493,150.0,123.0,0.57725215,137.0,122.0,0.662156,148.0,178.0,0.71504444,115.0,135.0,0.6489649,146.0,224.0,0.7456206,133.0,146.0,0.61134124
guy3_tree146_flipped.jpg,112.0,45.0,0.47790307,112.0,42.0,0.50588,108.0,41.0,0.45025244,108.0,42.0,0.24592426,100.0,43.0,0.34521,108.0,59.0,0.39894468,94.0,58.0,0.62428606,114.0,28.0,0.31036574,102.0,26.0,0.39809695,114.0,4.0,0.35221434,107.0,5.0,0.2157719,116.0,119.0,0.69176483,105.0,123.0,0.56705546,138.0,135.0,0.54712254,108.0,177.0,0.42727447,119.0,149.0,0.49893138,109.0,223.0,0.7449031
guy3_tree147.jpg,142.0,45.0,0.6255048,145.0,41.0,0.73503375,141.0,42.0,0.666,156.0,42.0,0.3804351,147.0,44.0,0.40327576,160.0,59.0,0.6401353,148.0,60.0,0.6085475,152.0,25.0,0.4454015,142.0,27.0,0.3512438,145.0,5.0,0.60969335,141.0,4.0,0.21852121,150.0,123.0,0.74453145,137.0,122.0,0.6021627,148.0,178.0,0.67257375,116.0,136.0,0.54164124,145.0,225.0,0.59353876,133.0,148.0,0.6211108
guy3_tree147_flipped.jpg,112.0,46.0,0.48333153,111.0,43.0,0.5005237,109.0,42.0,0.5786371,106.0,43.0,0.21070835,100.0,43.0,0.36880866,107.0,60.0,0.41238257,93.0,60.0,0.7236109,115.0,30.0,0.22912604,103.0,26.0,0.48105285,114.0,5.0,0.40588394,108.0,4.0,0.32765424,116.0,120.0,0.64842546,104.0,124.0,0.6202067,139.0,136.0,0.59995633,108.0,177.0,0.42459187,119.0,150.0,0.5376508,109.0,223.0,0.70034945
guy3_tree148.jpg,142.0,46.0,0.64802974,146.0,42.0,0.6883467,142.0,42.0,0.5951112,156.0,43.0,0.46069938,147.0,44.0,0.29711914,161.0,60.0,0.6926106,148.0,60.0,0.6863798,153.0,26.0,0.5070189,143.0,30.0,0.3172396,145.0,6.0,0.6199783,140.0,5.0,0.2441617,150.0,124.0,0.6219059,136.0,122.0,0.5998714,147.0,178.0,0.65496093,115.0,137.0,0.4849308,145.0,224.0,0.73621225,134.0,147.0,0.6082095
guy3_tree148_flipped.jpg,112.0,47.0,0.5126154,112.0,43.0,0.5053173,110.0,43.0,0.533988,106.0,43.0,0.26714832,101.0,43.0,0.3701216,107.0,59.0,0.51454663,93.0,60.0,0.7219715,114.0,32.0,0.28351033,103.0,27.0,0.55944675,115.0,7.0,0.3412483,109.0,5.0,0.37346187,115.0,122.0,0.72991836,104.0,125.0,0.6442966,140.0,136.0,0.6507433,108.0,177.0,0.6671596,118.0,149.0,0.4988067,108.0,223.0,0.74679196
guy3_tree149.jpg,143.0,46.0,0.5595872,146.0,43.0,0.56390005,142.0,43.0,0.51434976,157.0,45.0,0.58129513,148.0,45.0,0.4347049,161.0,61.0,0.67891026,147.0,61.0,0.6329327,153.0,27.0,0.6073975,141.0,33.0,0.31756118,146.0,7.0,0.609852,139.0,12.0,0.18865809,150.0,124.0,0.7269983,136.0,123.0,0.8103454,147.0,179.0,0.67284197,116.0,138.0,0.4604651,146.0,225.0,0.75025916,134.0,149.0,0.5927017
guy3_tree149_flipped.jpg,112.0,47.0,0.4776018,112.0,43.0,0.43360135,109.0,43.0,0.53509104,107.0,44.0,0.32096153,100.0,44.0,0.42833906,107.0,61.0,0.4375136,93.0,61.0,0.49276674,114.0,30.0,0.24974796,103.0,26.0,0.61946535,116.0,6.0,0.30176064,109.0,6.0,0.3559225,116.0,123.0,0.7385882,105.0,125.0,0.6179015,138.0,137.0,0.6144165,108.0,178.0,0.66317344,118.0,149.0,0.493268,108.0,224.0,0.76229906
guy3_tree150.jpg,143.0,46.0,0.4624395,146.0,43.0,0.54277426,142.0,43.0,0.50116706,156.0,45.0,0.5677341,146.0,46.0,0.37821677,160.0,61.0,0.564834,147.0,61.0,0.65634084,153.0,29.0,0.4987114,139.0,34.0,0.40583766,147.0,8.0,0.6737233,139.0,9.0,0.21994433,150.0,125.0,0.66719556,137.0,124.0,0.7886015,147.0,179.0,0.6718765,117.0,138.0,0.4168293,146.0,225.0,0.7096522,134.0,150.0,0.5936265
guy3_tree150_flipped.jpg,112.0,49.0,0.5322438,111.0,45.0,0.5011015,109.0,44.0,0.62229526,106.0,45.0,0.5447425,101.0,45.0,0.5447961,108.0,61.0,0.55943286,93.0,62.0,0.60990965,117.0,34.0,0.453163,102.0,30.0,0.4690715,116.0,8.0,0.33764103,108.0,7.0,0.4578229,116.0,123.0,0.7495957,105.0,126.0,0.5761987,139.0,138.0,0.49873018,109.0,178.0,0.68436754,118.0,151.0,0.4991728,108.0,224.0,0.7653723
guy3_tree151.jpg,143.0,49.0,0.5112262,146.0,44.0,0.6105475,142.0,44.0,0.62626874,156.0,47.0,0.41141835,147.0,47.0,0.37651145,160.0,62.0,0.51740026,146.0,62.0,0.6360947,153.0,31.0,0.5189756,140.0,34.0,0.5371765,147.0,7.0,0.6555817,139.0,8.0,0.24995697,151.0,125.0,0.66080654,136.0,124.0,0.77915186,147.0,181.0,0.63011086,117.0,139.0,0.47856274,146.0,226.0,0.7300092,134.0,151.0,0.5793705
guy3_tree151_flipped.jpg,112.0,50.0,0.51199013,111.0,46.0,0.5063299,109.0,46.0,0.6282395,106.0,46.0,0.32909754,100.0,47.0,0.3586919,107.0,63.0,0.4549869,93.0,64.0,0.67535865,116.0,34.0,0.3330316,102.0,31.0,0.5055996,115.0,8.0,0.38016352,108.0,7.0,0.5057888,117.0,124.0,0.6815035,105.0,128.0,0.60096496,138.0,139.0,0.54671323,109.0,179.0,0.63058424,119.0,152.0,0.36991018,108.0,225.0,0.77708805
guy3_tree152.jpg,142.0,50.0,0.58818674,146.0,46.0,0.6631173,142.0,45.0,0.6689909,156.0,48.0,0.5188264,147.0,47.0,0.2582738,160.0,63.0,0.60228175,147.0,63.0,0.5399078,151.0,32.0,0.51555836,140.0,33.0,0.45573604,145.0,7.0,0.6482292,141.0,7.0,0.31797495,150.0,126.0,0.6898184,137.0,125.0,0.52637565,147.0,182.0,0.5552647,118.0,140.0,0.43901807,146.0,226.0,0.71557,135.0,152.0,0.51585966
guy3_tree152_flipped.jpg,111.0,51.0,0.4468269,111.0,47.0,0.46341726,108.0,47.0,0.4802417,107.0,48.0,0.25723562,100.0,48.0,0.43400663,108.0,64.0,0.3728661,93.0,65.0,0.65486187,114.0,35.0,0.27696586,102.0,31.0,0.5693389,114.0,8.0,0.37101007,109.0,7.0,0.45081925,117.0,125.0,0.63926196,106.0,128.0,0.5665361,139.0,141.0,0.5074853,109.0,180.0,0.57773674,119.0,152.0,0.2973954,109.0,226.0,0.7682507
guy3_tree153.jpg,143.0,50.0,0.5742322,146.0,47.0,0.5926905,142.0,47.0,0.5452043,156.0,49.0,0.56728137,147.0,49.0,0.36051062,159.0,65.0,0.36031464,147.0,64.0,0.613894,154.0,35.0,0.37843418,141.0,35.0,0.36128566,146.0,8.0,0.66941404,140.0,8.0,0.28076887,150.0,128.0,0.690665,136.0,126.0,0.7830123,146.0,182.0,0.48469537,117.0,141.0,0.37676203,146.0,227.0,0.6149352,135.0,154.0,0.43341732
guy3_tree153_flipped.jpg,111.0,51.0,0.45963824,111.0,47.0,0.41019574,108.0,47.0,0.48367047,106.0,47.0,0.23338158,100.0,48.0,0.47094712,108.0,63.0,0.36493933,93.0,66.0,0.44975346,114.0,37.0,0.28475362,102.0,33.0,0.56055844,115.0,9.0,0.3296848,109.0,8.0,0.6095524,117.0,126.0,0.69860744,106.0,129.0,0.6122702,139.0,141.0,0.5772474,109.0,181.0,0.51172143,119.0,152.0,0.42050135,109.0,227.0,0.75998217
guy3_tree154.jpg,143.0,53.0,0.49660397,146.0,49.0,0.62745506,143.0,48.0,0.5351343,156.0,52.0,0.51290905,148.0,51.0,0.293139,160.0,66.0,0.5261634,147.0,66.0,0.6007352,154.0,34.0,0.40693152,141.0,36.0,0.3563748,146.0,9.0,0.5808773,141.0,10.0,0.35440657,149.0,129.0,0.6465179,136.0,128.0,0.7920733,146.0,183.0,0.47929922,117.0,140.0,0.35890797,146.0,228.0,0.63144386,135.0,155.0,0.45262492
guy3_tree154_flipped.jpg,112.0,52.0,0.4151385,111.0,49.0,0.44019327,108.0,48.0,0.46002084,106.0,49.0,0.3112864,100.0,50.0,0.4777965,108.0,64.0,0.48007783,94.0,66.0,0.5640329,114.0,38.0,0.27027926,104.0,34.0,0.37183827,115.0,10.0,0.29639104,109.0,10.0,0.5606811,118.0,127.0,0.6714779,106.0,130.0,0.56882215,138.0,141.0,0.55090386,109.0,181.0,0.4924285,119.0,153.0,0.3917878,109.0,227.0,0.71044374
guy3_tree155.jpg,142.0,54.0,0.67837334,145.0,50.0,0.70417833,142.0,49.0,0.70951056,155.0,53.0,0.55400336,147.0,51.0,0.31264058,160.0,68.0,0.6347586,146.0,67.0,0.6528007,153.0,35.0,0.49911478,141.0,37.0,0.42242113,146.0,10.0,0.62553644,141.0,10.0,0.41248465,150.0,131.0,0.6837364,136.0,129.0,0.75046587,146.0,184.0,0.6703662,117.0,140.0,0.4548292,146.0,229.0,0.7206203,135.0,154.0,0.5406691
guy3_tree155_flipped.jpg,112.0,54.0,0.5204065,111.0,50.0,0.50341797,109.0,50.0,0.6048145,107.0,50.0,0.302289,101.0,51.0,0.34999084,108.0,65.0,0.46873727,94.0,67.0,0.6482612,116.0,39.0,0.33086956,104.0,34.0,0.2874735,114.0,10.0,0.36276975,109.0,10.0,0.5729253,119.0,128.0,0.6052357,106.0,131.0,0.5496534,138.0,141.0,0.5845935,109.0,182.0,0.53318334,120.0,152.0,0.38199252,109.0,228.0,0.7263251
guy3_tree156.jpg,142.0,54.0,0.62988853,146.0,51.0,0.60023737,142.0,50.0,0.62833905,156.0,54.0,0.57828224,147.0,53.0,0.43489227,160.0,69.0,0.5694657,146.0,68.0,0.61115706,152.0,36.0,0.49665383,141.0,37.0,0.43591997,147.0,12.0,0.6261679,140.0,12.0,0.4015362,150.0,131.0,0.6665435,137.0,130.0,0.53381544,146.0,184.0,0.647432,117.0,142.0,0.48150274,146.0,230.0,0.72276807,134.0,155.0,0.4488506
guy3_tree156_flipped.jpg,112.0,54.0,0.47748327,111.0,50.0,0.5329424,108.0,50.0,0.51184225,108.0,50.0,0.27194574,100.0,51.0,0.453947,107.0,66.0,0.35692805,94.0,68.0,0.597514,115.0,39.0,0.2599433,104.0,36.0,0.32995418,115.0,12.0,0.47713697,109.0,12.0,0.5006244,118.0,128.0,0.6112231,107.0,132.0,0.5421431,138.0,141.0,0.53678423,109.0,182.0,0.49139604,119.0,156.0,0.3142847,109.0,228.0,0.6834625
guy3_tree157.jpg,142.0,55.0,0.5540663,146.0,52.0,0.4729734,142.0,51.0,0.5085762,157.0,54.0,0.5369948,147.0,54.0,0.37105584,160.0,69.0,0.39683917,145.0,68.0,0.5891959,154.0,37.0,0.2801708,139.0,37.0,0.37491953,145.0,11.0,0.56543887,139.0,11.0,0.3024372,149.0,132.0,0.62746716,137.0,130.0,0.7382736,146.0,184.0,0.62759936,118.0,143.0,0.3583181,146.0,231.0,0.6493361,135.0,156.0,0.4189735
guy3_tree157_flipped.jpg,112.0,55.0,0.49342343,112.0,50.0,0.6288971,109.0,51.0,0.57063127,109.0,51.0,0.22418895,100.0,52.0,0.4960619,107.0,67.0,0.37505612,95.0,69.0,0.46110916,115.0,39.0,0.2573996,105.0,36.0,0.24520147,116.0,14.0,0.45782572,109.0,13.0,0.49078658,118.0,129.0,0.6804859,107.0,133.0,0.5573088,137.0,142.0,0.46065804,109.0,183.0,0.4475501,118.0,162.0,0.3064726,109.0,230.0,0.67742777
guy3_tree158.jpg,142.0,54.0,0.5781008,145.0,52.0,0.5063011,141.0,51.0,0.44895086,155.0,54.0,0.41441727,146.0,54.0,0.35136506,159.0,70.0,0.42745486,145.0,69.0,0.5694729,153.0,36.0,0.43001115,137.0,37.0,0.34174734,146.0,11.0,0.48008195,139.0,11.0,0.3029182,149.0,132.0,0.6303282,137.0,131.0,0.76255524,146.0,184.0,0.56275785,119.0,145.0,0.22452152,146.0,232.0,0.61396897,134.0,156.0,0.28942603
guy3_tree158_flipped.jpg,112.0,56.0,0.4339339,112.0,52.0,0.52442217,109.0,51.0,0.4987719,108.0,52.0,0.21540356,101.0,53.0,0.4649686,107.0,68.0,0.33004025,95.0,70.0,0.5502326,116.0,38.0,0.2983836,104.0,35.0,0.43451768,117.0,14.0,0.28701374,108.0,14.0,0.44403997,118.0,130.0,0.70750844,107.0,134.0,0.46297982,138.0,142.0,0.37789226,109.0,183.0,0.6051052,117.0,165.0,0.27059254,110.0,230.0,0.69018686
guy3_tree159.jpg,142.0,55.0,0.54844487,146.0,52.0,0.5163232,141.0,51.0,0.5170733,155.0,55.0,0.40334362,146.0,54.0,0.3550715,159.0,70.0,0.39317927,144.0,68.0,0.57499254,154.0,36.0,0.44029555,136.0,37.0,0.29794776,147.0,12.0,0.5726218,138.0,13.0,0.3766277,149.0,134.0,0.6333785,136.0,132.0,0.7645304,146.0,186.0,0.53392637,119.0,145.0,0.31378496,145.0,233.0,0.57903624,134.0,156.0,0.28591207
guy3_tree159_flipped.jpg,113.0,58.0,0.54135156,113.0,54.0,0.67071843,110.0,54.0,0.6221497,109.0,54.0,0.30805722,100.0,54.0,0.42559546,107.0,69.0,0.4305048,95.0,71.0,0.6066328,118.0,40.0,0.3458835,101.0,37.0,0.40193215,118.0,15.0,0.3955193,107.0,14.0,0.36685407,118.0,131.0,0.6875057,107.0,134.0,0.45456645,138.0,143.0,0.40507048,110.0,184.0,0.6022297,118.0,165.0,0.24109215,110.0,230.0,0.72505474
guy3_tree160.jpg,142.0,56.0,0.49769986,146.0,53.0,0.62882423,141.0,52.0,0.5886098,155.0,56.0,0.49383286,145.0,55.0,0.28423974,159.0,70.0,0.48851445,143.0,69.0,0.5713015,154.0,38.0,0.5258185,136.0,39.0,0.3630994,147.0,13.0,0.48537287,137.0,14.0,0.24262539,149.0,134.0,0.61014515,136.0,133.0,0.71478105,146.0,186.0,0.4763031,119.0,146.0,0.25525543,145.0,234.0,0.7567643,133.0,156.0,0.27861124
guy3_tree160_flipped.jpg,113.0,58.0,0.5195614,113.0,54.0,0.6793477,110.0,54.0,0.6017199,108.0,54.0,0.3124374,100.0,55.0,0.38362345,108.0,69.0,0.53931737,95.0,71.0,0.5729568,120.0,40.0,0.2954789,101.0,37.0,0.4030933,119.0,14.0,0.40371653,107.0,13.0,0.3338746,118.0,131.0,0.6942017,107.0,134.0,0.4345767,138.0,144.0,0.46375936,110.0,185.0,0.5893731,118.0,164.0,0.19405943,110.0,231.0,0.7077193
guy3_tree161.jpg,141.0,57.0,0.54423535,145.0,54.0,0.68348616,140.0,53.0,0.5172063,155.0,57.0,0.49021435,144.0,56.0,0.25218534,159.0,72.0,0.5754523,143.0,71.0,0.56706035,154.0,38.0,0.5488309,135.0,41.0,0.43755856,148.0,14.0,0.40127453,136.0,17.0,0.21083522,148.0,135.0,0.6530936,136.0,134.0,0.76964015,145.0,186.0,0.67955184,119.0,147.0,0.2126835,145.0,234.0,0.72979355,133.0,157.0,0.29069868
guy3_tree161_flipped.jpg,113.0,58.0,0.5142962,113.0,55.0,0.6488353,110.0,55.0,0.5528055,108.0,55.0,0.20418675,100.0,56.0,0.40460807,109.0,69.0,0.5031474,96.0,72.0,0.54336214,120.0,41.0,0.39787835,101.0,38.0,0.33891788,119.0,16.0,0.2639709,107.0,14.0,0.39652225,118.0,131.0,0.6416827,107.0,134.0,0.4587904,137.0,144.0,0.4712351,110.0,185.0,0.5713563,118.0,167.0,0.25278684,110.0,231.0,0.6667526
guy3_tree162.jpg,141.0,57.0,0.5095866,145.0,54.0,0.6161462,140.0,53.0,0.540252,155.0,58.0,0.51214635,144.0,57.0,0.32289758,159.0,73.0,0.5864129,144.0,72.0,0.5027245,154.0,39.0,0.52242553,135.0,44.0,0.3565744,149.0,14.0,0.37644514,135.0,18.0,0.4254053,148.0,136.0,0.64034116,136.0,135.0,0.7759658,145.0,186.0,0.65308136,119.0,147.0,0.27325028,144.0,234.0,0.70241714,134.0,158.0,0.25674254
guy3_tree162_flipped.jpg,113.0,59.0,0.4889378,113.0,56.0,0.5524965,111.0,55.0,0.43378013,109.0,56.0,0.2956651,101.0,57.0,0.5541865,109.0,70.0,0.5526873,96.0,72.0,0.6259587,121.0,44.0,0.24275123,101.0,38.0,0.37437874,120.0,18.0,0.46826768,106.0,15.0,0.3709547,118.0,131.0,0.6398833,107.0,135.0,0.5380331,137.0,145.0,0.4308601,110.0,185.0,0.5861079,117.0,168.0,0.24610521,110.0,231.0,0.6718192
guy3_tree163.jpg,140.0,58.0,0.48412165,143.0,55.0,0.4283604,139.0,55.0,0.43250772,153.0,58.0,0.56675255,144.0,58.0,0.26198906,159.0,73.0,0.633415,143.0,73.0,0.56712574,154.0,40.0,0.39046237,134.0,49.0,0.30349997,150.0,13.0,0.33094704,132.0,19.0,0.43942,147.0,136.0,0.59701574,135.0,135.0,0.74248326,145.0,186.0,0.64306825,118.0,147.0,0.34355792,144.0,234.0,0.7658455,134.0,159.0,0.2745644
guy3_tree163_flipped.jpg,114.0,61.0,0.48727235,114.0,57.0,0.5571856,111.0,58.0,0.51570714,109.0,58.0,0.29195166,102.0,58.0,0.5846001,108.0,72.0,0.5260321,96.0,74.0,0.49438414,120.0,45.0,0.27977094,101.0,39.0,0.3332031,121.0,19.0,0.403712,105.0,15.0,0.43669832,119.0,132.0,0.56383276,107.0,136.0,0.54923916,138.0,145.0,0.4077609,110.0,186.0,0.5422501,118.0,169.0,0.24415983,110.0,232.0,0.79350543
guy3_tree164.jpg,139.0,58.0,0.45235696,143.0,55.0,0.36656922,138.0,55.0,0.3957249,153.0,58.0,0.57691085,143.0,58.0,0.30660653,159.0,73.0,0.49158886,143.0,74.0,0.5942218,153.0,41.0,0.53062844,132.0,48.0,0.30439383,149.0,15.0,0.36483935,131.0,20.0,0.41585255,147.0,137.0,0.5410497,135.0,136.0,0.6914495,145.0,187.0,0.58689773,119.0,147.0,0.35405922,144.0,234.0,0.7175789,133.0,159.0,0.2867876
guy3_tree164_flipped.jpg,114.0,61.0,0.5136163,114.0,58.0,0.5647484,112.0,58.0,0.5243304,110.0,59.0,0.2514756,101.0,59.0,0.40928832,109.0,73.0,0.64662564,97.0,74.0,0.6033298,121.0,46.0,0.28987354,101.0,41.0,0.36356556,121.0,18.0,0.37395906,104.0,15.0,0.40348843,119.0,133.0,0.6283887,107.0,136.0,0.5942321,138.0,146.0,0.44752365,110.0,186.0,0.5603007,117.0,169.0,0.22166178,110.0,233.0,0.8044294
guy3_tree165.jpg,138.0,61.0,0.48488158,142.0,57.0,0.61790955,138.0,57.0,0.5776725,153.0,59.0,0.5041721,143.0,59.0,0.25989684,159.0,74.0,0.4680935,144.0,74.0,0.66535425,154.0,41.0,0.48701274,133.0,53.0,0.30484536,151.0,15.0,0.2604065,130.0,21.0,0.30931216,147.0,137.0,0.52993214,135.0,136.0,0.62937903,144.0,187.0,0.5906911,119.0,148.0,0.31050575,144.0,235.0,0.7138059,133.0,160.0,0.28194362
guy3_tree165_flipped.jpg,114.0,62.0,0.51154655,115.0,59.0,0.5270903,112.0,59.0,0.4621999,111.0,61.0,0.3011913,101.0,60.0,0.5222435,110.0,74.0,0.5488297,97.0,75.0,0.664321,121.0,50.0,0.2136778,100.0,42.0,0.40354908,122.0,22.0,0.37804827,103.0,14.0,0.3857102,120.0,133.0,0.621547,107.0,137.0,0.5371744,138.0,146.0,0.40516758,111.0,186.0,0.6942807,120.0,156.0,0.36036566,110.0,233.0,0.77806145
guy3_tree166.jpg,138.0,61.0,0.6133697,141.0,58.0,0.706781,137.0,57.0,0.62796307,152.0,59.0,0.40169987,144.0,59.0,0.21798924,159.0,75.0,0.544567,144.0,74.0,0.69953966,155.0,43.0,0.5379437,133.0,54.0,0.34321246,152.0,15.0,0.26355767,131.0,25.0,0.32582584,147.0,137.0,0.4875865,135.0,136.0,0.56388897,144.0,187.0,0.59364605,118.0,148.0,0.32129452,144.0,235.0,0.7569965,136.0,170.0,0.20053414
guy3_tree166_flipped.jpg,115.0,62.0,0.4006021,115.0,59.0,0.41884267,111.0,58.0,0.4443956,112.0,61.0,0.2879877,103.0,61.0,0.517793,110.0,74.0,0.5043212,98.0,75.0,0.6770162,122.0,50.0,0.13779151,100.0,43.0,0.42817625,125.0,23.0,0.17260112,101.0,15.0,0.45789298,119.0,134.0,0.6301321,107.0,138.0,0.41864717,138.0,147.0,0.34902692,111.0,187.0,0.66293114,121.0,157.0,0.3431388,110.0,234.0,0.7696676
guy3_tree167.jpg,138.0,61.0,0.55726653,141.0,58.0,0.6874964,138.0,57.0,0.59358656,152.0,60.0,0.49677593,144.0,60.0,0.26042658,159.0,75.0,0.5856583,144.0,75.0,0.6694522,155.0,44.0,0.55764794,132.0,54.0,0.30751422,153.0,15.0,0.27222893,129.0,26.0,0.4177575,147.0,137.0,0.49341455,135.0,136.0,0.520175,144.0,187.0,0.5834545,118.0,148.0,0.3739205,144.0,236.0,0.68827677,137.0,170.0,0.18189918
guy3_tree167_flipped.jpg,115.0,62.0,0.4602742,116.0,59.0,0.5111417,112.0,58.0,0.54315376,112.0,61.0,0.27435955,103.0,61.0,0.54282415,111.0,75.0,0.47941685,98.0,76.0,0.6933813,122.0,50.0,0.1331007,100.0,45.0,0.3416898,125.0,24.0,0.25195277,101.0,15.0,0.5241523,119.0,135.0,0.62119424,107.0,138.0,0.43717748,138.0,147.0,0.34485525,112.0,187.0,0.6722454,121.0,155.0,0.3436482,111.0,234.0,0.75068307
guy3_tree168.jpg,138.0,61.0,0.6180438,141.0,58.0,0.7085918,137.0,58.0,0.60513437,153.0,60.0,0.5615324,144.0,60.0,0.2464433,159.0,76.0,0.6423424,144.0,75.0,0.6598214,155.0,44.0,0.51718426,132.0,55.0,0.33710307,153.0,16.0,0.24571553,128.0,25.0,0.38236627,147.0,138.0,0.5306957,135.0,137.0,0.60272264,143.0,187.0,0.53990144,118.0,148.0,0.35785106,144.0,236.0,0.58891535,138.0,173.0,0.14149034
guy3_tree168_flipped.jpg,116.0,62.0,0.47484475,116.0,60.0,0.46508044,113.0,59.0,0.5615355,112.0,61.0,0.33922666,104.0,61.0,0.48726916,110.0,76.0,0.5076158,98.0,77.0,0.69249403,122.0,51.0,0.11529086,100.0,46.0,0.26603454,124.0,25.0,0.37885538,101.0,15.0,0.54179966,119.0,135.0,0.4925066,107.0,139.0,0.4473952,137.0,148.0,0.28285354,112.0,187.0,0.6166247,122.0,155.0,0.31211534,111.0,234.0,0.72964644
guy3_tree169.jpg,137.0,62.0,0.5858145,140.0,59.0,0.63587546,136.0,59.0,0.43130732,151.0,60.0,0.50071096,143.0,61.0,0.20518117,158.0,76.0,0.68887365,144.0,76.0,0.57923317,155.0,45.0,0.4432074,131.0,57.0,0.38578907,153.0,18.0,0.30432537,127.0,28.0,0.47394565,147.0,139.0,0.5594607,134.0,138.0,0.6725328,143.0,187.0,0.5916401,118.0,148.0,0.39898616,144.0,237.0,0.5580539,132.0,159.0,0.2541105
guy3_tree169_flipped.jpg,116.0,63.0,0.4855968,117.0,60.0,0.45734316,113.0,59.0,0.43202826,114.0,63.0,0.31763318,104.0,61.0,0.46849716,111.0,76.0,0.5133032,98.0,77.0,0.7169656,122.0,50.0,0.101110324,100.0,46.0,0.32755867,124.0,26.0,0.48148236,100.0,15.0,0.53708386,121.0,135.0,0.4362692,108.0,140.0,0.43012968,137.0,148.0,0.32873604,112.0,188.0,0.60027087,122.0,154.0,0.3449577,111.0,235.0,0.7198316
guy3_tree170.jpg,137.0,62.0,0.575756,140.0,59.0,0.5895535,136.0,59.0,0.3923992,151.0,60.0,0.4978399,143.0,61.0,0.21293794,158.0,77.0,0.70165515,144.0,76.0,0.591126,155.0,45.0,0.41289598,131.0,57.0,0.38381895,153.0,20.0,0.4055912,126.0,29.0,0.4970927,147.0,140.0,0.55374336,134.0,139.0,0.68198663,143.0,188.0,0.6171051,118.0,148.0,0.40795723,143.0,237.0,0.5187711,131.0,159.0,0.2510709
guy3_tree170_flipped.jpg,116.0,63.0,0.4717266,117.0,61.0,0.5552524,113.0,60.0,0.5500516,114.0,63.0,0.26968014,104.0,62.0,0.37070578,111.0,77.0,0.49943057,98.0,77.0,0.6784307,123.0,52.0,0.13068685,100.0,47.0,0.34456006,125.0,26.0,0.5241672,100.0,16.0,0.43364993,120.0,136.0,0.4488217,107.0,140.0,0.46379146,138.0,148.0,0.33462176,112.0,188.0,0.5539483,122.0,155.0,0.36077127,111.0,235.0,0.65454024
guy3_tree171.jpg,136.0,63.0,0.5023258,140.0,60.0,0.3806287,136.0,60.0,0.31746203,151.0,61.0,0.5601928,143.0,62.0,0.31613427,158.0,77.0,0.71501803,144.0,77.0,0.5953803,154.0,47.0,0.49175176,130.0,57.0,0.39862213,153.0,19.0,0.46812275,126.0,30.0,0.4466181,147.0,140.0,0.5651845,134.0,139.0,0.672572,143.0,188.0,0.6852009,118.0,148.0,0.40295875,143.0,237.0,0.53258735,133.0,160.0,0.25619274
guy3_tree171_flipped.jpg,117.0,65.0,0.5378862,117.0,62.0,0.629802,114.0,61.0,0.6285528,114.0,64.0,0.23842517,104.0,63.0,0.286829,110.0,77.0,0.39003763,98.0,77.0,0.5093378,123.0,54.0,0.21976425,100.0,48.0,0.3613254,126.0,28.0,0.6487947,100.0,18.0,0.39913166,121.0,135.0,0.42592126,108.0,140.0,0.4514509,138.0,149.0,0.33906642,113.0,188.0,0.5546557,121.0,157.0,0.3353875,112.0,235.0,0.64462346
guy3_tree172.jpg,136.0,63.0,0.49720868,139.0,60.0,0.40952438,135.0,60.0,0.3319668,151.0,61.0,0.60449517,142.0,62.0,0.33432868,158.0,77.0,0.7238659,143.0,76.0,0.58412504,154.0,48.0,0.5376122,131.0,57.0,0.39384377,153.0,20.0,0.50942147,126.0,30.0,0.49267733,146.0,140.0,0.574547,134.0,139.0,0.68042886,144.0,189.0,0.6863663,118.0,149.0,0.44216207,143.0,237.0,0.68629134,132.0,161.0,0.30153182
guy3_tree172_flipped.jpg,117.0,65.0,0.5051189,118.0,62.0,0.59406066,113.0,61.0,0.6307045,116.0,64.0,0.263677,104.0,63.0,0.32969922,111.0,77.0,0.4338709,99.0,77.0,0.49636528,123.0,54.0,0.23319659,101.0,49.0,0.39031392,126.0,28.0,0.6367824,100.0,18.0,0.427457,120.0,135.0,0.4440545,108.0,140.0,0.43657884,137.0,149.0,0.3315011,113.0,189.0,0.49781346,122.0,156.0,0.36545503,112.0,236.0,0.5959269
guy3_tree173.jpg,136.0,64.0,0.40643707,140.0,60.0,0.48795208,135.0,60.0,0.36523297,151.0,62.0,0.54675126,142.0,63.0,0.30741057,158.0,78.0,0.5123062,142.0,78.0,0.533553,154.0,48.0,0.5131526,130.0,56.0,0.42522472,152.0,19.0,0.5128425,125.0,30.0,0.58004594,146.0,141.0,0.57593095,134.0,140.0,0.6634655,144.0,190.0,0.7397423,118.0,149.0,0.4746498,143.0,237.0,0.65454435,132.0,161.0,0.27609825
guy3_tree173_flipped.jpg,117.0,65.0,0.5987166,118.0,62.0,0.53720784,114.0,61.0,0.6957447,116.0,64.0,0.27373236,104.0,63.0,0.3213047,110.0,77.0,0.4276658,99.0,77.0,0.5632663,122.0,54.0,0.19309977,102.0,51.0,0.23545806,126.0,28.0,0.5749464,101.0,19.0,0.44051915,121.0,135.0,0.4264422,108.0,141.0,0.44592246,138.0,149.0,0.3358086,113.0,189.0,0.56224173,122.0,154.0,0.34796193,112.0,236.0,0.55399793
guy3_tree174.jpg,136.0,65.0,0.45849845,139.0,61.0,0.5004239,135.0,61.0,0.37323788,151.0,64.0,0.39722967,142.0,64.0,0.27746212,157.0,79.0,0.63377297,142.0,78.0,0.53693855,154.0,48.0,0.4418508,130.0,56.0,0.40118006,152.0,20.0,0.47739586,125.0,31.0,0.5831698,147.0,141.0,0.687851,134.0,140.0,0.77018815,144.0,190.0,0.7532357,118.0,149.0,0.465422,143.0,237.0,0.68184084,132.0,160.0,0.25230855
guy3_tree174_flipped.jpg,117.0,66.0,0.5740119,118.0,63.0,0.53557444,114.0,62.0,0.65479875,116.0,65.0,0.31394154,104.0,64.0,0.37652978,111.0,78.0,0.44419873,98.0,78.0,0.63991696,122.0,54.0,0.31367138,102.0,51.0,0.30485183,126.0,29.0,0.54915315,101.0,20.0,0.45401266,121.0,136.0,0.5583905,108.0,142.0,0.4296772,138.0,149.0,0.30867332,113.0,190.0,0.56729287,121.0,158.0,0.34896094,112.0,236.0,0.67052364
guy3_tree175.jpg,136.0,65.0,0.49418068,139.0,62.0,0.54378533,135.0,61.0,0.40263122,151.0,64.0,0.43302009,141.0,63.0,0.26387462,157.0,79.0,0.6709732,141.0,79.0,0.5962631,154.0,48.0,0.5080277,129.0,57.0,0.39200655,152.0,20.0,0.49996454,125.0,30.0,0.4832774,146.0,141.0,0.6996138,133.0,140.0,0.7775509,143.0,190.0,0.78687584,117.0,149.0,0.55321634,143.0,238.0,0.73690534,132.0,160.0,0.29292738
guy3_tree175_flipped.jpg,117.0,66.0,0.5545074,118.0,63.0,0.5100256,114.0,62.0,0.6442089,116.0,65.0,0.31792822,104.0,64.0,0.3786921,111.0,79.0,0.46968782,98.0,78.0,0.65040076,124.0,54.0,0.37268972,101.0,51.0,0.3281449,127.0,29.0,0.5684384,101.0,19.0,0.45406625,121.0,137.0,0.6073354,108.0,142.0,0.4228916,138.0,150.0,0.28574842,113.0,190.0,0.5810703,121.0,157.0,0.33012727,112.0,236.0,0.69831866
guy3_tree176.jpg,136.0,65.0,0.51338875,139.0,62.0,0.5761308,135.0,62.0,0.41663113,151.0,64.0,0.45125347,141.0,63.0,0.26346222,156.0,79.0,0.6544751,141.0,79.0,0.5879203,154.0,48.0,0.49569643,129.0,57.0,0.40373328,152.0,20.0,0.47586083,124.0,30.0,0.57524574,146.0,141.0,0.69255805,133.0,140.0,0.7714481,143.0,190.0,0.788477,117.0,150.0,0.5449698,143.0,238.0,0.75071394,131.0,160.0,0.26781407
guy3_tree176_flipped.jpg,117.0,66.0,0.5487941,119.0,63.0,0.44296077,115.0,62.0,0.61258554,116.0,65.0,0.3142828,104.0,64.0,0.4237812,111.0,79.0,0.46919733,99.0,79.0,0.66143477,124.0,54.0,0.3075494,101.0,51.0,0.38903046,127.0,30.0,0.57040477,101.0,19.0,0.47054073,121.0,137.0,0.6083033,108.0,142.0,0.3090165,138.0,150.0,0.27182522,113.0,190.0,0.56570363,121.0,158.0,0.34044486,112.0,236.0,0.6039113
guy3_tree177.jpg,136.0,66.0,0.52259624,139.0,62.0,0.55358267,135.0,62.0,0.4533825,150.0,64.0,0.49256504,141.0,63.0,0.28936774,156.0,80.0,0.6839984,141.0,79.0,0.6311747,154.0,48.0,0.5099962,129.0,57.0,0.40432796,152.0,19.0,0.49202687,124.0,29.0,0.5753549,146.0,141.0,0.66111934,133.0,140.0,0.49715483,143.0,190.0,0.7978437,117.0,150.0,0.5273595,143.0,237.0,0.75187844,131.0,160.0,0.26258355
guy3_tree177_flipped.jpg,117.0,67.0,0.5312599,119.0,64.0,0.39949703,115.0,63.0,0.5495188,116.0,65.0,0.34785396,105.0,64.0,0.4681253,111.0,80.0,0.42952326,99.0,80.0,0.66675264,123.0,54.0,0.25834605,101.0,51.0,0.39543942,128.0,30.0,0.5068517,101.0,19.0,0.46990678,121.0,137.0,0.6228658,107.0,142.0,0.4189143,138.0,150.0,0.26706058,113.0,190.0,0.5588677,121.0,158.0,0.34622747,112.0,237.0,0.6051034
guy3_tree178.jpg,136.0,66.0,0.4923019,139.0,62.0,0.51633286,135.0,62.0,0.4188955,150.0,64.0,0.4935765,141.0,63.0,0.28515005,156.0,79.0,0.6279164,141.0,78.0,0.61761194,154.0,49.0,0.5335395,130.0,57.0,0.39931634,152.0,20.0,0.4398853,124.0,30.0,0.56964356,146.0,141.0,0.63551486,133.0,140.0,0.6644089,143.0,190.0,0.7949762,117.0,150.0,0.5470898,142.0,238.0,0.75534075,131.0,160.0,0.2712675
guy3_tree178_flipped.jpg,117.0,67.0,0.52126926,119.0,64.0,0.38036802,115.0,63.0,0.50218797,116.0,65.0,0.35834205,105.0,64.0,0.5161153,111.0,80.0,0.40493733,99.0,80.0,0.6543629,123.0,54.0,0.23728704,101.0,51.0,0.37719345,128.0,30.0,0.48201436,101.0,19.0,0.41674075,121.0,138.0,0.62495255,107.0,142.0,0.42220584,138.0,150.0,0.26403522,113.0,191.0,0.5831729,121.0,158.0,0.33818477,112.0,237.0,0.6244126
guy3_tree179.jpg,135.0,66.0,0.5184846,139.0,62.0,0.5104656,135.0,62.0,0.5208144,150.0,64.0,0.51443565,140.0,64.0,0.28490588,156.0,79.0,0.6349603,141.0,78.0,0.6179342,154.0,48.0,0.51287365,129.0,57.0,0.41560656,152.0,20.0,0.4352108,124.0,30.0,0.6002894,146.0,141.0,0.63497245,132.0,140.0,0.6626557,143.0,190.0,0.79579663,118.0,150.0,0.53952384,142.0,238.0,0.7718756,131.0,160.0,0.29096287
guy3_tree179_flipped.jpg,117.0,67.0,0.5423308,119.0,64.0,0.38683423,115.0,63.0,0.5177293,116.0,65.0,0.33975476,105.0,64.0,0.5029588,111.0,80.0,0.43658194,99.0,80.0,0.6415852,123.0,54.0,0.27282342,101.0,51.0,0.4314787,128.0,30.0,0.45124683,101.0,19.0,0.41385958,122.0,138.0,0.6392405,107.0,142.0,0.42545488,138.0,150.0,0.26489016,113.0,191.0,0.5943614,121.0,159.0,0.35837033,112.0,237.0,0.6147273
guy3_tree180.jpg,136.0,66.0,0.51258117,139.0,62.0,0.5102706,135.0,62.0,0.5245316,150.0,64.0,0.5199353,141.0,64.0,0.27581742,156.0,79.0,0.620164,141.0,78.0,0.5984331,153.0,48.0,0.49145198,130.0,57.0,0.4175938,152.0,20.0,0.4282169,124.0,30.0,0.59705114,146.0,141.0,0.6210845,133.0,140.0,0.65834075,143.0,190.0,0.78500074,118.0,150.0,0.48716557,143.0,238.0,0.7498491,131.0,160.0,0.2781325
guy3_tree180_flipped.jpg,117.0,67.0,0.53223014,119.0,64.0,0.35518378,115.0,63.0,0.50552565,116.0,65.0,0.33530718,105.0,64.0,0.51267946,111.0,80.0,0.41599914,99.0,80.0,0.65906006,123.0,55.0,0.24107544,101.0,51.0,0.3969631,128.0,30.0,0.48586988,101.0,19.0,0.48962176,121.0,137.0,0.61509943,107.0,142.0,0.44379526,138.0,150.0,0.27094817,113.0,191.0,0.57243526,121.0,158.0,0.37465793,112.0,237.0,0.6172949
