guy3_warrior042.jpg,156.0,130.0,0.3914784,160.0,126.0,0.5130094,155.0,126.0,0.51684904,164.0,116.0,0.5007663,148.0,118.0,0.55757344,167.0,107.0,0.5456498,124.0,111.0,0.39506766,180.0,79.0,0.76323485,98.0,89.0,0.24573654,153.0,92.0,0.3724066,115.0,61.0,0.36030793,142.0,119.0,0.35353062,116.0,118.0,0.562578,137.0,165.0,0.46995768,137.0,164.0,0.3517787,130.0,205.0,0.58890843,91.0,93.0,0.28253564
guy3_warrior042_flipped.jpg,108.0,128.0,0.13136649,108.0,124.0,0.22774746,102.0,126.0,0.22887805,114.0,119.0,0.2626174,99.0,122.0,0.20870338,135.0,112.0,0.28464454,99.0,118.0,0.20580083,162.0,92.0,0.61861134,82.0,80.0,0.49364075,144.0,67.0,0.49327108,88.0,92.0,0.13170265,152.0,104.0,0.09202637,130.0,108.0,0.07982377,163.0,96.0,0.29080242,121.0,158.0,0.40585616,165.0,97.0,0.15782055,129.0,204.0,0.6172215
guy3_warrior043.jpg,150.0,133.0,0.45884308,156.0,128.0,0.42483205,149.0,129.0,0.48804593,159.0,114.0,0.48819715,140.0,119.0,0.5192025,164.0,108.0,0.6560893,115.0,111.0,0.538549,174.0,80.0,0.7851287,91.0,88.0,0.54865324,147.0,86.0,0.35747543,110.0,59.0,0.49242544,134.0,119.0,0.36168906,110.0,119.0,0.54695916,131.0,166.0,0.39579985,104.0,102.0,0.38711622,125.0,207.0,0.43104428,90.0,88.0,0.16279377
guy3_warrior043_flipped.jpg,105.0,130.0,0.28437135,107.0,126.0,0.25466833,101.0,127.0,0.33007178,113.0,122.0,0.3503297,98.0,122.0,0.45070082,133.0,112.0,0.42500064,92.0,119.0,0.57869726,162.0,92.0,0.81446224,83.0,87.0,0.6432477,144.0,65.0,0.56601346,85.0,91.0,0.32326788,141.0,109.0,0.40034258,115.0,111.0,0.20189711,163.0,94.0,0.44203445,122.0,160.0,0.78404987,145.0,67.0,0.590775,104.0,128.0,0.12962748
guy3_warrior044.jpg,148.0,129.0,0.35408542,154.0,125.0,0.48562297,147.0,127.0,0.473536,156.0,114.0,0.66993785,140.0,121.0,0.44296086,159.0,108.0,0.6428237,117.0,110.0,0.50754035,174.0,80.0,0.877204,93.0,88.0,0.5225526,150.0,93.0,0.210929,113.0,60.0,0.43838876,138.0,121.0,0.30030346,116.0,123.0,0.42416584,133.0,165.0,0.4649761,133.0,163.0,0.44710094,126.0,203.0,0.4157353,109.0,100.0,0.095229775
guy3_warrior044_flipped.jpg,104.0,130.0,0.22950596,105.0,128.0,0.32214928,100.0,127.0,0.34481618,112.0,123.0,0.3620952,98.0,123.0,0.33615634,132.0,114.0,0.3301917,96.0,119.0,0.5547924,162.0,92.0,0.86560285,84.0,85.0,0.8096263,143.0,66.0,0.49550956,90.0,92.0,0.27824008,144.0,105.0,0.24614622,118.0,103.0,0.16275772,163.0,94.0,0.43429935,123.0,158.0,0.66405654,145.0,68.0,0.5640773,107.0,126.0,0.06669332
guy3_warrior045.jpg,148.0,134.0,0.22979848,153.0,129.0,0.34576747,146.0,131.0,0.2571643,156.0,122.0,0.45578724,138.0,126.0,0.4621926,157.0,115.0,0.47782123,122.0,119.0,0.24579807,171.0,86.0,0.46162793,93.0,92.0,0.12999679,145.0,92.0,0.1966238,110.0,68.0,0.08914275,143.0,117.0,0.21171425,118.0,118.0,0.2079227,132.0,165.0,0.2852919,131.0,164.0,0.26054722,125.0,203.0,0.42408642,110.0,70.0,0.27943787
guy3_warrior045_flipped.jpg,108.0,135.0,0.18869647,111.0,132.0,0.3262723,105.0,131.0,0.2998912,119.0,125.0,0.2920133,101.0,125.0,0.3823902,135.0,117.0,0.32359782,98.0,116.0,0.25027367,163.0,91.0,0.62033665,83.0,86.0,0.7485688,145.0,69.0,0.45475832,104.0,89.0,0.34197944,138.0,110.0,0.13904746,111.0,107.0,0.16157983,163.0,95.0,0.1776756,121.0,155.0,0.26964203,145.0,70.0,0.18704513,130.0,202.0,0.35330138
guy3_warrior046.jpg,152.0,132.0,0.3020251,156.0,126.0,0.47338426,150.0,129.0,0.43223593,157.0,115.0,0.5501664,141.0,123.0,0.41995934,162.0,109.0,0.7930082,121.0,113.0,0.40850142,178.0,79.0,0.91376567,93.0,85.0,0.6949179,147.0,88.0,0.2785315,113.0,59.0,0.35865545,147.0,120.0,0.22417553,121.0,128.0,0.37976834,134.0,165.0,0.32983696,133.0,162.0,0.39548722,127.0,203.0,0.42143336,110.0,100.0,0.14162758
guy3_warrior046_flipped.jpg,108.0,136.0,0.3104582,112.0,132.0,0.2674122,105.0,132.0,0.33987448,120.0,125.0,0.35668698,100.0,126.0,0.39613745,134.0,118.0,0.35546008,96.0,115.0,0.24854814,161.0,92.0,0.6963999,83.0,85.0,0.6414702,145.0,70.0,0.48755276,96.0,91.0,0.11845486,136.0,111.0,0.093760595,107.0,106.0,0.15682767,125.0,149.0,0.055629935,122.0,152.0,0.1863436,144.0,71.0,0.18273534,130.0,203.0,0.2057493
guy3_warrior047.jpg,146.0,129.0,0.23674741,151.0,125.0,0.38396624,144.0,126.0,0.42806652,156.0,118.0,0.5007197,137.0,122.0,0.46817803,161.0,110.0,0.654725,122.0,113.0,0.37401107,177.0,81.0,0.82803094,94.0,85.0,0.27000713,149.0,90.0,0.21980877,146.0,93.0,0.20601144,152.0,115.0,0.166958,125.0,124.0,0.30494666,137.0,162.0,0.27100635,136.0,162.0,0.5567659,129.0,202.0,0.36910403,129.0,202.0,0.16028261
guy3_warrior047_flipped.jpg,109.0,137.0,0.25699925,113.0,133.0,0.31137797,107.0,133.0,0.29410613,121.0,126.0,0.3695865,103.0,127.0,0.3347377,134.0,118.0,0.45374638,99.0,119.0,0.4774423,161.0,92.0,0.88021505,83.0,86.0,0.8589237,144.0,70.0,0.48371547,105.0,91.0,0.35657316,135.0,113.0,0.14124195,108.0,107.0,0.20112795,163.0,96.0,0.20282942,116.0,136.0,0.0659854,144.0,71.0,0.21811411,113.0,133.0,0.02551413
guy3_warrior048.jpg,145.0,138.0,0.31288525,150.0,134.0,0.34123102,142.0,134.0,0.3129213,154.0,126.0,0.49926278,134.0,130.0,0.4701241,156.0,117.0,0.5494672,121.0,121.0,0.26074997,170.0,89.0,0.45440158,93.0,93.0,0.17834552,154.0,94.0,0.14096275,108.0,108.0,0.030037832,147.0,112.0,0.20996742,118.0,116.0,0.23241434,145.0,128.0,0.076843835,131.0,161.0,0.30055347,137.0,127.0,0.038050998,112.0,72.0,0.52273166
guy3_warrior048_flipped.jpg,111.0,137.0,0.26397252,114.0,133.0,0.3065341,108.0,133.0,0.33475187,123.0,126.0,0.32891092,104.0,128.0,0.30656505,135.0,118.0,0.48023188,101.0,121.0,0.29367518,161.0,92.0,0.78779215,85.0,88.0,0.69275415,143.0,69.0,0.33625597,90.0,89.0,0.18254687,138.0,114.0,0.11839845,112.0,110.0,0.19783616,162.0,95.0,0.3215254,122.0,152.0,0.26598865,143.0,71.0,0.32353652,130.0,201.0,0.2582759
guy3_warrior049.jpg,139.0,137.0,0.41266927,144.0,133.0,0.50715375,137.0,134.0,0.46898568,149.0,124.0,0.5884656,129.0,127.0,0.5239877,155.0,114.0,0.7136239,112.0,115.0,0.66434807,168.0,87.0,0.51938075,88.0,87.0,0.62111807,156.0,88.0,0.18022546,109.0,64.0,0.52045214,148.0,107.0,0.19499615,115.0,112.0,0.2352103,130.0,163.0,0.35426313,128.0,158.0,0.3511889,122.0,201.0,0.49195862,110.0,65.0,0.26165098
guy3_warrior049_flipped.jpg,113.0,137.0,0.27605578,116.0,131.0,0.2972479,109.0,132.0,0.37963554,123.0,126.0,0.35328013,103.0,127.0,0.40542546,132.0,120.0,0.40196866,96.0,117.0,0.36444095,160.0,92.0,0.88558805,83.0,87.0,0.79778016,142.0,70.0,0.4540212,105.0,92.0,0.27340013,135.0,112.0,0.20446107,110.0,106.0,0.27494204,162.0,95.0,0.56495863,121.0,153.0,0.25924855,142.0,72.0,0.3885761,112.0,94.0,0.14346038
guy3_warrior050.jpg,143.0,140.0,0.26678807,147.0,133.0,0.30891767,141.0,135.0,0.2918238,148.0,127.0,0.32771972,131.0,132.0,0.3476064,151.0,117.0,0.41642424,119.0,123.0,0.23660359,163.0,104.0,0.13449077,93.0,93.0,0.2558626,159.0,100.0,0.15003479,114.0,73.0,0.08570622,143.0,111.0,0.21555789,117.0,113.0,0.31462923,169.0,93.0,0.34411058,131.0,164.0,0.37170222,116.0,74.0,0.25572333,114.0,74.0,0.41085115
guy3_warrior050_flipped.jpg,98.0,159.0,0.44313276,104.0,157.0,0.51669896,92.0,155.0,0.5751592,123.0,146.0,0.6172397,86.0,140.0,0.54491717,151.0,126.0,0.68452644,73.0,117.0,0.65552247,191.0,76.0,0.86507,50.0,70.0,0.7995719,157.0,37.0,0.5903581,98.0,77.0,0.5614078,139.0,105.0,0.5844727,103.0,107.0,0.6986573,123.0,174.0,0.22553858,117.0,190.0,0.45100853,158.0,36.0,0.4114122,102.0,79.0,0.31839716
guy3_warrior051.jpg,136.0,126.0,0.13555034,140.0,126.0,0.23280232,133.0,130.0,0.25865474,142.0,122.0,0.35051122,126.0,126.0,0.35602355,146.0,116.0,0.33595255,114.0,120.0,0.29601952,166.0,85.0,0.3460663,124.0,170.0,0.3577655,141.0,96.0,0.09487485,120.0,200.0,0.3565996,142.0,110.0,0.13554786,116.0,111.0,0.16801147,166.0,86.0,0.44332644,126.0,163.0,0.25012955,138.0,93.0,0.19726971,108.0,68.0,0.36868906
guy3_warrior051_flipped.jpg,118.0,136.0,0.18133353,121.0,134.0,0.37805912,115.0,134.0,0.25818458,124.0,129.0,0.37037885,106.0,130.0,0.49571878,133.0,119.0,0.43424973,97.0,117.0,0.62781715,160.0,93.0,0.65298474,82.0,89.0,0.7759888,142.0,74.0,0.2771468,110.0,93.0,0.3185084,129.0,114.0,0.2112236,105.0,114.0,0.25336346,161.0,96.0,0.75727,119.0,149.0,0.19196343,141.0,75.0,0.40545303,111.0,95.0,0.17121045
guy3_warrior052.jpg,135.0,129.0,0.17302267,140.0,130.0,0.29468685,133.0,133.0,0.31928623,143.0,123.0,0.36574695,126.0,127.0,0.38548025,149.0,113.0,0.3869522,115.0,119.0,0.28138945,167.0,84.0,0.32951775,87.0,87.0,0.1701471,152.0,90.0,0.113352,109.0,67.0,0.09720997,138.0,107.0,0.1826591,112.0,108.0,0.21064031,135.0,129.0,0.056069348,127.0,163.0,0.22494929,122.0,198.0,0.3146103,110.0,67.0,0.36139077
guy3_warrior052_flipped.jpg,118.0,138.0,0.24128991,122.0,134.0,0.23182437,115.0,136.0,0.2797578,126.0,131.0,0.30481523,107.0,132.0,0.4503279,133.0,121.0,0.4631122,98.0,116.0,0.5252465,159.0,93.0,0.6482463,82.0,89.0,0.6439293,141.0,75.0,0.26638612,107.0,93.0,0.20456663,130.0,111.0,0.29328334,107.0,111.0,0.3868288,160.0,95.0,0.68352,119.0,152.0,0.1811726,140.0,76.0,0.43261534,111.0,94.0,0.22281727
guy3_warrior053.jpg,136.0,141.0,0.20342329,140.0,141.0,0.4161402,134.0,139.0,0.25486,147.0,133.0,0.41719654,128.0,133.0,0.34854785,155.0,121.0,0.38736895,118.0,120.0,0.43284565,171.0,90.0,0.4735182,94.0,94.0,0.23021388,149.0,96.0,0.14742568,116.0,78.0,0.21303016,149.0,107.0,0.121433124,120.0,109.0,0.18387288,141.0,135.0,0.08087967,134.0,164.0,0.24982904,138.0,137.0,0.028566381,116.0,79.0,0.3273538
guy3_warrior053_flipped.jpg,120.0,128.0,0.23370548,124.0,123.0,0.42133704,117.0,126.0,0.41152146,128.0,116.0,0.46963248,108.0,121.0,0.38205743,136.0,105.0,0.4238656,96.0,105.0,0.41226375,162.0,76.0,0.6264185,77.0,73.0,0.70636624,141.0,59.0,0.33636844,103.0,81.0,0.38147432,130.0,86.0,0.2724436,104.0,87.0,0.5986539,162.0,80.0,0.52236414,118.0,144.0,0.25895175,141.0,61.0,0.576464,103.0,82.0,0.4741277
guy3_warrior054.jpg,134.0,118.0,0.26250905,136.0,118.0,0.37212512,132.0,119.0,0.3524064,140.0,114.0,0.47860712,127.0,118.0,0.40872902,148.0,108.0,0.431966,120.0,114.0,0.422968,172.0,78.0,0.7691963,128.0,162.0,0.35869172,150.0,83.0,0.22801478,144.0,85.0,0.16750138,147.0,97.0,0.12999107,127.0,104.0,0.17984925,133.0,126.0,0.13826627,130.0,128.0,0.15778485,133.0,122.0,0.044427965,112.0,61.0,0.49529982
guy3_warrior054_flipped.jpg,118.0,136.0,0.18154202,122.0,134.0,0.24436279,115.0,134.0,0.21552284,126.0,131.0,0.36017662,108.0,130.0,0.42272386,133.0,121.0,0.4835137,100.0,116.0,0.46485856,157.0,93.0,0.30592358,82.0,90.0,0.7045363,137.0,77.0,0.15720315,105.0,98.0,0.25965387,130.0,115.0,0.29775032,108.0,114.0,0.44186768,158.0,97.0,0.7362485,120.0,157.0,0.18626685,137.0,79.0,0.4128079,108.0,99.0,0.20950645
guy3_warrior055.jpg,135.0,136.0,0.13615713,139.0,138.0,0.26947218,133.0,137.0,0.2569521,146.0,131.0,0.36472365,128.0,131.0,0.31024477,153.0,120.0,0.43060586,120.0,119.0,0.38190714,171.0,92.0,0.4293307,94.0,96.0,0.19273797,151.0,106.0,0.07035894,117.0,79.0,0.14901906,146.0,110.0,0.1295312,124.0,112.0,0.15378974,139.0,134.0,0.074080825,134.0,165.0,0.2649846,129.0,201.0,0.22707506,118.0,80.0,0.3053011
guy3_warrior055_flipped.jpg,118.0,131.0,0.14786547,121.0,133.0,0.33374682,114.0,133.0,0.3075725,125.0,129.0,0.37437093,108.0,128.0,0.39354354,134.0,120.0,0.43603668,100.0,115.0,0.5672505,156.0,93.0,0.40282896,81.0,91.0,0.68050724,135.0,77.0,0.17323999,105.0,97.0,0.26615167,132.0,114.0,0.21719128,108.0,114.0,0.4194896,157.0,96.0,0.7963668,118.0,152.0,0.15983649,135.0,79.0,0.57325435,104.0,99.0,0.2625893
guy3_warrior056.jpg,134.0,138.0,0.3537407,138.0,138.0,0.46832877,131.0,136.0,0.38729015,146.0,129.0,0.5672382,126.0,127.0,0.47138813,154.0,117.0,0.59451246,115.0,112.0,0.5514561,174.0,85.0,0.8684267,93.0,87.0,0.5480805,151.0,95.0,0.18125446,116.0,72.0,0.17273887,151.0,99.0,0.24568269,124.0,101.0,0.33605593,138.0,130.0,0.11881668,133.0,147.0,0.36619475,129.0,197.0,0.37881014,118.0,72.0,0.35764924
guy3_warrior056_flipped.jpg,106.0,126.0,0.18391982,111.0,124.0,0.285193,104.0,125.0,0.2664365,119.0,120.0,0.5070535,100.0,123.0,0.37184477,129.0,115.0,0.626718,91.0,112.0,0.6641938,154.0,86.0,0.6085142,72.0,82.0,0.7679213,129.0,70.0,0.3955874,95.0,91.0,0.30111852,122.0,89.0,0.39305693,100.0,92.0,0.4141754,154.0,89.0,0.29472864,75.0,86.0,0.29810604,128.0,72.0,0.53731465,97.0,91.0,0.37679598
guy3_warrior057.jpg,128.0,133.0,0.29163593,133.0,134.0,0.43749428,126.0,132.0,0.35413328,140.0,129.0,0.46194938,120.0,126.0,0.34720352,147.0,116.0,0.60303646,108.0,111.0,0.60119593,170.0,85.0,0.8382117,89.0,85.0,0.65106857,157.0,97.0,0.33570918,112.0,71.0,0.22192453,146.0,111.0,0.38375518,118.0,113.0,0.29936704,135.0,135.0,0.19674839,124.0,132.0,0.14255978,125.0,197.0,0.38144094,114.0,71.0,0.39347103
guy3_warrior057_flipped.jpg,99.0,170.0,0.40420383,109.0,169.0,0.5193695,91.0,162.0,0.6529902,131.0,153.0,0.58371294,78.0,140.0,0.52720666,155.0,127.0,0.75949407,61.0,117.0,0.65924907,198.0,59.0,0.91712224,20.0,56.0,0.8708836,148.0,21.0,0.7991399,77.0,64.0,0.3711723,135.0,119.0,0.27976802,81.0,119.0,0.24760818,126.0,169.0,0.037442792,97.0,182.0,0.17207138,148.0,22.0,0.29640803,77.0,65.0,0.28378946
guy3_warrior058.jpg,134.0,144.0,0.2555528,138.0,142.0,0.34477183,131.0,140.0,0.19016863,145.0,134.0,0.35497802,126.0,134.0,0.3203708,152.0,123.0,0.317229,116.0,119.0,0.38960546,172.0,94.0,0.43049943,98.0,96.0,0.21794574,159.0,105.0,0.09896061,120.0,83.0,0.11912142,149.0,111.0,0.19769593,121.0,111.0,0.26369408,140.0,157.0,0.18737556,109.0,111.0,0.31791168,124.0,83.0,0.26590818,120.0,83.0,0.6110817
guy3_warrior058_flipped.jpg,100.0,165.0,0.42445952,109.0,162.0,0.47345388,91.0,157.0,0.6172527,128.0,145.0,0.3923911,79.0,137.0,0.53036404,150.0,123.0,0.74091506,62.0,114.0,0.6426587,193.0,57.0,0.87764114,17.0,54.0,0.7472822,142.0,20.0,0.79705805,72.0,67.0,0.20075127,126.0,106.0,0.16196138,78.0,108.0,0.3729215,111.0,180.0,0.14269733,82.0,178.0,0.2173882,116.0,181.0,0.024572665,84.0,205.0,0.21140641
guy3_warrior059.jpg,127.0,161.0,0.31965894,139.0,156.0,0.34269953,120.0,154.0,0.4425961,155.0,134.0,0.580108,106.0,133.0,0.33994895,168.0,112.0,0.68921304,82.0,108.0,0.73050106,213.0,57.0,0.77935743,49.0,61.0,0.8957659,190.0,83.0,0.22821051,97.0,29.0,0.8048802,161.0,115.0,0.23137592,87.0,110.0,0.20724234,141.0,176.0,0.3061067,108.0,166.0,0.083809406,128.0,253.0,0.39482898,129.0,208.0,0.017925072
guy3_warrior059_flipped.jpg,99.0,180.0,0.4564004,108.0,177.0,0.522909,88.0,172.0,0.42608866,127.0,161.0,0.457403,74.0,149.0,0.52290714,152.0,127.0,0.7591799,57.0,125.0,0.8086287,196.0,60.0,0.8485746,24.0,78.0,0.6483076,141.0,23.0,0.538944,4.0,55.0,0.3701263,134.0,118.0,0.17916404,76.0,123.0,0.23247114,134.0,179.0,0.082578294,83.0,187.0,0.23111697,124.0,191.0,0.056799285,85.0,213.0,0.120983586
guy3_warrior060.jpg,135.0,142.0,0.14710373,138.0,142.0,0.29507273,133.0,142.0,0.33627513,145.0,135.0,0.3359822,127.0,135.0,0.26894274,152.0,123.0,0.33426857,119.0,118.0,0.3685151,175.0,96.0,0.39987147,98.0,97.0,0.2605932,163.0,103.0,0.14509021,122.0,83.0,0.18120506,150.0,114.0,0.22370908,123.0,115.0,0.35214186,141.0,161.0,0.18998331,112.0,111.0,0.22609724,128.0,83.0,0.15216011,123.0,84.0,0.50208867
guy3_warrior060_flipped.jpg,122.0,142.0,0.17611107,126.0,139.0,0.22674504,119.0,145.0,0.45116556,129.0,132.0,0.49558213,110.0,137.0,0.49644497,137.0,122.0,0.69452417,104.0,127.0,0.4752946,154.0,94.0,0.5933943,78.0,95.0,0.74440736,131.0,82.0,0.27383593,98.0,105.0,0.12936269,131.0,110.0,0.3608791,108.0,112.0,0.5152737,154.0,98.0,0.6822133,113.0,156.0,0.26166067,130.0,83.0,0.60676634,101.0,104.0,0.17593488
guy3_warrior061.jpg,135.0,149.0,0.33734524,137.0,146.0,0.4225921,132.0,146.0,0.37609443,146.0,137.0,0.38400388,128.0,139.0,0.29532182,155.0,123.0,0.3777195,119.0,122.0,0.31401047,178.0,95.0,0.52048576,100.0,97.0,0.22139926,161.0,105.0,0.113965176,123.0,83.0,0.17698234,150.0,111.0,0.2200181,122.0,113.0,0.28030038,178.0,97.0,0.34824386,112.0,111.0,0.22352254,129.0,82.0,0.2681803,124.0,83.0,0.58471394
guy3_warrior061_flipped.jpg,117.0,149.0,0.2599027,121.0,146.0,0.25695577,115.0,146.0,0.22875717,129.0,135.0,0.24747573,110.0,138.0,0.36550203,137.0,121.0,0.43160772,105.0,127.0,0.29092833,152.0,94.0,0.24721716,78.0,96.0,0.5490682,129.0,81.0,0.15047187,92.0,103.0,0.061503395,133.0,113.0,0.18701391,110.0,116.0,0.28229317,153.0,96.0,0.42922097,112.0,155.0,0.14076191,128.0,82.0,0.5225422,124.0,86.0,0.23908511
guy3_warrior062.jpg,134.0,150.0,0.2903408,137.0,146.0,0.3741606,131.0,146.0,0.30715942,145.0,138.0,0.37452406,127.0,138.0,0.36160666,153.0,125.0,0.36058325,119.0,122.0,0.41557363,179.0,95.0,0.6103013,101.0,97.0,0.33301327,162.0,108.0,0.16810662,124.0,83.0,0.33028626,152.0,112.0,0.1958632,123.0,114.0,0.2616942,179.0,97.0,0.2755818,112.0,112.0,0.21680582,159.0,110.0,0.09929119,126.0,84.0,0.37798068
guy3_warrior062_flipped.jpg,125.0,150.0,0.30568725,127.0,145.0,0.28140107,122.0,149.0,0.4586051,131.0,132.0,0.34823555,115.0,138.0,0.42634195,138.0,120.0,0.2918028,107.0,139.0,0.37057522,153.0,94.0,0.21318625,113.0,175.0,0.44981724,129.0,81.0,0.15299447,117.0,204.0,0.3990901,130.0,108.0,0.13383062,106.0,112.0,0.15834723,153.0,96.0,0.28702113,110.0,158.0,0.10656701,127.0,83.0,0.5171561,124.0,84.0,0.31499392
guy3_warrior063.jpg,133.0,149.0,0.2548298,136.0,146.0,0.29682884,131.0,146.0,0.27664682,145.0,138.0,0.36858246,128.0,137.0,0.335447,155.0,125.0,0.3934356,119.0,119.0,0.49750987,179.0,96.0,0.66713524,102.0,97.0,0.28537288,166.0,105.0,0.13510264,127.0,82.0,0.35662824,154.0,118.0,0.23856938,126.0,116.0,0.26941139,144.0,169.0,0.14287616,115.0,114.0,0.15131858,140.0,206.0,0.29400465,128.0,83.0,0.39737296
guy3_warrior063_flipped.jpg,123.0,159.0,0.3047418,128.0,150.0,0.4403322,119.0,157.0,0.51833284,133.0,136.0,0.5835475,105.0,149.0,0.6102221,143.0,126.0,0.7967889,86.0,128.0,0.67115194,165.0,86.0,0.86997014,54.0,89.0,0.80167735,131.0,66.0,0.6057866,70.0,102.0,0.44652203,118.0,105.0,0.4783847,89.0,111.0,0.46558616,166.0,90.0,0.24671693,103.0,191.0,0.34779477,130.0,66.0,0.6156862,91.0,101.0,0.24513212
guy3_warrior064.jpg,134.0,147.0,0.1945713,137.0,145.0,0.2437253,132.0,144.0,0.23033665,145.0,138.0,0.3490739,127.0,136.0,0.2607866,155.0,124.0,0.2996063,119.0,119.0,0.50537896,180.0,96.0,0.64464974,102.0,97.0,0.17922698,161.0,109.0,0.16931805,128.0,82.0,0.29539865,155.0,119.0,0.2288781,129.0,119.0,0.3275336,181.0,98.0,0.27264613,146.0,166.0,0.15190099,160.0,111.0,0.10971969,130.0,84.0,0.35521084
guy3_warrior064_flipped.jpg,124.0,150.0,0.25998026,127.0,145.0,0.21906534,122.0,149.0,0.3482011,132.0,132.0,0.41571185,114.0,140.0,0.42625356,137.0,121.0,0.4843041,105.0,138.0,0.33583573,151.0,95.0,0.12616852,110.0,175.0,0.5648446,125.0,80.0,0.16578925,115.0,207.0,0.3126607,122.0,105.0,0.21890357,102.0,113.0,0.20996447,150.0,97.0,0.25997323,114.0,105.0,0.115399584,124.0,83.0,0.448249,122.0,83.0,0.28477025
guy3_warrior065.jpg,134.0,146.0,0.107211754,137.0,146.0,0.23762171,131.0,146.0,0.2109485,144.0,139.0,0.28129873,127.0,138.0,0.31919396,152.0,124.0,0.2735526,117.0,119.0,0.4499046,162.0,110.0,0.08265835,103.0,97.0,0.13791403,159.0,108.0,0.1525102,129.0,83.0,0.34054583,152.0,118.0,0.2365904,125.0,118.0,0.313921,180.0,100.0,0.48232704,112.0,110.0,0.20669496,158.0,108.0,0.11281526,130.0,84.0,0.550893
guy3_warrior065_flipped.jpg,122.0,150.0,0.2174423,124.0,147.0,0.26165503,119.0,149.0,0.24301988,131.0,134.0,0.36560866,113.0,138.0,0.3469221,137.0,121.0,0.28100872,104.0,138.0,0.36365718,150.0,94.0,0.13944033,108.0,172.0,0.39749408,125.0,81.0,0.23456669,113.0,207.0,0.1788687,121.0,101.0,0.13957764,101.0,110.0,0.17641108,150.0,96.0,0.17584477,107.0,157.0,0.10075521,123.0,82.0,0.27563202,90.0,110.0,0.053197365
guy3_warrior066.jpg,133.0,150.0,0.23331955,137.0,147.0,0.257458,130.0,145.0,0.27784175,146.0,140.0,0.28851473,127.0,137.0,0.3886055,154.0,128.0,0.33257386,118.0,121.0,0.5870954,181.0,99.0,0.5681362,104.0,96.0,0.35323733,165.0,109.0,0.14498116,131.0,82.0,0.2638038,155.0,118.0,0.29030326,129.0,116.0,0.3183522,181.0,100.0,0.2340394,115.0,113.0,0.17901659,157.0,117.0,0.068739116,136.0,90.0,0.2656077
guy3_warrior066_flipped.jpg,113.0,145.0,0.35205448,119.0,139.0,0.43254358,110.0,142.0,0.5212486,126.0,126.0,0.52948606,101.0,133.0,0.54552215,136.0,119.0,0.6454494,88.0,123.0,0.57364,148.0,85.0,0.64614606,62.0,88.0,0.78075373,121.0,71.0,0.61705947,77.0,100.0,0.2553468,115.0,93.0,0.38355678,90.0,99.0,0.30996683,113.0,94.0,0.09304752,86.0,111.0,0.083629765,117.0,74.0,0.4456415,86.0,109.0,0.10750449
guy3_warrior067.jpg,131.0,148.0,0.18840374,135.0,147.0,0.282846,128.0,143.0,0.25349408,145.0,140.0,0.24238405,125.0,136.0,0.24056259,153.0,129.0,0.3487315,118.0,119.0,0.5698817,180.0,98.0,0.54240096,105.0,97.0,0.31431434,159.0,108.0,0.15284806,132.0,82.0,0.3249745,153.0,118.0,0.18682727,131.0,111.0,0.28841805,148.0,167.0,0.21413794,115.0,112.0,0.15799935,158.0,114.0,0.10447313,137.0,90.0,0.32016113
guy3_warrior067_flipped.jpg,121.0,150.0,0.17881323,124.0,149.0,0.3362071,118.0,149.0,0.3149797,131.0,136.0,0.4022609,112.0,141.0,0.42030564,136.0,122.0,0.39435983,100.0,131.0,0.29755598,149.0,95.0,0.14993629,71.0,99.0,0.3594083,123.0,79.0,0.19770963,86.0,110.0,0.08243622,119.0,102.0,0.17463359,99.0,109.0,0.24875794,148.0,97.0,0.1960997,96.0,121.0,0.038669415,121.0,82.0,0.38562545,87.0,109.0,0.1379021
guy3_warrior068.jpg,130.0,140.0,0.13367653,134.0,140.0,0.2569905,127.0,135.0,0.11957601,143.0,135.0,0.26338574,122.0,131.0,0.29573843,154.0,121.0,0.46675324,115.0,114.0,0.61920524,171.0,100.0,0.26605314,102.0,87.0,0.2245591,167.0,102.0,0.17074056,131.0,75.0,0.19553359,154.0,118.0,0.34020716,130.0,115.0,0.27355954,149.0,166.0,0.20290425,146.0,161.0,0.17108546,161.0,109.0,0.05079052,133.0,77.0,0.23986326
guy3_warrior068_flipped.jpg,123.0,152.0,0.26643533,128.0,147.0,0.22303061,121.0,151.0,0.25445578,133.0,136.0,0.52236354,113.0,142.0,0.4347846,138.0,122.0,0.46557269,100.0,140.0,0.35798854,150.0,93.0,0.3170086,104.0,174.0,0.52516484,122.0,81.0,0.34385875,111.0,210.0,0.39195484,118.0,96.0,0.3398508,95.0,105.0,0.2707262,150.0,95.0,0.34098622,94.0,118.0,0.09373014,121.0,83.0,0.509307,86.0,108.0,0.16065095
guy3_warrior069.jpg,132.0,143.0,0.14922097,135.0,145.0,0.23177013,129.0,141.0,0.2202981,145.0,137.0,0.1887659,127.0,135.0,0.28272906,154.0,125.0,0.35075322,120.0,117.0,0.5868228,184.0,96.0,0.6099454,104.0,94.0,0.33969006,173.0,106.0,0.10358656,133.0,84.0,0.4711501,156.0,125.0,0.30664894,135.0,122.0,0.39190322,152.0,170.0,0.15445286,147.0,167.0,0.21052502,145.0,210.0,0.46597683,137.0,85.0,0.40877202
guy3_warrior069_flipped.jpg,122.0,151.0,0.1954606,127.0,149.0,0.2042467,120.0,150.0,0.19850929,133.0,136.0,0.39322984,113.0,142.0,0.34150028,136.0,121.0,0.4227164,100.0,134.0,0.26177257,150.0,92.0,0.4066223,70.0,97.0,0.25990403,120.0,82.0,0.2189555,90.0,118.0,0.04675874,117.0,102.0,0.17393403,96.0,112.0,0.27292335,150.0,95.0,0.27901253,94.0,122.0,0.059640136,118.0,84.0,0.43999285,84.0,105.0,0.11861441
guy3_warrior070.jpg,131.0,148.0,0.17474943,134.0,148.0,0.31522012,128.0,144.0,0.21617407,145.0,139.0,0.26599115,125.0,136.0,0.22698261,154.0,127.0,0.24968916,118.0,116.0,0.66749114,183.0,96.0,0.6020105,103.0,93.0,0.32486346,169.0,106.0,0.09270897,133.0,87.0,0.29079202,157.0,123.0,0.32096905,132.0,117.0,0.40848222,152.0,171.0,0.1733371,114.0,111.0,0.15207036,147.0,93.0,0.18024044,137.0,88.0,0.5311433
guy3_warrior070_flipped.jpg,121.0,144.0,0.31592804,125.0,139.0,0.37206465,118.0,142.0,0.48959655,129.0,126.0,0.34823796,109.0,133.0,0.51525354,136.0,118.0,0.6096337,95.0,124.0,0.6058819,150.0,84.0,0.736078,69.0,89.0,0.76021343,117.0,78.0,0.3562611,79.0,99.0,0.2856044,115.0,93.0,0.31123734,91.0,104.0,0.3450337,151.0,86.0,0.45577717,100.0,159.0,0.33610088,116.0,79.0,0.44897795,91.0,115.0,0.13859305
guy3_warrior071.jpg,133.0,149.0,0.25009537,135.0,148.0,0.33485556,130.0,146.0,0.25844362,145.0,138.0,0.37102246,128.0,137.0,0.3183574,155.0,129.0,0.32818124,118.0,116.0,0.49454126,172.0,105.0,0.17939968,104.0,91.0,0.3134377,170.0,106.0,0.10816798,137.0,90.0,0.3693217,157.0,120.0,0.12347904,128.0,111.0,0.2341732,152.0,170.0,0.12269375,131.0,140.0,0.075100176,147.0,94.0,0.15644433,138.0,91.0,0.5424042
guy3_warrior071_flipped.jpg,113.0,139.0,0.3986973,116.0,134.0,0.3934225,109.0,137.0,0.4655342,123.0,120.0,0.59923553,99.0,128.0,0.4444246,131.0,109.0,0.58338857,81.0,122.0,0.64742005,142.0,71.0,0.79672897,51.0,73.0,0.47519934,107.0,72.0,0.25153914,66.0,93.0,0.16889651,106.0,87.0,0.56644785,79.0,97.0,0.47737518,143.0,72.0,0.21092136,87.0,160.0,0.52118003,105.0,74.0,0.52873325,68.0,95.0,0.3246442
guy3_warrior072.jpg,122.0,157.0,0.18742561,123.0,156.0,0.2583673,121.0,156.0,0.27895236,132.0,146.0,0.23690043,118.0,146.0,0.2609604,147.0,136.0,0.22963433,113.0,131.0,0.20085512,180.0,100.0,0.38659516,143.0,189.0,0.23732144,164.0,114.0,0.14603935,130.0,102.0,0.310961,151.0,128.0,0.09730064,130.0,124.0,0.13912344,142.0,185.0,0.18387443,120.0,148.0,0.07950078,134.0,104.0,0.15300079,131.0,103.0,0.34467983
guy3_warrior072_flipped.jpg,122.0,153.0,0.36378977,127.0,150.0,0.40733513,120.0,151.0,0.50793374,132.0,137.0,0.57038623,112.0,140.0,0.4659254,137.0,122.0,0.59863126,96.0,131.0,0.36301386,149.0,88.0,0.5786708,68.0,94.0,0.6053933,116.0,93.0,0.36383888,84.0,107.0,0.17495014,114.0,101.0,0.42268533,90.0,106.0,0.35425338,150.0,89.0,0.1648383,99.0,168.0,0.38206002,113.0,95.0,0.11426879,106.0,213.0,0.49192822
guy3_warrior073.jpg,129.0,148.0,0.2886302,131.0,145.0,0.31199297,125.0,143.0,0.2747021,141.0,137.0,0.3305777,123.0,134.0,0.32348973,152.0,129.0,0.35336,114.0,115.0,0.5101655,182.0,92.0,0.58564574,105.0,88.0,0.22084618,163.0,108.0,0.089481466,137.0,95.0,0.29795176,157.0,124.0,0.19817357,134.0,117.0,0.20389515,152.0,174.0,0.33048168,127.0,138.0,0.054869734,147.0,214.0,0.37895676,137.0,97.0,0.32969967
guy3_warrior073_flipped.jpg,125.0,152.0,0.34717098,129.0,147.0,0.30304164,123.0,148.0,0.54377234,133.0,134.0,0.4777206,114.0,137.0,0.5957347,135.0,120.0,0.39386073,96.0,133.0,0.40525255,147.0,86.0,0.47489688,68.0,93.0,0.4498457,115.0,97.0,0.37044993,84.0,107.0,0.16353418,110.0,104.0,0.29411843,88.0,110.0,0.37861094,102.0,171.0,0.15923397,99.0,170.0,0.3814965,106.0,210.0,0.13378944,105.0,213.0,0.35334584
guy3_warrior074.jpg,133.0,148.0,0.371147,136.0,145.0,0.32625538,129.0,145.0,0.3785363,145.0,136.0,0.39604524,126.0,134.0,0.37655747,155.0,128.0,0.30223173,119.0,115.0,0.37630215,185.0,90.0,0.57641494,110.0,87.0,0.20172851,148.0,99.0,0.22189848,142.0,99.0,0.28856343,159.0,117.0,0.24336454,136.0,109.0,0.28327763,156.0,172.0,0.24649425,114.0,108.0,0.14268418,151.0,101.0,0.1683795,141.0,100.0,0.22967727
guy3_warrior074_flipped.jpg,124.0,152.0,0.40955138,128.0,148.0,0.49314186,122.0,149.0,0.5696013,134.0,133.0,0.5966524,113.0,137.0,0.5331044,137.0,120.0,0.6390795,94.0,129.0,0.5622481,146.0,85.0,0.7438613,68.0,92.0,0.59587514,114.0,100.0,0.35561663,85.0,107.0,0.21670705,110.0,105.0,0.4544601,87.0,111.0,0.45813957,102.0,169.0,0.14424881,98.0,170.0,0.42626,106.0,99.0,0.2054701,86.0,110.0,0.22790714
guy3_warrior075.jpg,132.0,147.0,0.38702258,135.0,145.0,0.41979966,129.0,144.0,0.36714193,144.0,136.0,0.3590649,127.0,133.0,0.43520626,156.0,129.0,0.3653973,123.0,115.0,0.37330413,187.0,90.0,0.6160263,112.0,88.0,0.32293037,170.0,106.0,0.23854907,139.0,103.0,0.1595689,163.0,118.0,0.21234556,139.0,110.0,0.24066707,158.0,171.0,0.27723747,128.0,137.0,0.033411816,152.0,214.0,0.33661452,132.0,137.0,0.047792107
guy3_warrior075_flipped.jpg,125.0,151.0,0.31712833,130.0,148.0,0.4212076,123.0,149.0,0.5305245,134.0,133.0,0.5625724,113.0,137.0,0.535204,136.0,117.0,0.5522965,94.0,133.0,0.50630087,144.0,86.0,0.5697985,98.0,174.0,0.5490005,116.0,102.0,0.18612212,102.0,213.0,0.45735908,113.0,106.0,0.46605116,89.0,111.0,0.31791705,123.0,138.0,0.025532043,90.0,120.0,0.13895053,102.0,99.0,0.11906147,85.0,108.0,0.21577385
guy3_warrior076.jpg,117.0,139.0,0.30495343,119.0,138.0,0.24156229,114.0,137.0,0.36767602,130.0,131.0,0.3789898,114.0,128.0,0.3117998,148.0,122.0,0.4524164,107.0,108.0,0.54411924,179.0,84.0,0.5298004,97.0,79.0,0.38371503,160.0,97.0,0.20413345,117.0,99.0,0.059251487,157.0,112.0,0.221581,135.0,110.0,0.22715795,147.0,169.0,0.25453177,145.0,167.0,0.3375182,141.0,217.0,0.57055366,141.0,216.0,0.2033651
guy3_warrior076_flipped.jpg,148.0,165.0,0.40945122,153.0,161.0,0.5341488,145.0,161.0,0.52433527,161.0,146.0,0.55142236,136.0,152.0,0.42445695,169.0,131.0,0.7369476,110.0,141.0,0.4812606,173.0,91.0,0.7175479,80.0,99.0,0.51223016,155.0,112.0,0.14160964,110.0,105.0,0.1545213,127.0,114.0,0.653157,99.0,120.0,0.3519161,129.0,151.0,0.044648442,116.0,197.0,0.65267944,120.0,142.0,0.058710374,105.0,120.0,0.3225232
guy3_warrior077.jpg,119.0,144.0,0.37647954,121.0,142.0,0.41117513,117.0,141.0,0.427706,130.0,135.0,0.40284622,118.0,131.0,0.2960011,148.0,130.0,0.34899038,112.0,114.0,0.29123217,182.0,92.0,0.5108235,101.0,85.0,0.4012131,161.0,105.0,0.19614336,109.0,106.0,0.07062964,159.0,124.0,0.26907566,145.0,119.0,0.1477277,150.0,174.0,0.3977841,147.0,169.0,0.30352533,144.0,218.0,0.615374,145.0,217.0,0.16249208
guy3_warrior077_flipped.jpg,125.0,148.0,0.49462736,128.0,145.0,0.5575296,122.0,145.0,0.62403625,133.0,133.0,0.59537864,113.0,135.0,0.6177666,137.0,122.0,0.6430994,93.0,126.0,0.43852684,143.0,88.0,0.637778,66.0,93.0,0.77518773,136.0,104.0,0.24319412,80.0,105.0,0.23355174,109.0,110.0,0.5083307,86.0,115.0,0.44866195,101.0,168.0,0.21577178,94.0,170.0,0.7370784,102.0,210.0,0.057997975,102.0,214.0,0.6787399
guy3_warrior078.jpg,116.0,144.0,0.44413808,118.0,142.0,0.40538958,113.0,141.0,0.4896279,130.0,134.0,0.48608735,116.0,131.0,0.35300747,149.0,126.0,0.37539896,109.0,116.0,0.4293311,182.0,93.0,0.5687736,101.0,88.0,0.38540113,162.0,101.0,0.18752934,105.0,109.0,0.1088962,160.0,118.0,0.2265039,143.0,112.0,0.26916358,152.0,176.0,0.29870743,147.0,171.0,0.27889428,145.0,220.0,0.5767839,146.0,219.0,0.14928691
guy3_warrior078_flipped.jpg,124.0,146.0,0.50245965,128.0,143.0,0.4686935,122.0,143.0,0.32516843,133.0,132.0,0.57250726,116.0,133.0,0.57856524,137.0,123.0,0.61832595,93.0,126.0,0.4586769,144.0,85.0,0.72161573,65.0,92.0,0.84431577,135.0,111.0,0.19019033,81.0,107.0,0.32579255,106.0,108.0,0.5148425,82.0,110.0,0.439229,99.0,165.0,0.1765096,93.0,162.0,0.6437686,92.0,119.0,0.07335424,101.0,216.0,0.5383432
guy3_warrior079.jpg,129.0,142.0,0.34287867,130.0,140.0,0.45535302,127.0,139.0,0.35175005,136.0,133.0,0.36894077,127.0,130.0,0.26427704,157.0,126.0,0.39894137,125.0,120.0,0.3971803,189.0,97.0,0.5646035,114.0,92.0,0.30921647,177.0,97.0,0.17500652,116.0,102.0,0.19347548,171.0,119.0,0.30996466,157.0,117.0,0.14881116,162.0,174.0,0.44482508,159.0,170.0,0.40177092,156.0,217.0,0.33894032,157.0,216.0,0.19866867
guy3_warrior079_flipped.jpg,127.0,145.0,0.517619,130.0,142.0,0.28464818,124.0,142.0,0.46561906,135.0,131.0,0.4370924,116.0,132.0,0.43534052,139.0,122.0,0.4930989,92.0,126.0,0.5072184,143.0,87.0,0.7302615,62.0,95.0,0.70647603,139.0,102.0,0.13376518,76.0,104.0,0.34497687,102.0,105.0,0.35853222,80.0,108.0,0.29440874,98.0,169.0,0.30006945,93.0,170.0,0.6641118,95.0,179.0,0.024027923,99.0,216.0,0.61872387
guy3_warrior080.jpg,127.0,140.0,0.33563888,129.0,138.0,0.38601297,125.0,137.0,0.4181918,137.0,131.0,0.40845874,127.0,128.0,0.36736837,157.0,126.0,0.40366748,124.0,119.0,0.34757474,189.0,96.0,0.44741565,113.0,92.0,0.31506714,176.0,101.0,0.26486796,114.0,99.0,0.2038164,170.0,119.0,0.24373928,157.0,115.0,0.11197867,162.0,174.0,0.5355401,158.0,169.0,0.40887347,156.0,218.0,0.5398755,157.0,216.0,0.12288467
guy3_warrior080_flipped.jpg,127.0,144.0,0.41861454,131.0,141.0,0.27613312,124.0,142.0,0.43856278,136.0,130.0,0.5657978,116.0,130.0,0.5765475,139.0,121.0,0.29247138,93.0,124.0,0.36282638,145.0,89.0,0.7917206,62.0,97.0,0.62019885,139.0,110.0,0.090680994,80.0,105.0,0.3184201,109.0,108.0,0.29347318,84.0,113.0,0.22966096,98.0,172.0,0.20540187,92.0,173.0,0.6867164,99.0,215.0,0.07017955,99.0,217.0,0.5857693
guy3_warrior081.jpg,126.0,138.0,0.476182,128.0,137.0,0.415162,124.0,136.0,0.40216085,135.0,129.0,0.4419033,125.0,126.0,0.28835166,157.0,124.0,0.35298842,125.0,115.0,0.3788526,191.0,98.0,0.3178757,114.0,95.0,0.24346076,188.0,99.0,0.3307466,111.0,95.0,0.2665588,171.0,117.0,0.2853854,156.0,115.0,0.10245103,163.0,174.0,0.48657265,159.0,170.0,0.3314976,157.0,218.0,0.4892039,158.0,216.0,0.20779729
guy3_warrior081_flipped.jpg,128.0,143.0,0.42948422,132.0,140.0,0.514544,126.0,140.0,0.5139227,137.0,128.0,0.57607913,116.0,130.0,0.53924507,141.0,122.0,0.5766714,92.0,125.0,0.49535704,142.0,90.0,0.73367965,61.0,98.0,0.7499651,142.0,98.0,0.31489894,80.0,107.0,0.41369972,107.0,108.0,0.37649542,82.0,113.0,0.43204874,98.0,169.0,0.17639583,91.0,171.0,0.7910663,98.0,215.0,0.07019772,98.0,216.0,0.8225967
guy3_warrior082.jpg,127.0,139.0,0.48906136,128.0,137.0,0.47698745,123.0,137.0,0.3742045,136.0,128.0,0.4710494,125.0,126.0,0.31938908,160.0,122.0,0.31002882,124.0,113.0,0.37486467,186.0,101.0,0.22317542,116.0,100.0,0.31839228,188.0,100.0,0.38083735,110.0,97.0,0.29778624,171.0,117.0,0.31780407,156.0,112.0,0.07378191,164.0,173.0,0.35230637,159.0,168.0,0.24268626,158.0,218.0,0.44632614,159.0,217.0,0.23793206
guy3_warrior082_flipped.jpg,129.0,140.0,0.4999138,134.0,137.0,0.49796858,126.0,137.0,0.54741955,138.0,128.0,0.47831067,117.0,128.0,0.5578953,139.0,117.0,0.48073226,93.0,122.0,0.30670655,144.0,92.0,0.72984886,59.0,100.0,0.72431624,143.0,102.0,0.21922627,77.0,107.0,0.24773814,105.0,109.0,0.3405195,84.0,114.0,0.29536262,95.0,171.0,0.118875764,91.0,173.0,0.5303246,97.0,217.0,0.10049038,96.0,218.0,0.6301233
guy3_warrior083.jpg,116.0,138.0,0.42997497,117.0,136.0,0.50288296,112.0,135.0,0.38457415,127.0,127.0,0.43993974,114.0,124.0,0.3168303,150.0,123.0,0.40780547,114.0,113.0,0.49621543,188.0,104.0,0.26157,102.0,98.0,0.34344798,185.0,104.0,0.3773193,97.0,99.0,0.29580045,166.0,120.0,0.21877098,150.0,118.0,0.09618431,156.0,173.0,0.4297299,152.0,168.0,0.3224439,151.0,219.0,0.56357753,151.0,217.0,0.11238358
guy3_warrior083_flipped.jpg,128.0,138.0,0.3556712,133.0,135.0,0.31800961,126.0,135.0,0.39192572,138.0,126.0,0.48510978,118.0,126.0,0.56068236,138.0,114.0,0.35680586,94.0,122.0,0.31086615,145.0,94.0,0.4271768,60.0,103.0,0.64523876,146.0,100.0,0.33875164,73.0,106.0,0.14262043,101.0,111.0,0.19030252,82.0,115.0,0.20403993,94.0,170.0,0.20115592,90.0,172.0,0.5384271,96.0,215.0,0.08410072,96.0,218.0,0.4775199
guy3_warrior084.jpg,115.0,135.0,0.5249587,116.0,133.0,0.532269,112.0,131.0,0.31764898,124.0,123.0,0.50291073,113.0,119.0,0.37020886,150.0,123.0,0.57108146,116.0,112.0,0.51304173,188.0,104.0,0.2726982,119.0,105.0,0.088372104,180.0,105.0,0.410364,96.0,100.0,0.27897877,176.0,113.0,0.2928581,158.0,110.0,0.26787978,157.0,172.0,0.5807811,154.0,164.0,0.42995718,151.0,220.0,0.6212661,151.0,218.0,0.16518
guy3_warrior084_flipped.jpg,128.0,137.0,0.49017859,134.0,133.0,0.46383077,126.0,132.0,0.57663494,138.0,125.0,0.4488569,119.0,124.0,0.4946647,139.0,113.0,0.5115943,95.0,123.0,0.33508953,146.0,97.0,0.4179309,59.0,105.0,0.5500177,149.0,98.0,0.30404314,77.0,116.0,0.07639191,97.0,113.0,0.15585385,77.0,114.0,0.23076323,93.0,172.0,0.27757484,89.0,173.0,0.5070782,96.0,216.0,0.10025612,95.0,218.0,0.5605469
guy3_warrior085.jpg,113.0,134.0,0.53424084,114.0,133.0,0.5818764,110.0,132.0,0.47437444,124.0,123.0,0.48544365,113.0,119.0,0.27393708,148.0,126.0,0.34896976,122.0,112.0,0.41033813,189.0,108.0,0.23248447,148.0,104.0,0.20761418,167.0,124.0,0.19869615,150.0,112.0,0.08905511,168.0,124.0,0.44392306,159.0,120.0,0.24833472,158.0,174.0,0.49616703,155.0,167.0,0.40412518,152.0,218.0,0.59294003,153.0,216.0,0.19056119
guy3_warrior085_flipped.jpg,144.0,135.0,0.47469512,148.0,132.0,0.40873602,143.0,132.0,0.33070835,149.0,125.0,0.29871735,136.0,123.0,0.33758315,142.0,119.0,0.25853842,114.0,126.0,0.23527178,132.0,111.0,0.18499364,67.0,109.0,0.40641588,105.0,112.0,0.08306891,77.0,116.0,0.11189053,105.0,109.0,0.13311931,84.0,113.0,0.22551548,102.0,170.0,0.41182873,98.0,170.0,0.38333926,105.0,215.0,0.20242038,104.0,218.0,0.42677534
guy3_warrior086.jpg,121.0,133.0,0.55471015,123.0,130.0,0.46247742,118.0,129.0,0.46715719,134.0,121.0,0.47884884,122.0,121.0,0.15794544,154.0,121.0,0.38257983,132.0,113.0,0.29401526,176.0,117.0,0.15813331,159.0,104.0,0.13189408,180.0,118.0,0.20829563,180.0,103.0,0.20133817,182.0,118.0,0.21374284,167.0,118.0,0.13308077,167.0,171.0,0.48055553,163.0,168.0,0.2879467,160.0,220.0,0.57369876,161.0,218.0,0.16967265
guy3_warrior086_flipped.jpg,147.0,130.0,0.51620704,152.0,125.0,0.4968975,146.0,126.0,0.57056963,153.0,118.0,0.25085813,137.0,117.0,0.43298113,146.0,112.0,0.34379527,115.0,117.0,0.26184455,140.0,117.0,0.09836369,64.0,104.0,0.5191571,130.0,123.0,0.03869077,85.0,119.0,0.18508317,100.0,111.0,0.21650676,83.0,112.0,0.25264543,102.0,170.0,0.40114954,98.0,171.0,0.37577948,106.0,217.0,0.19396235,106.0,220.0,0.6796801
guy3_warrior087.jpg,121.0,133.0,0.5365412,122.0,129.0,0.48620468,117.0,128.0,0.4483643,132.0,120.0,0.44690415,120.0,120.0,0.23783644,154.0,121.0,0.28747547,131.0,112.0,0.2885574,177.0,116.0,0.09260506,162.0,103.0,0.20675345,184.0,107.0,0.32674927,181.0,103.0,0.16523784,182.0,117.0,0.25060946,167.0,117.0,0.12948348,167.0,171.0,0.50268674,162.0,167.0,0.31457853,161.0,220.0,0.6544709,162.0,217.0,0.15209986
guy3_warrior087_flipped.jpg,135.0,131.0,0.4660363,138.0,127.0,0.3259834,133.0,127.0,0.44074664,138.0,121.0,0.26004186,123.0,120.0,0.30366093,133.0,116.0,0.36956906,97.0,120.0,0.2576518,123.0,115.0,0.072444156,55.0,113.0,0.5894338,74.0,104.0,0.13734059,80.0,128.0,0.16214386,89.0,110.0,0.17786174,70.0,111.0,0.26081634,92.0,160.0,0.10960071,88.0,170.0,0.3771351,94.0,217.0,0.22180736,94.0,219.0,0.6715879
guy3_warrior088.jpg,101.0,132.0,0.39926016,102.0,127.0,0.5080287,96.0,128.0,0.37045294,112.0,116.0,0.29719988,98.0,119.0,0.15055569,133.0,117.0,0.4233542,113.0,109.0,0.3780253,157.0,130.0,0.18831867,128.0,107.0,0.07651569,164.0,126.0,0.18344031,164.0,107.0,0.15864629,170.0,118.0,0.25123933,152.0,117.0,0.16073748,155.0,172.0,0.54280114,150.0,170.0,0.36074984,148.0,221.0,0.5784936,149.0,220.0,0.20107315
guy3_warrior088_flipped.jpg,134.0,132.0,0.46452352,139.0,128.0,0.40319455,131.0,128.0,0.32596934,141.0,120.0,0.2527935,122.0,119.0,0.5401205,141.0,115.0,0.33195752,98.0,122.0,0.20366494,121.0,111.0,0.05437644,56.0,115.0,0.50340295,70.0,96.0,0.19190629,75.0,129.0,0.12603278,92.0,109.0,0.16437162,72.0,113.0,0.21435669,93.0,168.0,0.24419138,87.0,170.0,0.48749354,94.0,217.0,0.21279167,93.0,219.0,0.6147057
guy3_warrior089.jpg,101.0,130.0,0.533375,104.0,125.0,0.4737673,96.0,126.0,0.43295977,116.0,113.0,0.50080776,97.0,117.0,0.22668318,139.0,115.0,0.40240872,104.0,110.0,0.31013644,188.0,116.0,0.25738385,84.0,110.0,0.28243947,160.0,133.0,0.27826497,78.0,111.0,0.4812142,171.0,120.0,0.39418966,147.0,121.0,0.3113178,157.0,174.0,0.3377766,152.0,173.0,0.3435827,152.0,222.0,0.4448655,151.0,219.0,0.27734652
guy3_warrior089_flipped.jpg,135.0,130.0,0.5013027,140.0,126.0,0.48003155,134.0,125.0,0.613446,140.0,120.0,0.16340102,124.0,116.0,0.41774377,134.0,117.0,0.3422782,98.0,118.0,0.18534477,143.0,119.0,0.09948356,57.0,118.0,0.64830935,154.0,113.0,0.23615678,79.0,132.0,0.1476339,88.0,112.0,0.18137532,72.0,113.0,0.2544511,92.0,167.0,0.17449905,87.0,170.0,0.4251952,93.0,216.0,0.12217165,92.0,219.0,0.5704886
guy3_warrior090.jpg,119.0,125.0,0.59491897,121.0,120.0,0.48541436,113.0,121.0,0.5135988,130.0,111.0,0.43724808,112.0,115.0,0.23638551,150.0,113.0,0.24174492,120.0,110.0,0.31133112,194.0,119.0,0.40115437,97.0,110.0,0.40645275,168.0,135.0,0.451345,109.0,129.0,0.2850125,185.0,124.0,0.36351338,163.0,125.0,0.3296491,168.0,173.0,0.42090687,164.0,173.0,0.36435527,164.0,219.0,0.45031983,163.0,216.0,0.26556572
guy3_warrior090_flipped.jpg,134.0,128.0,0.42745805,140.0,124.0,0.43892044,133.0,123.0,0.52950555,142.0,118.0,0.28209534,125.0,112.0,0.42527825,138.0,119.0,0.31198457,103.0,116.0,0.23091605,161.0,112.0,0.34773454,57.0,121.0,0.60880136,150.0,124.0,0.15627854,86.0,137.0,0.32656562,91.0,119.0,0.14165115,72.0,117.0,0.26427367,92.0,168.0,0.2642252,87.0,171.0,0.5527265,92.0,213.0,0.09725414,92.0,219.0,0.54644686
guy3_warrior091.jpg,119.0,123.0,0.45261928,120.0,118.0,0.46774197,114.0,118.0,0.42244744,129.0,108.0,0.6062782,112.0,111.0,0.25862437,152.0,108.0,0.23072839,112.0,108.0,0.4736969,195.0,120.0,0.45345488,91.0,110.0,0.47185376,165.0,138.0,0.44753027,110.0,133.0,0.28331527,183.0,123.0,0.35321426,160.0,121.0,0.39108974,168.0,172.0,0.50126517,164.0,172.0,0.4003105,164.0,217.0,0.54774606,164.0,215.0,0.21879087
guy3_warrior091_flipped.jpg,150.0,124.0,0.50119543,156.0,119.0,0.4566727,149.0,119.0,0.65532005,155.0,109.0,0.5303005,140.0,108.0,0.5200787,152.0,106.0,0.30763078,112.0,109.0,0.4883516,183.0,108.0,0.80715126,65.0,119.0,0.7754963,161.0,130.0,0.7652725,99.0,138.0,0.38407576,105.0,120.0,0.29034406,83.0,116.0,0.44987828,97.0,169.0,0.62547916,96.0,169.0,0.49887118,101.0,215.0,0.1638757,101.0,218.0,0.85124475
guy3_warrior092.jpg,117.0,123.0,0.50726014,119.0,118.0,0.5911599,112.0,118.0,0.4332709,128.0,107.0,0.69307554,111.0,109.0,0.3001367,149.0,109.0,0.4598059,112.0,106.0,0.40217254,192.0,121.0,0.60527,89.0,109.0,0.5439342,162.0,141.0,0.6080948,106.0,134.0,0.24956058,184.0,120.0,0.34519413,163.0,114.0,0.30381972,168.0,172.0,0.52195895,164.0,170.0,0.33490875,163.0,218.0,0.6810229,164.0,214.0,0.28405336
guy3_warrior092_flipped.jpg,157.0,123.0,0.5870913,162.0,118.0,0.6667368,154.0,117.0,0.75920343,160.0,109.0,0.553803,143.0,106.0,0.72551477,162.0,101.0,0.59665227,114.0,106.0,0.5355072,189.0,106.0,0.78444874,70.0,120.0,0.8351626,170.0,132.0,0.7525783,105.0,141.0,0.56321317,110.0,119.0,0.39930764,86.0,117.0,0.6899594,100.0,168.0,0.39638036,97.0,169.0,0.6309628,70.0,89.0,0.6201256,102.0,218.0,0.87309027
guy3_warrior093.jpg,115.0,121.0,0.61139363,118.0,116.0,0.5819478,111.0,116.0,0.4853416,127.0,106.0,0.611485,110.0,108.0,0.3843591,151.0,108.0,0.37288487,110.0,103.0,0.28015718,188.0,121.0,0.5483715,85.0,107.0,0.62923145,161.0,142.0,0.56162405,101.0,134.0,0.29386166,179.0,118.0,0.35821807,155.0,114.0,0.28284752,169.0,171.0,0.49703142,165.0,170.0,0.38875297,164.0,218.0,0.6163625,164.0,215.0,0.19625606
guy3_warrior093_flipped.jpg,155.0,125.0,0.6277206,160.0,119.0,0.44930518,154.0,118.0,0.4956153,157.0,110.0,0.4446181,141.0,108.0,0.662647,154.0,105.0,0.55377865,112.0,107.0,0.51737654,189.0,108.0,0.7694168,72.0,122.0,0.8144085,170.0,136.0,0.70141196,104.0,147.0,0.65713227,109.0,112.0,0.4937292,87.0,113.0,0.6342163,95.0,134.0,0.07008381,96.0,172.0,0.64172065,101.0,146.0,0.24763314,100.0,220.0,0.8150424
guy3_warrior094.jpg,113.0,120.0,0.6211848,116.0,115.0,0.49869812,109.0,116.0,0.6090703,127.0,104.0,0.5479722,110.0,106.0,0.4054465,150.0,107.0,0.41314313,110.0,101.0,0.3627922,184.0,118.0,0.47659853,81.0,106.0,0.67107016,156.0,143.0,0.4765362,96.0,133.0,0.331096,178.0,119.0,0.46746737,153.0,115.0,0.40290445,169.0,168.0,0.54121244,165.0,166.0,0.31185338,165.0,219.0,0.734478,165.0,216.0,0.24529156
guy3_warrior094_flipped.jpg,140.0,121.0,0.7209238,145.0,115.0,0.58875847,138.0,115.0,0.573834,143.0,106.0,0.45993003,127.0,106.0,0.54510766,146.0,100.0,0.6701542,101.0,107.0,0.60613817,173.0,105.0,0.738456,69.0,120.0,0.75609994,160.0,133.0,0.73993444,98.0,144.0,0.4503119,101.0,115.0,0.30738336,79.0,113.0,0.5794066,87.0,164.0,0.35947728,87.0,167.0,0.52105826,95.0,149.0,0.12707381,90.0,218.0,0.7818784
guy3_warrior095.jpg,112.0,120.0,0.56381786,115.0,114.0,0.72561216,107.0,114.0,0.5840236,127.0,101.0,0.66156274,108.0,104.0,0.5373471,151.0,106.0,0.530601,108.0,99.0,0.47090802,181.0,116.0,0.7290395,80.0,104.0,0.74733204,155.0,143.0,0.59526944,90.0,133.0,0.62118304,177.0,112.0,0.515459,150.0,106.0,0.35297254,169.0,168.0,0.71818274,166.0,163.0,0.29025602,164.0,218.0,0.73660296,201.0,91.0,0.59494555
guy3_warrior095_flipped.jpg,155.0,122.0,0.6596713,159.0,116.0,0.6092229,152.0,115.0,0.5357817,155.0,107.0,0.5110021,139.0,104.0,0.5394381,152.0,102.0,0.66281277,113.0,104.0,0.73107874,189.0,104.0,0.75929475,79.0,119.0,0.861006,178.0,132.0,0.7240461,108.0,145.0,0.66094923,107.0,114.0,0.5494844,85.0,114.0,0.7416806,81.0,116.0,0.33619973,93.0,170.0,0.67334354,60.0,90.0,0.8294076,97.0,221.0,0.9113837
guy3_warrior096.jpg,110.0,118.0,0.74381715,114.0,112.0,0.68688315,106.0,113.0,0.7360368,126.0,100.0,0.7450259,107.0,102.0,0.38638997,148.0,104.0,0.6583194,107.0,96.0,0.5123118,176.0,113.0,0.70465434,79.0,101.0,0.75544095,149.0,145.0,0.53543484,84.0,129.0,0.57347643,174.0,113.0,0.4848001,150.0,106.0,0.3449737,170.0,166.0,0.77038765,188.0,100.0,0.29038495,165.0,217.0,0.8122327,203.0,92.0,0.73922706
guy3_warrior096_flipped.jpg,143.0,117.0,0.6006439,148.0,112.0,0.53999966,140.0,111.0,0.5964712,146.0,104.0,0.5983653,128.0,102.0,0.69543016,148.0,99.0,0.6423861,106.0,102.0,0.64178115,178.0,100.0,0.89657205,77.0,114.0,0.61264765,171.0,130.0,0.6804203,105.0,146.0,0.543066,102.0,112.0,0.42780212,77.0,113.0,0.57684594,77.0,112.0,0.47458088,85.0,167.0,0.57444066,53.0,90.0,0.6600367,90.0,218.0,0.7056576
guy3_warrior097.jpg,109.0,116.0,0.74972844,112.0,110.0,0.749823,105.0,111.0,0.5872475,123.0,98.0,0.84818053,107.0,101.0,0.5558243,146.0,103.0,0.53506327,110.0,95.0,0.41957933,171.0,113.0,0.68382597,78.0,100.0,0.82195014,143.0,145.0,0.44944534,79.0,130.0,0.77197415,176.0,112.0,0.54228455,158.0,105.0,0.38969252,170.0,165.0,0.82986844,188.0,101.0,0.38435766,165.0,217.0,0.76604736,205.0,92.0,0.7458025
guy3_warrior097_flipped.jpg,144.0,114.0,0.5725174,149.0,110.0,0.48959252,141.0,110.0,0.6239612,148.0,101.0,0.45377862,130.0,101.0,0.5570906,149.0,98.0,0.5895994,109.0,102.0,0.47257364,178.0,100.0,0.819602,82.0,113.0,0.4208228,176.0,129.0,0.67837715,110.0,144.0,0.4432885,101.0,115.0,0.3751997,79.0,113.0,0.4796197,89.0,160.0,0.22070134,86.0,167.0,0.5478451,52.0,92.0,0.563712,89.0,217.0,0.5334624
guy3_warrior098.jpg,108.0,115.0,0.66946614,111.0,109.0,0.753335,104.0,110.0,0.64729214,122.0,96.0,0.6515435,105.0,100.0,0.5954093,148.0,102.0,0.48397487,106.0,97.0,0.4957318,169.0,111.0,0.59714377,77.0,101.0,0.7736316,137.0,144.0,0.52681637,72.0,129.0,0.6449439,175.0,113.0,0.6367363,159.0,107.0,0.3767874,170.0,165.0,0.8420239,189.0,101.0,0.40183184,166.0,216.0,0.7344059,207.0,93.0,0.7748536
guy3_warrior098_flipped.jpg,145.0,114.0,0.71374774,150.0,110.0,0.64410937,143.0,109.0,0.5240073,149.0,101.0,0.56339836,131.0,99.0,0.59830654,149.0,100.0,0.46444324,109.0,100.0,0.6046319,179.0,98.0,0.7262368,85.0,113.0,0.48129702,181.0,129.0,0.7978279,117.0,143.0,0.5456791,97.0,112.0,0.51971126,78.0,112.0,0.6589085,82.0,111.0,0.3066498,86.0,165.0,0.57565296,51.0,92.0,0.58896554,88.0,216.0,0.5725225
guy3_warrior099.jpg,107.0,113.0,0.78681463,110.0,108.0,0.7060773,103.0,108.0,0.63443404,121.0,95.0,0.7386165,106.0,97.0,0.5570661,147.0,100.0,0.6686068,108.0,94.0,0.5743987,158.0,113.0,0.43120092,73.0,98.0,0.71382153,129.0,142.0,0.5185236,65.0,128.0,0.68978083,175.0,112.0,0.66194844,162.0,106.0,0.40697554,170.0,164.0,0.79183316,186.0,103.0,0.33360735,166.0,214.0,0.793273,210.0,92.0,0.78300625
guy3_warrior099_flipped.jpg,146.0,112.0,0.65212196,150.0,108.0,0.61439466,143.0,108.0,0.5640763,147.0,100.0,0.46628654,131.0,98.0,0.5537412,148.0,97.0,0.45861033,107.0,100.0,0.5775533,181.0,99.0,0.69712883,95.0,112.0,0.32955956,189.0,127.0,0.7327066,124.0,140.0,0.54608965,95.0,111.0,0.5017315,80.0,112.0,0.6426295,89.0,160.0,0.25370345,85.0,165.0,0.54086876,51.0,91.0,0.6794642,88.0,216.0,0.54351765
guy3_warrior100.jpg,107.0,111.0,0.4994268,109.0,106.0,0.72476864,102.0,106.0,0.5484232,121.0,94.0,0.82915014,104.0,96.0,0.23610626,145.0,101.0,0.5718411,108.0,91.0,0.43845883,146.0,112.0,0.29339865,74.0,100.0,0.65559167,122.0,138.0,0.48326093,58.0,124.0,0.5569914,174.0,113.0,0.49650565,156.0,109.0,0.4146027,170.0,164.0,0.5919578,188.0,101.0,0.19839491,167.0,215.0,0.7011355,211.0,94.0,0.54014134
guy3_warrior100_flipped.jpg,148.0,112.0,0.64846206,152.0,107.0,0.5005046,145.0,107.0,0.7286726,148.0,98.0,0.60395306,133.0,97.0,0.612046,147.0,94.0,0.4932643,109.0,99.0,0.52461004,182.0,101.0,0.76622546,108.0,113.0,0.3575513,197.0,123.0,0.79574037,132.0,137.0,0.6113366,91.0,111.0,0.5279486,78.0,112.0,0.76618683,87.0,160.0,0.37590748,84.0,165.0,0.60139817,48.0,91.0,0.55687505,88.0,215.0,0.68961626
guy3_warrior101.jpg,105.0,110.0,0.6569526,107.0,105.0,0.64101106,100.0,105.0,0.56753373,119.0,92.0,0.7449534,104.0,94.0,0.1710849,142.0,101.0,0.55077356,107.0,89.0,0.47408852,140.0,113.0,0.4548776,72.0,99.0,0.6383773,114.0,133.0,0.56420726,52.0,118.0,0.6254735,175.0,115.0,0.54312307,162.0,110.0,0.27321887,170.0,163.0,0.5432,186.0,103.0,0.0877388,167.0,213.0,0.7925348,211.0,92.0,0.56338954
guy3_warrior101_flipped.jpg,149.0,110.0,0.72602046,153.0,106.0,0.70080054,148.0,105.0,0.6649277,150.0,97.0,0.51944196,135.0,95.0,0.5708959,145.0,93.0,0.45324278,113.0,98.0,0.5031205,185.0,100.0,0.54521096,115.0,111.0,0.39134932,203.0,118.0,0.82274437,140.0,132.0,0.52045476,88.0,113.0,0.52096033,78.0,112.0,0.70689446,86.0,162.0,0.49716926,85.0,164.0,0.44797897,87.0,213.0,0.37598845,87.0,214.0,0.44386503
guy3_warrior102.jpg,104.0,108.0,0.44253895,106.0,103.0,0.6742879,100.0,104.0,0.37742412,118.0,92.0,0.7193705,104.0,92.0,0.2722634,140.0,98.0,0.4148945,109.0,89.0,0.47068098,131.0,109.0,0.38235545,72.0,99.0,0.50642514,107.0,127.0,0.7359464,46.0,111.0,0.52160686,175.0,113.0,0.5629784,164.0,109.0,0.39367962,169.0,162.0,0.66293234,181.0,105.0,0.052627828,168.0,214.0,0.8162206,213.0,92.0,0.5849279
guy3_warrior102_flipped.jpg,150.0,109.0,0.7863673,153.0,105.0,0.7581907,149.0,104.0,0.74249196,148.0,94.0,0.5749044,137.0,93.0,0.77587247,143.0,92.0,0.5833523,112.0,94.0,0.62159836,185.0,98.0,0.68195605,118.0,107.0,0.36164552,208.0,112.0,0.6215807,147.0,126.0,0.6223141,88.0,112.0,0.663041,76.0,111.0,0.7246871,86.0,160.0,0.41459945,85.0,162.0,0.3424034,86.0,213.0,0.45648333,87.0,214.0,0.49448565
guy3_warrior103.jpg,102.0,108.0,0.69249713,105.0,103.0,0.76711637,99.0,103.0,0.59776795,117.0,90.0,0.8764798,103.0,93.0,0.42167452,140.0,94.0,0.7938625,108.0,91.0,0.4541029,127.0,104.0,0.27414954,70.0,95.0,0.69898117,102.0,118.0,0.8023459,43.0,105.0,0.6567321,177.0,112.0,0.60668635,165.0,109.0,0.44520378,170.0,161.0,0.7256858,189.0,101.0,0.1256523,168.0,214.0,0.84350723,213.0,92.0,0.5952681
guy3_warrior103_flipped.jpg,151.0,107.0,0.63319707,155.0,104.0,0.5206971,151.0,103.0,0.71458566,149.0,95.0,0.43104583,138.0,93.0,0.7075629,143.0,91.0,0.530338,114.0,94.0,0.65639,183.0,95.0,0.64390266,117.0,101.0,0.31702957,212.0,105.0,0.8215387,152.0,119.0,0.68482506,89.0,111.0,0.59574586,76.0,110.0,0.6586087,86.0,159.0,0.3499639,84.0,162.0,0.44715255,86.0,212.0,0.45529488,86.0,214.0,0.5215621
guy3_warrior104.jpg,105.0,106.0,0.5536654,107.0,100.0,0.44463888,101.0,102.0,0.56252754,117.0,89.0,0.88979626,105.0,91.0,0.4729479,140.0,92.0,0.7521065,109.0,91.0,0.69546545,134.0,97.0,0.268223,68.0,92.0,0.678897,99.0,110.0,0.79899955,38.0,102.0,0.62811565,178.0,112.0,0.5251563,169.0,110.0,0.46749508,170.0,160.0,0.73491776,194.0,100.0,0.12549007,169.0,213.0,0.8453362,215.0,91.0,0.5791298
guy3_warrior104_flipped.jpg,147.0,106.0,0.4343067,153.0,103.0,0.60230905,148.0,102.0,0.47828084,152.0,95.0,0.44386658,137.0,93.0,0.6502974,147.0,91.0,0.46855128,116.0,92.0,0.5789602,185.0,93.0,0.5630433,120.0,96.0,0.17817965,214.0,101.0,0.6155192,156.0,112.0,0.3145062,94.0,112.0,0.5893618,79.0,110.0,0.65732896,86.0,159.0,0.35105196,84.0,162.0,0.3627961,87.0,212.0,0.3149215,86.0,212.0,0.4283183
guy3_warrior105.jpg,101.0,102.0,0.4845463,103.0,97.0,0.36494255,98.0,98.0,0.55607015,113.0,89.0,0.7161057,102.0,89.0,0.45939663,137.0,92.0,0.53043246,105.0,88.0,0.7056264,123.0,96.0,0.20079762,70.0,90.0,0.8352602,94.0,102.0,0.8821813,35.0,99.0,0.72989976,178.0,111.0,0.57242656,171.0,107.0,0.47729275,169.0,159.0,0.63432527,200.0,93.0,0.2736445,168.0,211.0,0.864302,218.0,92.0,0.59159684
guy3_warrior105_flipped.jpg,146.0,104.0,0.35469437,153.0,101.0,0.45055932,146.0,101.0,0.40443084,152.0,95.0,0.4027849,138.0,94.0,0.36459148,148.0,88.0,0.4998255,116.0,90.0,0.3556664,185.0,91.0,0.7448741,116.0,90.0,0.07942237,221.0,99.0,0.69364166,160.0,104.0,0.3187409,93.0,109.0,0.38643068,79.0,108.0,0.65843606,86.0,159.0,0.39980492,53.0,95.0,0.20936029,86.0,211.0,0.48171046,36.0,89.0,0.44341502
guy3_warrior106.jpg,100.0,101.0,0.39784533,103.0,96.0,0.3635451,97.0,97.0,0.29680243,114.0,90.0,0.50734997,99.0,91.0,0.2245246,139.0,94.0,0.5216188,101.0,90.0,0.4239837,118.0,94.0,0.33583638,67.0,90.0,0.4292694,89.0,97.0,0.42330733,33.0,94.0,0.61034465,176.0,110.0,0.5305338,167.0,106.0,0.4751219,169.0,160.0,0.5318371,201.0,96.0,0.29598156,169.0,213.0,0.7811032,220.0,91.0,0.5577206
guy3_warrior106_flipped.jpg,149.0,105.0,0.39495206,156.0,100.0,0.3621497,149.0,101.0,0.42986247,156.0,94.0,0.32304487,141.0,93.0,0.29969627,153.0,92.0,0.3945952,117.0,93.0,0.3959503,186.0,91.0,0.43931675,131.0,91.0,0.08806534,223.0,96.0,0.5449484,164.0,95.0,0.18901199,93.0,108.0,0.48628202,81.0,107.0,0.60606503,70.0,102.0,0.30919984,57.0,99.0,0.21834992,86.0,211.0,0.3803915,35.0,89.0,0.30571988
guy3_warrior107.jpg,100.0,99.0,0.4231452,103.0,96.0,0.4144471,97.0,96.0,0.35575542,113.0,89.0,0.45644185,100.0,90.0,0.23640887,137.0,93.0,0.48653692,103.0,89.0,0.3912758,116.0,92.0,0.37242243,67.0,89.0,0.30212095,87.0,91.0,0.3490371,31.0,90.0,0.6056069,177.0,108.0,0.56574607,168.0,105.0,0.37615642,170.0,159.0,0.5125693,203.0,94.0,0.34559256,169.0,212.0,0.7160589,219.0,90.0,0.5785532
guy3_warrior107_flipped.jpg,151.0,103.0,0.42965272,157.0,98.0,0.51011837,151.0,98.0,0.45464802,155.0,92.0,0.3327191,143.0,92.0,0.4252667,151.0,91.0,0.39374804,117.0,93.0,0.42089045,186.0,88.0,0.41455615,137.0,90.0,0.09369652,221.0,91.0,0.61378133,166.0,91.0,0.29557803,90.0,107.0,0.42478222,80.0,106.0,0.6209829,69.0,102.0,0.2628909,61.0,100.0,0.18997914,85.0,211.0,0.3508933,85.0,212.0,0.34252363
guy3_warrior108.jpg,100.0,97.0,0.4419542,103.0,94.0,0.39827615,97.0,95.0,0.2933891,112.0,87.0,0.56415284,100.0,87.0,0.19013555,137.0,93.0,0.43473542,102.0,87.0,0.40750355,116.0,92.0,0.355773,65.0,86.0,0.41582674,85.0,90.0,0.43035942,33.0,87.0,0.54536676,177.0,109.0,0.5758388,168.0,105.0,0.42206994,170.0,158.0,0.5814538,201.0,94.0,0.3897517,169.0,213.0,0.76814735,222.0,92.0,0.5335723
guy3_warrior108_flipped.jpg,152.0,101.0,0.5048535,158.0,97.0,0.4415696,152.0,96.0,0.46705934,157.0,92.0,0.3699225,144.0,90.0,0.40630323,154.0,89.0,0.4370937,118.0,94.0,0.42265838,185.0,86.0,0.40927845,138.0,90.0,0.06088633,221.0,88.0,0.602438,168.0,89.0,0.1823823,93.0,107.0,0.45221758,81.0,106.0,0.55571634,72.0,102.0,0.29340667,63.0,102.0,0.21684806,85.0,211.0,0.396345,33.0,90.0,0.27675104
guy3_warrior109.jpg,99.0,98.0,0.45107195,102.0,95.0,0.47868988,96.0,95.0,0.39155975,112.0,87.0,0.5680829,99.0,87.0,0.19599324,136.0,93.0,0.47480956,102.0,87.0,0.42699155,114.0,92.0,0.25326934,69.0,86.0,0.28743157,84.0,88.0,0.43596354,35.0,86.0,0.63691294,177.0,109.0,0.594987,170.0,105.0,0.4492022,170.0,159.0,0.5992148,201.0,93.0,0.26996613,170.0,212.0,0.7506915,223.0,90.0,0.6448866
guy3_warrior109_flipped.jpg,155.0,99.0,0.45615864,160.0,95.0,0.52261865,154.0,95.0,0.44450128,157.0,91.0,0.39274824,144.0,88.0,0.4538539,151.0,91.0,0.41604108,117.0,95.0,0.37767768,187.0,86.0,0.22836164,103.0,101.0,0.026295481,221.0,87.0,0.67638177,171.0,88.0,0.13588248,91.0,107.0,0.4814244,80.0,105.0,0.6193299,71.0,102.0,0.23157546,60.0,98.0,0.20426643,85.0,212.0,0.48991734,31.0,90.0,0.2946199
guy3_warrior110.jpg,99.0,99.0,0.4995557,102.0,95.0,0.59495246,96.0,96.0,0.3382986,112.0,87.0,0.6663446,99.0,87.0,0.26052892,137.0,92.0,0.53915536,102.0,87.0,0.51603425,114.0,91.0,0.15572749,68.0,86.0,0.32792956,83.0,87.0,0.44093445,35.0,85.0,0.6321168,177.0,108.0,0.5100938,169.0,105.0,0.3970074,171.0,159.0,0.69329655,202.0,95.0,0.40628585,171.0,210.0,0.8690393,223.0,92.0,0.6361557
guy3_warrior110_flipped.jpg,153.0,98.0,0.554669,159.0,94.0,0.47934794,152.0,94.0,0.518765,159.0,88.0,0.33837584,143.0,86.0,0.49839512,154.0,89.0,0.5407064,121.0,90.0,0.41582844,188.0,85.0,0.2557677,115.0,86.0,0.056505058,220.0,86.0,0.6985402,170.0,87.0,0.1571684,92.0,108.0,0.5481894,81.0,106.0,0.57718307,85.0,159.0,0.36708584,57.0,97.0,0.21742712,85.0,210.0,0.48146164,31.0,90.0,0.3197604
guy3_warrior111.jpg,100.0,99.0,0.5124619,101.0,95.0,0.61055505,96.0,95.0,0.39661843,111.0,85.0,0.6049173,100.0,87.0,0.24402927,135.0,91.0,0.60834324,102.0,86.0,0.52023375,111.0,90.0,0.19976826,71.0,87.0,0.2993243,82.0,86.0,0.5466229,34.0,84.0,0.53998923,178.0,109.0,0.49008903,172.0,104.0,0.4639331,171.0,159.0,0.69396603,204.0,94.0,0.3799986,171.0,211.0,0.886458,227.0,91.0,0.6637553
guy3_warrior111_flipped.jpg,153.0,98.0,0.56274295,158.0,94.0,0.48613173,153.0,93.0,0.60218,156.0,88.0,0.3797605,144.0,86.0,0.5319177,150.0,89.0,0.4156592,120.0,90.0,0.44127893,178.0,87.0,0.31608152,143.0,87.0,0.16624594,221.0,84.0,0.59500325,172.0,85.0,0.2673747,90.0,106.0,0.49700397,80.0,105.0,0.6977143,84.0,158.0,0.44264522,57.0,97.0,0.23561834,84.0,210.0,0.4902945,29.0,88.0,0.33581814
guy3_warrior112.jpg,98.0,98.0,0.46544626,102.0,94.0,0.5786735,95.0,95.0,0.30694926,112.0,85.0,0.5480659,97.0,87.0,0.27463531,136.0,91.0,0.5120721,99.0,87.0,0.4465201,113.0,88.0,0.23019068,72.0,87.0,0.26730847,82.0,84.0,0.45771807,34.0,85.0,0.57813495,177.0,108.0,0.45827913,170.0,104.0,0.41313088,171.0,157.0,0.7240926,205.0,94.0,0.3308444,170.0,209.0,0.87424725,228.0,92.0,0.5900977
guy3_warrior112_flipped.jpg,156.0,96.0,0.46982872,160.0,93.0,0.4784957,155.0,92.0,0.470784,156.0,88.0,0.26299956,146.0,85.0,0.58223295,151.0,88.0,0.57396746,122.0,90.0,0.53187436,174.0,85.0,0.33677775,144.0,88.0,0.16303171,221.0,85.0,0.38463312,173.0,85.0,0.3087637,91.0,107.0,0.48197192,81.0,104.0,0.65046024,84.0,157.0,0.5389615,49.0,94.0,0.22409719,84.0,209.0,0.57302934,27.0,90.0,0.42527464
guy3_warrior113.jpg,99.0,99.0,0.49131975,102.0,95.0,0.6304446,95.0,96.0,0.38979188,110.0,85.0,0.6050553,98.0,87.0,0.42365885,136.0,89.0,0.69375026,101.0,85.0,0.5296829,111.0,87.0,0.39539024,68.0,87.0,0.28245538,80.0,84.0,0.43092343,34.0,84.0,0.5400322,179.0,109.0,0.6824398,172.0,104.0,0.52419806,172.0,158.0,0.757563,204.0,95.0,0.49701574,171.0,208.0,0.8690227,228.0,93.0,0.73065853
guy3_warrior113_flipped.jpg,155.0,97.0,0.41330606,160.0,93.0,0.5362068,154.0,92.0,0.5057197,157.0,87.0,0.24922484,144.0,84.0,0.53362477,151.0,87.0,0.52401245,121.0,90.0,0.48993713,174.0,85.0,0.27881175,145.0,87.0,0.16238147,222.0,84.0,0.4346585,173.0,85.0,0.32641393,92.0,107.0,0.48906294,81.0,105.0,0.6434169,84.0,157.0,0.5020713,48.0,95.0,0.29528114,83.0,209.0,0.52927697,28.0,91.0,0.47025847
guy3_warrior114.jpg,98.0,98.0,0.57263696,100.0,93.0,0.4684489,95.0,94.0,0.5010059,110.0,84.0,0.44775555,99.0,87.0,0.30756196,135.0,90.0,0.5637146,104.0,88.0,0.37878972,111.0,89.0,0.25603563,76.0,85.0,0.19787642,79.0,84.0,0.34709695,37.0,84.0,0.45135808,178.0,108.0,0.5738574,172.0,104.0,0.49035496,171.0,157.0,0.7371579,206.0,95.0,0.4690419,171.0,209.0,0.863487,230.0,93.0,0.7174295
guy3_warrior114_flipped.jpg,156.0,95.0,0.49362376,160.0,91.0,0.39159575,156.0,91.0,0.40499294,157.0,86.0,0.3544519,146.0,84.0,0.5176202,149.0,87.0,0.5401721,122.0,89.0,0.5766473,173.0,85.0,0.27003086,147.0,87.0,0.24520122,221.0,84.0,0.2957994,175.0,83.0,0.28089663,91.0,108.0,0.5060475,80.0,103.0,0.60410154,84.0,157.0,0.6574544,47.0,94.0,0.27161655,83.0,209.0,0.57699275,26.0,90.0,0.41631797
guy3_warrior115.jpg,98.0,97.0,0.54007316,100.0,92.0,0.49090317,95.0,93.0,0.4903765,110.0,84.0,0.45378894,99.0,86.0,0.25558862,133.0,89.0,0.6009053,104.0,87.0,0.38956073,110.0,87.0,0.2808696,75.0,83.0,0.31117117,79.0,83.0,0.45141074,36.0,83.0,0.50191593,179.0,108.0,0.6797093,173.0,104.0,0.5275427,172.0,157.0,0.7274264,207.0,96.0,0.45982003,172.0,208.0,0.87910897,231.0,93.0,0.6923393
guy3_warrior115_flipped.jpg,156.0,96.0,0.49884814,160.0,91.0,0.43499312,156.0,91.0,0.43900967,156.0,86.0,0.43455842,146.0,84.0,0.4906581,146.0,86.0,0.4807064,121.0,89.0,0.5569499,171.0,84.0,0.17996639,147.0,87.0,0.35883173,176.0,83.0,0.50701535,176.0,83.0,0.32817277,91.0,105.0,0.49002945,79.0,103.0,0.61231315,84.0,156.0,0.44136,49.0,97.0,0.30097225,82.0,209.0,0.53024054,24.0,91.0,0.39917582
guy3_warrior116.jpg,97.0,98.0,0.57746994,99.0,93.0,0.5805458,95.0,94.0,0.6158671,112.0,85.0,0.5562599,101.0,87.0,0.30006507,133.0,88.0,0.6092086,108.0,88.0,0.32057846,108.0,86.0,0.44408002,89.0,84.0,0.17904387,76.0,82.0,0.5821594,72.0,82.0,0.25878713,180.0,108.0,0.63270515,174.0,103.0,0.55473566,173.0,157.0,0.72971857,207.0,95.0,0.43724903,173.0,207.0,0.8899066,232.0,93.0,0.63405335
guy3_warrior116_flipped.jpg,156.0,96.0,0.48551503,160.0,92.0,0.502558,156.0,92.0,0.38457394,156.0,86.0,0.4611155,148.0,84.0,0.42348528,146.0,86.0,0.4568007,123.0,89.0,0.4987756,167.0,84.0,0.22219743,148.0,87.0,0.22674759,177.0,83.0,0.5588056,177.0,82.0,0.28611973,90.0,103.0,0.51404756,80.0,105.0,0.6319792,62.0,101.0,0.3159374,83.0,157.0,0.33262414,82.0,209.0,0.30919567,83.0,209.0,0.4046638
guy3_warrior117.jpg,97.0,97.0,0.6795764,100.0,92.0,0.5596208,95.0,93.0,0.7238821,111.0,83.0,0.6327913,100.0,85.0,0.48255715,134.0,88.0,0.7024795,106.0,87.0,0.5139557,107.0,86.0,0.40181768,90.0,84.0,0.20067047,75.0,82.0,0.6757941,72.0,81.0,0.34041548,179.0,107.0,0.72710484,173.0,102.0,0.6723535,173.0,156.0,0.61320096,201.0,99.0,0.3895388,173.0,207.0,0.92643046,233.0,93.0,0.7155832
guy3_warrior117_flipped.jpg,155.0,96.0,0.46063426,159.0,92.0,0.48942026,156.0,91.0,0.47074845,156.0,86.0,0.39041108,147.0,83.0,0.43084443,145.0,86.0,0.4059767,122.0,88.0,0.46847942,164.0,83.0,0.1550855,148.0,87.0,0.34555703,178.0,82.0,0.5380445,178.0,82.0,0.30412546,90.0,105.0,0.5745453,80.0,105.0,0.63196707,66.0,103.0,0.21770726,83.0,156.0,0.3125735,82.0,208.0,0.32676354,22.0,90.0,0.4216562
guy3_warrior118.jpg,98.0,96.0,0.65178585,100.0,92.0,0.5175659,95.0,92.0,0.6447091,110.0,82.0,0.60151833,100.0,84.0,0.4936979,133.0,87.0,0.6362848,106.0,84.0,0.39893913,104.0,83.0,0.5058578,89.0,81.0,0.2855328,72.0,81.0,0.67787385,70.0,80.0,0.39252374,179.0,108.0,0.7161995,174.0,102.0,0.4949069,173.0,157.0,0.74685943,209.0,96.0,0.5647485,174.0,208.0,0.90394497,235.0,94.0,0.74388546
guy3_warrior118_flipped.jpg,156.0,96.0,0.49549535,159.0,92.0,0.49361637,155.0,92.0,0.42340094,156.0,86.0,0.36276734,146.0,84.0,0.45320064,146.0,84.0,0.4951845,122.0,88.0,0.3881442,163.0,82.0,0.20690748,147.0,86.0,0.29930183,178.0,81.0,0.5163824,175.0,82.0,0.08985355,89.0,105.0,0.43280944,77.0,104.0,0.5248902,83.0,157.0,0.50806904,43.0,94.0,0.25771144,82.0,208.0,0.5057502,21.0,89.0,0.43132767
guy3_warrior119.jpg,99.0,96.0,0.56186825,100.0,92.0,0.43212909,96.0,93.0,0.38672465,110.0,83.0,0.44044727,100.0,84.0,0.43373522,133.0,88.0,0.54266775,108.0,84.0,0.27107614,104.0,83.0,0.38234565,86.0,81.0,0.27149117,72.0,80.0,0.53894687,70.0,79.0,0.3701649,180.0,108.0,0.63899547,174.0,104.0,0.549559,173.0,157.0,0.7067554,212.0,96.0,0.42557517,174.0,206.0,0.904411,237.0,95.0,0.66576755
guy3_warrior119_flipped.jpg,155.0,97.0,0.5498183,159.0,92.0,0.5431265,155.0,93.0,0.46221352,156.0,86.0,0.39780036,146.0,84.0,0.49686453,145.0,85.0,0.36788085,122.0,87.0,0.61374676,165.0,79.0,0.23551798,146.0,86.0,0.34474137,177.0,80.0,0.36948824,178.0,81.0,0.17331004,88.0,104.0,0.5315059,77.0,103.0,0.57408524,83.0,155.0,0.45916972,42.0,95.0,0.31801286,81.0,206.0,0.55665374,19.0,92.0,0.44765362
guy3_warrior120.jpg,100.0,97.0,0.5781878,102.0,92.0,0.53439045,96.0,93.0,0.52463126,112.0,84.0,0.5069012,101.0,87.0,0.31269896,133.0,88.0,0.45406863,109.0,84.0,0.21396643,103.0,82.0,0.37485814,89.0,80.0,0.27703357,73.0,79.0,0.44971976,71.0,79.0,0.31854498,179.0,109.0,0.5405687,172.0,104.0,0.5245918,173.0,157.0,0.71074337,211.0,96.0,0.414827,175.0,207.0,0.87511593,237.0,92.0,0.5673387
guy3_warrior120_flipped.jpg,154.0,96.0,0.5673573,158.0,92.0,0.50868076,154.0,91.0,0.464725,155.0,85.0,0.4416827,145.0,85.0,0.50791454,145.0,85.0,0.5559958,125.0,86.0,0.5973177,164.0,82.0,0.20833236,147.0,85.0,0.39393535,179.0,79.0,0.34294215,180.0,80.0,0.31043133,87.0,105.0,0.61926425,77.0,103.0,0.60346013,62.0,104.0,0.24972926,46.0,98.0,0.2160397,80.0,206.0,0.30963987,19.0,91.0,0.36971638
guy3_warrior121.jpg,100.0,97.0,0.5703411,101.0,93.0,0.5745214,96.0,93.0,0.5629611,111.0,84.0,0.5192412,101.0,87.0,0.3499161,133.0,88.0,0.5719218,110.0,84.0,0.21024768,103.0,82.0,0.5035798,86.0,82.0,0.34920597,73.0,79.0,0.5899666,71.0,78.0,0.37645525,180.0,108.0,0.6589203,175.0,104.0,0.53690255,174.0,157.0,0.7429573,211.0,97.0,0.3976132,175.0,206.0,0.86350983,237.0,92.0,0.47169027
guy3_warrior121_flipped.jpg,154.0,97.0,0.59572136,158.0,93.0,0.5058346,154.0,92.0,0.52053607,155.0,86.0,0.4176547,145.0,83.0,0.4736359,145.0,85.0,0.5398321,125.0,86.0,0.6204425,165.0,83.0,0.19705556,147.0,85.0,0.49507618,178.0,79.0,0.37523016,178.0,80.0,0.38400045,87.0,104.0,0.5735802,77.0,104.0,0.6017652,60.0,103.0,0.3299566,82.0,156.0,0.36391044,80.0,207.0,0.27991694,19.0,93.0,0.32440317
guy3_warrior122.jpg,100.0,97.0,0.5172097,101.0,92.0,0.54708195,96.0,93.0,0.5459461,111.0,84.0,0.48731956,102.0,87.0,0.36682063,132.0,89.0,0.53331804,107.0,86.0,0.33719647,103.0,82.0,0.46352458,86.0,83.0,0.37015232,71.0,77.0,0.5007765,68.0,77.0,0.39233184,181.0,109.0,0.6022593,176.0,105.0,0.43749803,174.0,157.0,0.71543074,211.0,98.0,0.35810903,175.0,206.0,0.83064944,238.0,94.0,0.5609951
guy3_warrior122_flipped.jpg,154.0,97.0,0.5606339,158.0,93.0,0.5175899,155.0,92.0,0.44200101,154.0,86.0,0.35485077,146.0,83.0,0.42679062,142.0,86.0,0.31933433,125.0,85.0,0.59218854,164.0,83.0,0.15951298,147.0,83.0,0.4384447,178.0,80.0,0.2894898,179.0,78.0,0.50009507,87.0,106.0,0.6071638,77.0,104.0,0.64308155,62.0,103.0,0.28293914,42.0,99.0,0.18585037,79.0,206.0,0.3899551,17.0,92.0,0.32585806
guy3_warrior123.jpg,100.0,99.0,0.49035615,101.0,94.0,0.52503717,96.0,95.0,0.51614493,111.0,86.0,0.5990745,102.0,87.0,0.39951888,131.0,89.0,0.5508534,110.0,87.0,0.27733845,103.0,82.0,0.5683607,85.0,83.0,0.29285267,71.0,77.0,0.7071715,68.0,78.0,0.36183774,181.0,108.0,0.6241399,176.0,105.0,0.45192668,174.0,157.0,0.7126143,209.0,99.0,0.4484844,175.0,207.0,0.8758996,239.0,94.0,0.62056184
guy3_warrior123_flipped.jpg,154.0,98.0,0.53229415,159.0,94.0,0.50947416,156.0,93.0,0.48877865,155.0,86.0,0.40965363,147.0,84.0,0.41939667,146.0,85.0,0.5520529,126.0,84.0,0.58773506,164.0,83.0,0.16106862,149.0,82.0,0.49387106,179.0,79.0,0.39227244,179.0,78.0,0.50097054,87.0,106.0,0.44756237,77.0,105.0,0.64853424,61.0,103.0,0.30277854,42.0,99.0,0.20334013,79.0,206.0,0.42708713,15.0,94.0,0.4012354
guy3_warrior124.jpg,100.0,99.0,0.5096814,100.0,94.0,0.49484003,96.0,94.0,0.547323,111.0,85.0,0.5853219,102.0,87.0,0.4339967,130.0,89.0,0.47396773,110.0,88.0,0.28708196,99.0,82.0,0.5386424,80.0,86.0,0.34110972,72.0,77.0,0.58627284,47.0,81.0,0.49620503,180.0,109.0,0.5836252,177.0,105.0,0.44858336,173.0,157.0,0.7116035,209.0,99.0,0.44527137,175.0,206.0,0.8768481,240.0,96.0,0.5722778
guy3_warrior124_flipped.jpg,154.0,99.0,0.5415244,158.0,95.0,0.37994868,155.0,94.0,0.50826883,155.0,87.0,0.45150274,147.0,84.0,0.42454827,144.0,85.0,0.59925425,127.0,85.0,0.570837,167.0,86.0,0.16944513,150.0,83.0,0.45743415,181.0,78.0,0.35626718,180.0,77.0,0.47122565,87.0,106.0,0.5846978,76.0,104.0,0.64670104,60.0,104.0,0.23590456,39.0,98.0,0.21425313,79.0,206.0,0.48497432,14.0,95.0,0.4467884
guy3_warrior125.jpg,100.0,100.0,0.43850356,101.0,95.0,0.44609588,97.0,96.0,0.49274307,110.0,87.0,0.58632904,102.0,88.0,0.48711556,128.0,89.0,0.48776537,111.0,88.0,0.27762178,99.0,81.0,0.48563012,78.0,86.0,0.44811335,72.0,74.0,0.6373366,46.0,81.0,0.6519346,179.0,109.0,0.59639823,177.0,104.0,0.5305683,174.0,158.0,0.708035,209.0,99.0,0.455778,176.0,207.0,0.90847826,241.0,95.0,0.5623505
guy3_warrior125_flipped.jpg,154.0,99.0,0.44448128,159.0,95.0,0.5138464,156.0,94.0,0.53395414,155.0,88.0,0.33176687,148.0,85.0,0.51622385,145.0,87.0,0.4665744,127.0,87.0,0.5188247,167.0,87.0,0.24589875,151.0,82.0,0.5153266,181.0,79.0,0.2824938,182.0,77.0,0.47066665,86.0,106.0,0.61769,77.0,105.0,0.67217886,82.0,155.0,0.35460475,38.0,99.0,0.18521881,79.0,206.0,0.35614356,13.0,95.0,0.37537763
guy3_warrior126.jpg,99.0,100.0,0.45915353,100.0,96.0,0.43971634,96.0,97.0,0.5117632,109.0,87.0,0.5764682,101.0,89.0,0.5007231,129.0,88.0,0.4699751,111.0,91.0,0.37738585,99.0,81.0,0.5018867,78.0,88.0,0.4140367,72.0,72.0,0.56906533,46.0,82.0,0.74127847,180.0,109.0,0.5836343,177.0,106.0,0.51960117,174.0,158.0,0.71761703,211.0,100.0,0.41819394,175.0,208.0,0.85752517,242.0,96.0,0.5867028
guy3_warrior126_flipped.jpg,154.0,99.0,0.54286504,158.0,96.0,0.45427638,155.0,95.0,0.45501238,154.0,89.0,0.44889277,147.0,86.0,0.36981356,146.0,88.0,0.5804627,126.0,88.0,0.50016546,170.0,87.0,0.4097602,152.0,82.0,0.6374811,204.0,82.0,0.29982206,182.0,74.0,0.44147813,86.0,106.0,0.5279108,75.0,104.0,0.616573,82.0,156.0,0.5052387,38.0,99.0,0.20069478,80.0,206.0,0.4130275,13.0,94.0,0.33185178
guy3_warrior127.jpg,100.0,100.0,0.4744505,100.0,96.0,0.5032045,96.0,96.0,0.46200195,111.0,88.0,0.5607703,102.0,88.0,0.35162207,131.0,91.0,0.50901276,111.0,91.0,0.41007748,104.0,83.0,0.44869813,78.0,88.0,0.35704514,73.0,73.0,0.6996318,45.0,81.0,0.5639519,180.0,110.0,0.5612762,177.0,106.0,0.5273458,174.0,159.0,0.70151633,212.0,100.0,0.40476805,176.0,208.0,0.8453354,244.0,95.0,0.5021579
guy3_warrior127_flipped.jpg,156.0,98.0,0.5161528,160.0,95.0,0.5793635,157.0,94.0,0.5948185,155.0,89.0,0.39283884,148.0,86.0,0.52618456,145.0,89.0,0.64817595,126.0,88.0,0.5122489,172.0,88.0,0.43612605,152.0,83.0,0.52554816,207.0,83.0,0.51181173,181.0,72.0,0.32909468,86.0,106.0,0.5117712,77.0,105.0,0.6608561,82.0,157.0,0.47723353,38.0,99.0,0.17811806,79.0,207.0,0.3977284,13.0,92.0,0.3913392
guy3_warrior128.jpg,99.0,101.0,0.5981275,99.0,97.0,0.57302773,95.0,97.0,0.4839202,109.0,89.0,0.58485603,102.0,90.0,0.52395624,131.0,92.0,0.5335982,111.0,91.0,0.4250776,103.0,84.0,0.3122353,79.0,85.0,0.29361272,72.0,72.0,0.4919201,44.0,81.0,0.5119327,180.0,110.0,0.56928015,177.0,105.0,0.49056512,174.0,158.0,0.6955339,212.0,100.0,0.39862284,175.0,209.0,0.79781055,240.0,96.0,0.53201973
guy3_warrior128_flipped.jpg,155.0,101.0,0.5368068,159.0,97.0,0.54077077,156.0,96.0,0.4855705,154.0,90.0,0.4182917,148.0,87.0,0.39441678,144.0,89.0,0.59920764,122.0,90.0,0.6150112,171.0,87.0,0.43772402,151.0,84.0,0.5160235,204.0,82.0,0.3251864,182.0,72.0,0.26685035,84.0,106.0,0.58316565,78.0,108.0,0.5275773,54.0,104.0,0.34182987,82.0,159.0,0.40110046,15.0,94.0,0.31369263,79.0,208.0,0.3885622
guy3_warrior129.jpg,96.0,101.0,0.5826417,97.0,96.0,0.5789305,94.0,97.0,0.67038083,107.0,88.0,0.49148133,99.0,90.0,0.3702951,128.0,91.0,0.47929525,109.0,92.0,0.37163422,93.0,81.0,0.17547034,78.0,87.0,0.3952689,68.0,69.0,0.41237333,45.0,82.0,0.51706624,180.0,110.0,0.53622293,177.0,105.0,0.46306112,174.0,159.0,0.6703804,212.0,100.0,0.40854576,175.0,209.0,0.7888935,243.0,98.0,0.53745395
guy3_warrior129_flipped.jpg,155.0,101.0,0.4966229,159.0,97.0,0.53015614,156.0,97.0,0.5342331,153.0,91.0,0.2572626,148.0,89.0,0.42779922,140.0,90.0,0.44192982,124.0,90.0,0.41459602,170.0,88.0,0.37372625,151.0,84.0,0.5578376,207.0,83.0,0.40512016,186.0,70.0,0.35975155,84.0,107.0,0.43750796,78.0,108.0,0.43797305,54.0,103.0,0.29187372,36.0,98.0,0.14460365,80.0,208.0,0.3664384,12.0,95.0,0.3254968
guy3_warrior130.jpg,97.0,103.0,0.57121027,98.0,99.0,0.65286803,95.0,99.0,0.6136049,107.0,90.0,0.54030204,101.0,91.0,0.46341258,129.0,93.0,0.48769882,112.0,93.0,0.33196434,98.0,84.0,0.36198872,78.0,88.0,0.43724063,71.0,72.0,0.5723064,46.0,82.0,0.5392312,179.0,111.0,0.44906655,176.0,105.0,0.46606123,173.0,158.0,0.60513306,210.0,102.0,0.29744065,174.0,209.0,0.83619106,243.0,100.0,0.5310638
guy3_warrior130_flipped.jpg,156.0,103.0,0.48373368,159.0,100.0,0.5196839,157.0,99.0,0.5666971,154.0,92.0,0.3574163,149.0,90.0,0.32089278,141.0,91.0,0.5074819,125.0,93.0,0.5551852,168.0,88.0,0.2741154,152.0,86.0,0.48119318,187.0,71.0,0.22303556,187.0,71.0,0.3501481,85.0,109.0,0.5406078,81.0,111.0,0.50444436,53.0,104.0,0.3829454,83.0,160.0,0.32249102,80.0,209.0,0.34435248,80.0,210.0,0.36879992
guy3_warrior131.jpg,96.0,103.0,0.515697,96.0,98.0,0.5485612,93.0,99.0,0.5883654,107.0,91.0,0.6094065,99.0,91.0,0.34042162,128.0,95.0,0.4447366,111.0,93.0,0.28571138,97.0,85.0,0.24044628,78.0,89.0,0.35192057,68.0,70.0,0.5330663,44.0,83.0,0.5742977,178.0,111.0,0.39729097,176.0,105.0,0.44590226,174.0,159.0,0.5381576,211.0,103.0,0.36572528,174.0,209.0,0.8257301,241.0,101.0,0.4869251
guy3_warrior131_flipped.jpg,157.0,103.0,0.548287,160.0,100.0,0.5485581,158.0,99.0,0.5328411,155.0,93.0,0.4635593,151.0,91.0,0.39443588,143.0,92.0,0.5458212,128.0,92.0,0.552763,165.0,89.0,0.32161826,154.0,86.0,0.51558703,206.0,83.0,0.18412934,185.0,74.0,0.4419378,86.0,110.0,0.5225581,82.0,112.0,0.38307723,52.0,105.0,0.3571507,83.0,160.0,0.28072315,80.0,208.0,0.30551192,80.0,209.0,0.3821399
guy3_warrior132.jpg,96.0,104.0,0.53398824,97.0,100.0,0.5022379,94.0,101.0,0.5698154,107.0,92.0,0.60268235,100.0,92.0,0.4583156,128.0,94.0,0.36903352,112.0,95.0,0.40295985,98.0,85.0,0.36497772,79.0,90.0,0.44272587,68.0,71.0,0.6305442,45.0,85.0,0.5497361,179.0,113.0,0.47664785,177.0,107.0,0.4992131,173.0,160.0,0.491603,212.0,102.0,0.5192232,174.0,209.0,0.8275155,244.0,101.0,0.38001695
guy3_warrior132_flipped.jpg,159.0,103.0,0.50614274,162.0,100.0,0.51264834,160.0,98.0,0.5879823,156.0,94.0,0.41226757,151.0,91.0,0.35273114,143.0,93.0,0.58175755,131.0,93.0,0.43220225,167.0,89.0,0.35016152,156.0,87.0,0.43035838,206.0,83.0,0.26273915,188.0,73.0,0.34747303,85.0,111.0,0.42450547,82.0,113.0,0.5026581,51.0,106.0,0.3588128,84.0,160.0,0.24038324,81.0,208.0,0.4114516,15.0,98.0,0.27716514
guy3_warrior133.jpg,96.0,104.0,0.4655089,96.0,100.0,0.48679125,92.0,101.0,0.56162995,106.0,92.0,0.51222587,99.0,94.0,0.344574,128.0,95.0,0.43025732,109.0,94.0,0.44081596,102.0,89.0,0.2698784,77.0,90.0,0.37042937,68.0,71.0,0.6128808,45.0,85.0,0.6250169,179.0,114.0,0.5085256,176.0,109.0,0.51093316,172.0,161.0,0.69985485,212.0,103.0,0.5673413,174.0,210.0,0.8789917,242.0,101.0,0.49206233
guy3_warrior133_flipped.jpg,160.0,103.0,0.41439077,162.0,99.0,0.41390195,161.0,99.0,0.6349114,156.0,93.0,0.40970123,152.0,91.0,0.42861682,143.0,93.0,0.5659941,131.0,93.0,0.38276663,169.0,90.0,0.34144953,156.0,88.0,0.51458323,206.0,86.0,0.3222377,188.0,74.0,0.45799273,85.0,111.0,0.42526433,82.0,115.0,0.39787775,50.0,105.0,0.40657398,84.0,162.0,0.41135076,17.0,99.0,0.36998865,81.0,210.0,0.30855954
guy3_warrior134.jpg,95.0,105.0,0.58115196,95.0,100.0,0.55615747,92.0,101.0,0.6101867,105.0,93.0,0.63136876,99.0,95.0,0.52090764,129.0,96.0,0.57591116,107.0,99.0,0.5425383,99.0,88.0,0.42172915,74.0,92.0,0.3777673,67.0,72.0,0.67556894,42.0,87.0,0.7014984,179.0,114.0,0.6203065,174.0,111.0,0.4152151,172.0,161.0,0.6698234,209.0,106.0,0.43934557,173.0,212.0,0.8898806,241.0,101.0,0.51982135
guy3_warrior134_flipped.jpg,161.0,102.0,0.4371601,164.0,99.0,0.46437362,162.0,99.0,0.5707557,157.0,94.0,0.43987286,154.0,92.0,0.4702863,147.0,94.0,0.5538746,132.0,93.0,0.4571726,175.0,93.0,0.38870835,156.0,89.0,0.43257865,210.0,87.0,0.4326682,188.0,74.0,0.56762576,85.0,109.0,0.56384456,83.0,115.0,0.41386136,49.0,105.0,0.559439,84.0,162.0,0.45238838,17.0,99.0,0.42349547,81.0,210.0,0.4671555
guy3_warrior135.jpg,95.0,107.0,0.5829303,95.0,102.0,0.5811672,92.0,103.0,0.60666513,105.0,94.0,0.6941702,98.0,96.0,0.52495575,129.0,97.0,0.55751187,107.0,100.0,0.43903074,100.0,88.0,0.55706525,74.0,94.0,0.45677713,67.0,73.0,0.6109586,42.0,88.0,0.53754675,178.0,116.0,0.61552286,173.0,112.0,0.48275927,171.0,162.0,0.6902556,207.0,107.0,0.5321574,172.0,212.0,0.8863701,242.0,104.0,0.5471117
guy3_warrior135_flipped.jpg,161.0,104.0,0.6133261,164.0,101.0,0.6002673,162.0,100.0,0.6186975,156.0,95.0,0.486067,153.0,93.0,0.55177724,148.0,96.0,0.5171801,132.0,94.0,0.51114607,175.0,93.0,0.42264172,156.0,89.0,0.6514542,209.0,88.0,0.4490103,188.0,75.0,0.71785057,85.0,111.0,0.4303729,82.0,116.0,0.4602439,45.0,105.0,0.4428164,85.0,162.0,0.3725954,81.0,210.0,0.35818014,82.0,211.0,0.37128583
guy3_warrior136.jpg,95.0,108.0,0.5719442,95.0,103.0,0.5943776,92.0,104.0,0.6297034,106.0,95.0,0.7411107,99.0,97.0,0.626878,128.0,98.0,0.6256065,108.0,100.0,0.46265808,96.0,88.0,0.48955965,76.0,95.0,0.44757783,65.0,73.0,0.83337575,43.0,88.0,0.6570189,178.0,118.0,0.52254605,174.0,113.0,0.58397806,171.0,164.0,0.6670903,208.0,106.0,0.5317533,172.0,213.0,0.8497859,241.0,103.0,0.58637655
guy3_warrior136_flipped.jpg,160.0,105.0,0.60669696,163.0,102.0,0.58716106,161.0,101.0,0.54836047,155.0,95.0,0.35964096,152.0,95.0,0.41705284,148.0,97.0,0.63098645,131.0,95.0,0.46155024,175.0,94.0,0.40833092,157.0,90.0,0.45406014,209.0,88.0,0.43408343,190.0,75.0,0.6532211,88.0,112.0,0.45594934,83.0,116.0,0.45846888,46.0,107.0,0.39061219,85.0,163.0,0.31828532,15.0,102.0,0.37945542,82.0,211.0,0.41737592
guy3_warrior137.jpg,94.0,109.0,0.6195615,93.0,105.0,0.5624229,91.0,106.0,0.670383,103.0,98.0,0.525696,97.0,99.0,0.3716107,123.0,99.0,0.46371958,107.0,103.0,0.46041453,94.0,89.0,0.4528192,75.0,96.0,0.39037773,66.0,75.0,0.7032384,44.0,89.0,0.5343411,175.0,118.0,0.46619707,173.0,112.0,0.38012227,170.0,164.0,0.5420792,207.0,107.0,0.4586564,172.0,214.0,0.77155185,241.0,105.0,0.53945935
guy3_warrior137_flipped.jpg,162.0,107.0,0.653698,164.0,104.0,0.53266144,163.0,104.0,0.520401,158.0,97.0,0.5385158,155.0,96.0,0.51523584,147.0,99.0,0.508793,136.0,96.0,0.52094746,172.0,92.0,0.35306236,156.0,91.0,0.48168784,202.0,86.0,0.12382292,190.0,76.0,0.6732217,88.0,112.0,0.47414953,82.0,116.0,0.50512433,52.0,109.0,0.32918668,86.0,163.0,0.24283487,83.0,212.0,0.35490546,15.0,102.0,0.32525128
guy3_warrior138.jpg,93.0,111.0,0.59245116,93.0,106.0,0.63573134,90.0,108.0,0.5757487,101.0,98.0,0.6519158,96.0,101.0,0.5048418,119.0,99.0,0.46995333,107.0,105.0,0.4980901,89.0,88.0,0.36530244,74.0,96.0,0.36551693,64.0,74.0,0.55482054,44.0,89.0,0.5006511,173.0,117.0,0.5633465,172.0,114.0,0.5349165,169.0,166.0,0.6895573,207.0,108.0,0.50554085,171.0,214.0,0.7955714,240.0,106.0,0.63851446
guy3_warrior138_flipped.jpg,160.0,109.0,0.6566773,164.0,105.0,0.6425475,162.0,105.0,0.6546304,158.0,98.0,0.5559517,155.0,96.0,0.54862106,149.0,99.0,0.6915147,137.0,96.0,0.51344377,177.0,94.0,0.5160271,161.0,91.0,0.33034757,208.0,91.0,0.4133038,192.0,76.0,0.5140052,89.0,112.0,0.51317275,83.0,117.0,0.568724,51.0,110.0,0.41535056,87.0,165.0,0.42066103,18.0,104.0,0.26740927,83.0,213.0,0.40770084
guy3_warrior139.jpg,93.0,111.0,0.46503097,93.0,108.0,0.5017513,90.0,108.0,0.59807247,102.0,99.0,0.4574269,96.0,102.0,0.44138974,119.0,101.0,0.5727563,104.0,108.0,0.6016483,87.0,88.0,0.3470707,72.0,97.0,0.40070292,61.0,74.0,0.61233705,43.0,91.0,0.49992537,173.0,118.0,0.6534692,171.0,115.0,0.4319516,169.0,166.0,0.63609517,206.0,111.0,0.47985938,170.0,214.0,0.7980394,239.0,107.0,0.6263218
guy3_warrior139_flipped.jpg,160.0,110.0,0.6150533,164.0,107.0,0.7163233,162.0,106.0,0.63512754,159.0,98.0,0.550477,155.0,97.0,0.5808512,150.0,100.0,0.5565467,137.0,97.0,0.6121595,178.0,97.0,0.47525927,171.0,89.0,0.37179574,210.0,92.0,0.45606327,190.0,77.0,0.7374768,89.0,113.0,0.5688387,84.0,118.0,0.5883592,50.0,111.0,0.44105053,87.0,166.0,0.5749054,16.0,105.0,0.40251556,84.0,214.0,0.5200454
guy3_warrior140.jpg,94.0,113.0,0.52491975,93.0,109.0,0.43963403,90.0,111.0,0.6346195,100.0,101.0,0.6032038,94.0,105.0,0.46839267,117.0,102.0,0.5552936,104.0,106.0,0.4873971,85.0,90.0,0.19287059,72.0,97.0,0.35541362,62.0,75.0,0.45211712,43.0,92.0,0.59382105,171.0,120.0,0.54391545,170.0,116.0,0.42227277,168.0,167.0,0.46505937,206.0,112.0,0.40076482,169.0,215.0,0.68156695,239.0,108.0,0.43662685
guy3_warrior140_flipped.jpg,161.0,111.0,0.54334414,165.0,107.0,0.54681885,163.0,107.0,0.5694598,159.0,99.0,0.41219574,156.0,97.0,0.3639765,149.0,99.0,0.5771214,136.0,98.0,0.45301118,176.0,95.0,0.48666865,166.0,91.0,0.28406224,208.0,92.0,0.37321728,193.0,77.0,0.5917121,88.0,113.0,0.56532586,85.0,119.0,0.43698445,52.0,113.0,0.47124285,88.0,167.0,0.6464809,20.0,106.0,0.35404763,84.0,214.0,0.63272715
guy3_warrior141.jpg,94.0,114.0,0.5827816,93.0,110.0,0.6058087,90.0,111.0,0.6142007,99.0,101.0,0.55576015,94.0,104.0,0.48797378,115.0,102.0,0.50515413,101.0,109.0,0.48141533,90.0,93.0,0.27024508,72.0,115.0,0.40367252,66.0,80.0,0.6959386,45.0,125.0,0.66454697,170.0,121.0,0.527866,168.0,117.0,0.47868422,167.0,168.0,0.40646958,207.0,111.0,0.50106645,168.0,217.0,0.7068918,238.0,110.0,0.4319391
guy3_warrior141_flipped.jpg,161.0,112.0,0.42484528,164.0,109.0,0.65762526,163.0,107.0,0.36075658,160.0,102.0,0.4547847,157.0,98.0,0.343608,153.0,107.0,0.5756875,138.0,98.0,0.48712093,179.0,115.0,0.56092274,161.0,97.0,0.35834813,212.0,125.0,0.5795581,189.0,82.0,0.7548183,90.0,115.0,0.5337941,86.0,120.0,0.5706515,54.0,114.0,0.48310205,89.0,168.0,0.56493425,22.0,108.0,0.38036126,85.0,216.0,0.6678403
guy3_warrior142.jpg,93.0,115.0,0.5394052,92.0,111.0,0.5331028,90.0,111.0,0.5668947,98.0,102.0,0.6358651,93.0,105.0,0.5215126,115.0,102.0,0.53657955,103.0,110.0,0.48405582,87.0,94.0,0.26952106,72.0,116.0,0.41883573,62.0,80.0,0.6105943,45.0,125.0,0.7010041,169.0,123.0,0.3966688,168.0,119.0,0.44059455,166.0,169.0,0.5387035,206.0,113.0,0.43379626,167.0,217.0,0.6711979,237.0,111.0,0.4323866
guy3_warrior142_flipped.jpg,161.0,113.0,0.50753677,165.0,110.0,0.63893306,163.0,108.0,0.33822203,160.0,103.0,0.47448614,156.0,99.0,0.40705326,154.0,107.0,0.5754613,138.0,99.0,0.52856994,180.0,116.0,0.5509302,164.0,97.0,0.41769883,212.0,125.0,0.5745201,189.0,82.0,0.6110533,91.0,117.0,0.5761529,85.0,120.0,0.53638315,71.0,119.0,0.24588887,89.0,168.0,0.47635213,20.0,109.0,0.3451181,85.0,216.0,0.77838576
guy3_warrior143.jpg,93.0,113.0,0.52003586,92.0,109.0,0.47189614,89.0,111.0,0.5881648,98.0,100.0,0.48998782,94.0,104.0,0.42051923,114.0,103.0,0.43063042,104.0,106.0,0.45747954,85.0,94.0,0.23993729,73.0,100.0,0.3182962,60.0,82.0,0.6779583,46.0,95.0,0.34490627,169.0,125.0,0.56170315,168.0,119.0,0.47062144,164.0,170.0,0.6295248,205.0,114.0,0.4008608,167.0,218.0,0.7081238,236.0,114.0,0.35962766
guy3_warrior143_flipped.jpg,161.0,112.0,0.55963314,165.0,108.0,0.59652954,163.0,108.0,0.43686455,161.0,100.0,0.46921012,158.0,99.0,0.4860023,149.0,101.0,0.6350974,138.0,101.0,0.5864136,174.0,98.0,0.47335494,166.0,97.0,0.46531883,191.0,87.0,0.36793458,191.0,86.0,0.7027931,89.0,114.0,0.5810347,88.0,122.0,0.51239926,61.0,116.0,0.3659624,90.0,169.0,0.60774475,22.0,111.0,0.42843807,86.0,217.0,0.8456551
guy3_warrior144.jpg,91.0,112.0,0.49072224,90.0,107.0,0.51314485,88.0,107.0,0.4937552,100.0,99.0,0.5471668,93.0,102.0,0.41878772,115.0,103.0,0.47447994,103.0,106.0,0.45934618,78.0,96.0,0.3939976,74.0,100.0,0.32591262,56.0,82.0,0.65386564,48.0,92.0,0.40783155,169.0,126.0,0.49446574,170.0,119.0,0.46561164,163.0,171.0,0.61259973,204.0,117.0,0.486666,167.0,218.0,0.69959015,236.0,115.0,0.3083447
guy3_warrior144_flipped.jpg,163.0,112.0,0.52843416,167.0,108.0,0.48548427,165.0,107.0,0.5201418,162.0,100.0,0.4215773,159.0,100.0,0.54716897,149.0,104.0,0.60238093,138.0,101.0,0.6173911,174.0,98.0,0.5078409,166.0,96.0,0.430703,196.0,88.0,0.33673742,197.0,86.0,0.61216706,91.0,118.0,0.6053719,87.0,122.0,0.61193347,69.0,122.0,0.1753731,91.0,169.0,0.41517276,20.0,112.0,0.3063841,87.0,217.0,0.5393131
guy3_warrior145.jpg,92.0,112.0,0.4266529,91.0,107.0,0.39931145,88.0,109.0,0.5089817,98.0,100.0,0.47988266,96.0,103.0,0.39518788,113.0,102.0,0.35086966,105.0,103.0,0.35969523,77.0,94.0,0.24882819,75.0,97.0,0.30103865,56.0,84.0,0.47838926,50.0,90.0,0.3686844,168.0,127.0,0.5407628,168.0,120.0,0.5194334,162.0,172.0,0.6154282,204.0,121.0,0.41608164,166.0,219.0,0.69627744,237.0,117.0,0.42053384
guy3_warrior145_flipped.jpg,164.0,111.0,0.5644047,167.0,107.0,0.61324614,166.0,107.0,0.58776486,161.0,99.0,0.532912,159.0,98.0,0.58758736,148.0,101.0,0.7060112,136.0,100.0,0.6333357,174.0,97.0,0.4195745,165.0,97.0,0.3901188,194.0,89.0,0.42814904,194.0,87.0,0.43414855,90.0,120.0,0.6001751,88.0,125.0,0.62267715,54.0,121.0,0.6054798,92.0,171.0,0.6280975,21.0,117.0,0.4796568,88.0,218.0,0.6770883
guy3_warrior146.jpg,91.0,109.0,0.55511725,91.0,105.0,0.5119145,89.0,106.0,0.5330368,99.0,98.0,0.61140376,95.0,100.0,0.32980147,113.0,103.0,0.44247907,103.0,103.0,0.41471773,73.0,92.0,0.3329472,71.0,95.0,0.34508973,54.0,82.0,0.36535728,46.0,88.0,0.43416455,166.0,127.0,0.61776143,166.0,121.0,0.50914216,162.0,173.0,0.5323908,201.0,124.0,0.32372737,165.0,220.0,0.63017315,235.0,122.0,0.43807226
guy3_warrior146_flipped.jpg,164.0,109.0,0.60170853,167.0,106.0,0.591014,165.0,105.0,0.65258294,161.0,98.0,0.5637065,158.0,98.0,0.609537,148.0,103.0,0.49883643,136.0,99.0,0.64133286,178.0,95.0,0.56995416,177.0,93.0,0.38678965,201.0,87.0,0.37526104,202.0,85.0,0.4060299,91.0,122.0,0.72964895,88.0,125.0,0.46742222,54.0,125.0,0.584612,93.0,173.0,0.58783066,19.0,120.0,0.5166279,89.0,219.0,0.779008
guy3_warrior147.jpg,91.0,108.0,0.5020633,90.0,104.0,0.468971,87.0,105.0,0.5869312,99.0,96.0,0.521304,94.0,99.0,0.3970537,114.0,101.0,0.43924585,104.0,102.0,0.42523968,76.0,92.0,0.45342934,73.0,92.0,0.30063576,53.0,81.0,0.5868262,50.0,84.0,0.3664497,165.0,127.0,0.6039083,165.0,121.0,0.519107,161.0,173.0,0.7327135,200.0,129.0,0.31965235,164.0,221.0,0.69142795,236.0,127.0,0.37255237
guy3_warrior147_flipped.jpg,164.0,109.0,0.55706,166.0,106.0,0.59436744,164.0,106.0,0.62433696,160.0,99.0,0.5764233,159.0,98.0,0.5975678,148.0,104.0,0.5666827,137.0,98.0,0.5500916,176.0,93.0,0.58546937,175.0,91.0,0.46286285,202.0,85.0,0.43247938,205.0,84.0,0.5379355,92.0,126.0,0.67882025,89.0,127.0,0.6537427,54.0,129.0,0.75928235,94.0,174.0,0.6091603,20.0,128.0,0.54953516,90.0,220.0,0.7931414
guy3_warrior148.jpg,90.0,108.0,0.4904528,90.0,104.0,0.5576274,87.0,105.0,0.44444558,100.0,97.0,0.52035284,95.0,100.0,0.33639985,116.0,102.0,0.46668813,104.0,102.0,0.34590492,84.0,90.0,0.37664676,77.0,91.0,0.39359012,54.0,79.0,0.5149661,51.0,80.0,0.5205376,165.0,127.0,0.6279433,162.0,123.0,0.49085575,161.0,174.0,0.747869,200.0,132.0,0.25721115,163.0,221.0,0.7585428,236.0,132.0,0.42074
guy3_warrior148_flipped.jpg,165.0,107.0,0.49152565,167.0,104.0,0.40964004,166.0,104.0,0.5450715,161.0,97.0,0.623166,159.0,96.0,0.55173635,148.0,104.0,0.614372,135.0,98.0,0.639216,176.0,93.0,0.54945624,173.0,91.0,0.5391649,202.0,83.0,0.41554713,204.0,81.0,0.44075713,93.0,127.0,0.62861377,88.0,128.0,0.55382925,55.0,131.0,0.67665625,95.0,175.0,0.66779613,20.0,132.0,0.66565096,90.0,221.0,0.9127794
guy3_warrior149.jpg,91.0,106.0,0.559705,91.0,101.0,0.56531966,87.0,102.0,0.63184714,99.0,94.0,0.57803667,94.0,97.0,0.2442445,116.0,99.0,0.5221532,105.0,99.0,0.29256472,86.0,88.0,0.3724798,77.0,89.0,0.35114717,55.0,76.0,0.4476813,53.0,79.0,0.49530303,165.0,129.0,0.55868024,163.0,124.0,0.5481019,160.0,175.0,0.75134265,199.0,135.0,0.40942305,163.0,222.0,0.81397986,238.0,140.0,0.21623881
guy3_warrior149_flipped.jpg,166.0,104.0,0.6239613,168.0,101.0,0.6365266,166.0,100.0,0.61357594,161.0,94.0,0.6960226,158.0,93.0,0.6642008,151.0,101.0,0.60177517,134.0,96.0,0.809703,173.0,91.0,0.5827295,165.0,88.0,0.59034735,202.0,81.0,0.35872075,199.0,78.0,0.6073384,91.0,129.0,0.7152027,87.0,129.0,0.6890248,57.0,137.0,0.64017284,96.0,176.0,0.5268459,20.0,137.0,0.55608165,92.0,221.0,0.8901264
guy3_warrior150.jpg,91.0,103.0,0.5620291,92.0,98.0,0.55270916,87.0,100.0,0.55571175,103.0,93.0,0.45674554,95.0,96.0,0.31421086,118.0,98.0,0.44965687,104.0,100.0,0.29291475,89.0,84.0,0.2755621,78.0,89.0,0.46759123,58.0,73.0,0.38685948,52.0,76.0,0.40535405,162.0,129.0,0.55840963,159.0,126.0,0.58389544,159.0,175.0,0.79342103,197.0,139.0,0.47639596,162.0,222.0,0.8438492,236.0,143.0,0.3791936
guy3_warrior150_flipped.jpg,163.0,105.0,0.5953859,165.0,102.0,0.7548152,164.0,101.0,0.62845194,158.0,94.0,0.7152382,157.0,93.0,0.692587,149.0,98.0,0.80535924,134.0,94.0,0.79371417,175.0,89.0,0.44098178,169.0,84.0,0.62927234,201.0,78.0,0.47687167,199.0,74.0,0.6210809,92.0,130.0,0.68943834,88.0,130.0,0.85276574,56.0,139.0,0.7179456,96.0,177.0,0.8096824,19.0,143.0,0.827065,93.0,221.0,0.8785505
